{
  "AssetClass": "Blueprint",
  "AssetPackage": "/Game/Art/Environments/SpaceRig/Newsstand/BP_Phys_Newsstand",
  "AssetName": "BP_Phys_Newsstand",
  "AssetSerializedData": {
    "SkipDependecies": false,
    "SuperStruct": 0,
    "Children": [
      {
        "FieldKind": "Function",
        "ObjectClass": "Function",
        "ObjectName": "ExecuteUbergraph_BP_Phys_Newsstand",
        "SuperStruct": -1,
        "Children": [],
        "ChildProperties": [
          {
            "FieldKind": "Property",
            "ObjectClass": "IntProperty",
            "ObjectName": "EntryPoint",
            "ArrayDim": 1,
            "PropertyFlags": "148",
            "RepNotifyFunc": "None",
            "BlueprintReplicationCondition": 0
          }
        ],
        "Script": [
          {
            "Inst": "ComputedJump",
            "OffsetExpression": {
              "Inst": "LocalVariable",
              "VariableType": {
                "PinCategory": "int",
                "PinSubCategory": "int"
              },
              "VariableName": "EntryPoint"
            },
            "StatementIndex": 0
          },
          {
            "Inst": "Return",
            "Expression": {
              "Inst": "Nothing"
            },
            "StatementIndex": 10
          },
          {
            "Inst": "EndOfScript",
            "StatementIndex": 12
          }
        ],
        "FunctionFlags": "32769"
      }
    ],
    "ChildProperties": [
      {
        "FieldKind": "Property",
        "ObjectClass": "StructProperty",
        "ObjectName": "UberGraphFrame",
        "ArrayDim": 1,
        "PropertyFlags": "2105344",
        "RepNotifyFunc": "None",
        "BlueprintReplicationCondition": 0,
        "Struct": 23
      }
    ],
    "ClassFlags": "8652820",
    "ClassWithin": 5,
    "ClassConfigName": "Engine",
    "Interfaces": [],
    "ClassDefaultObject": 29,
    "AssetObjectData": {
      "SimpleConstructionScript": 34,
      "InheritableComponentHandler": 31,
      "$ReferencedObjects": [
        34,
        31
      ]
    },
    "GeneratedVariableNames": []
  },
  "ObjectHierarchy": [
    {
      "ObjectIndex": 0,
      "Type": "Import",
      "ClassPackage": "/Script/Engine",
      "ClassName": "BlueprintGeneratedClass",
      "Outer": 17,
      "ObjectName": "BP_Kickable_Base_C"
    },
    {
      "ObjectIndex": 1,
      "Type": "Import",
      "ClassPackage": "/Script/Engine",
      "ClassName": "BlueprintGeneratedClass",
      "Outer": 20,
      "ObjectName": "Default__BlueprintGeneratedClass"
    },
    {
      "ObjectIndex": 2,
      "Type": "Import",
      "ClassPackage": "/Game/Art/Environments/SpaceRig/BP_Kickable_Base",
      "ClassName": "BP_Kickable_Base_C",
      "Outer": 17,
      "ObjectName": "Default__BP_Kickable_Base_C"
    },
    {
      "ObjectIndex": 3,
      "Type": "Import",
      "ClassPackage": "/Script/Engine",
      "ClassName": "CapsuleComponent",
      "Outer": 0,
      "ObjectName": "Capsule_GEN_VARIABLE"
    },
    {
      "ObjectIndex": 4,
      "Type": "Import",
      "ClassPackage": "/Script/CoreUObject",
      "ClassName": "Class",
      "Outer": 19,
      "ObjectName": "Function"
    },
    {
      "ObjectIndex": 5,
      "Type": "Import",
      "ClassPackage": "/Script/CoreUObject",
      "ClassName": "Class",
      "Outer": 19,
      "ObjectName": "Object"
    },
    {
      "ObjectIndex": 6,
      "Type": "Import",
      "ClassPackage": "/Script/CoreUObject",
      "ClassName": "Class",
      "Outer": 20,
      "ObjectName": "BlueprintGeneratedClass"
    },
    {
      "ObjectIndex": 7,
      "Type": "Import",
      "ClassPackage": "/Script/CoreUObject",
      "ClassName": "Class",
      "Outer": 20,
      "ObjectName": "CapsuleComponent"
    },
    {
      "ObjectIndex": 8,
      "Type": "Import",
      "ClassPackage": "/Script/CoreUObject",
      "ClassName": "Class",
      "Outer": 20,
      "ObjectName": "InheritableComponentHandler"
    },
    {
      "ObjectIndex": 9,
      "Type": "Import",
      "ClassPackage": "/Script/CoreUObject",
      "ClassName": "Class",
      "Outer": 20,
      "ObjectName": "SceneComponent"
    },
    {
      "ObjectIndex": 10,
      "Type": "Import",
      "ClassPackage": "/Script/CoreUObject",
      "ClassName": "Class",
      "Outer": 20,
      "ObjectName": "SCS_Node"
    },
    {
      "ObjectIndex": 11,
      "Type": "Import",
      "ClassPackage": "/Script/CoreUObject",
      "ClassName": "Class",
      "Outer": 20,
      "ObjectName": "SimpleConstructionScript"
    },
    {
      "ObjectIndex": 12,
      "Type": "Import",
      "ClassPackage": "/Script/CoreUObject",
      "ClassName": "Class",
      "Outer": 20,
      "ObjectName": "StaticMeshComponent"
    },
    {
      "ObjectIndex": 13,
      "Type": "Import",
      "ClassPackage": "/Script/CoreUObject",
      "ClassName": "Function",
      "Outer": 19,
      "ObjectName": "Default__Function"
    },
    {
      "ObjectIndex": 14,
      "Type": "Import",
      "ClassPackage": "/Script/FSD",
      "ClassName": "GravityChangedComponent",
      "Outer": 0,
      "ObjectName": "GravityChanged_GEN_VARIABLE"
    },
    {
      "ObjectIndex": 15,
      "Type": "Import",
      "ClassPackage": "/Script/Engine",
      "ClassName": "InheritableComponentHandler",
      "Outer": 20,
      "ObjectName": "Default__InheritableComponentHandler"
    },
    {
      "ObjectIndex": 16,
      "Type": "Import",
      "ClassPackage": "/Script/FSD",
      "ClassName": "InstantUsable",
      "Outer": 0,
      "ObjectName": "InstantUsable_GEN_VARIABLE"
    },
    {
      "ObjectIndex": 17,
      "Type": "Import",
      "ClassPackage": "/Script/CoreUObject",
      "ClassName": "Package",
      "ObjectName": "/Game/Art/Environments/SpaceRig/BP_Kickable_Base"
    },
    {
      "ObjectIndex": 18,
      "Type": "Import",
      "ClassPackage": "/Script/CoreUObject",
      "ClassName": "Package",
      "ObjectName": "/Game/Art/Environments/SpaceRig/Newsstand/SM_NewsStand"
    },
    {
      "ObjectIndex": 19,
      "Type": "Import",
      "ClassPackage": "/Script/CoreUObject",
      "ClassName": "Package",
      "ObjectName": "/Script/CoreUObject"
    },
    {
      "ObjectIndex": 20,
      "Type": "Import",
      "ClassPackage": "/Script/CoreUObject",
      "ClassName": "Package",
      "ObjectName": "/Script/Engine"
    },
    {
      "ObjectIndex": 21,
      "Type": "Import",
      "ClassPackage": "/Script/Engine",
      "ClassName": "SceneComponent",
      "Outer": 0,
      "ObjectName": "DefaultSceneRoot_GEN_VARIABLE"
    },
    {
      "ObjectIndex": 22,
      "Type": "Import",
      "ClassPackage": "/Script/Engine",
      "ClassName": "SceneComponent",
      "Outer": 20,
      "ObjectName": "Default__SceneComponent"
    },
    {
      "ObjectIndex": 23,
      "Type": "Import",
      "ClassPackage": "/Script/CoreUObject",
      "ClassName": "ScriptStruct",
      "Outer": 20,
      "ObjectName": "PointerToUberGraphFrame"
    },
    {
      "ObjectIndex": 24,
      "Type": "Import",
      "ClassPackage": "/Script/Engine",
      "ClassName": "SCS_Node",
      "Outer": 20,
      "ObjectName": "Default__SCS_Node"
    },
    {
      "ObjectIndex": 25,
      "Type": "Import",
      "ClassPackage": "/Script/Engine",
      "ClassName": "SimpleConstructionScript",
      "Outer": 20,
      "ObjectName": "Default__SimpleConstructionScript"
    },
    {
      "ObjectIndex": 26,
      "Type": "Import",
      "ClassPackage": "/Script/Engine",
      "ClassName": "StaticMesh",
      "Outer": 18,
      "ObjectName": "SM_NewsStand"
    },
    {
      "ObjectIndex": 27,
      "Type": "Import",
      "ClassPackage": "/Script/Engine",
      "ClassName": "StaticMeshComponent",
      "Outer": 0,
      "ObjectName": "Kickable Mesh_GEN_VARIABLE"
    },
    {
      "ObjectIndex": 28,
      "Type": "Export",
      "ObjectMark": "$AssetObject$"
    },
    {
      "ObjectIndex": 29,
      "Type": "Export",
      "ObjectClass": 28,
      "Outer": -1,
      "ObjectName": "Default__BP_Phys_Newsstand_C",
      "ObjectFlags": 49,
      "Properties": {
        "UberGraphFrame": {},
        "RemoteRole": "ROLE_SimulatedProxy",
        "MinNetUpdateFrequency": 2.0,
        "$ReferencedObjects": []
      }
    },
    {
      "ObjectIndex": 30,
      "Type": "Export",
      "ObjectClass": 7,
      "Outer": 28,
      "ObjectName": "Capsule_GEN_VARIABLE",
      "ObjectFlags": 4194345,
      "Properties": {
        "CapsuleHalfHeight": 89.12443,
        "CapsuleRadius": 69.05015,
        "BodyInstance": {
          "CollisionResponses": {
            "ResponseArray": [
              {
                "Channel": "WorldStatic",
                "Response": "ECR_Ignore"
              },
              {
                "Channel": "WorldDynamic",
                "Response": "ECR_Ignore"
              },
              {
                "Channel": "Pawn",
                "Response": "ECR_Ignore"
              },
              {
                "Channel": "Camera",
                "Response": "ECR_Ignore"
              },
              {
                "Channel": "PhysicsBody",
                "Response": "ECR_Ignore"
              },
              {
                "Channel": "Vehicle",
                "Response": "ECR_Ignore"
              },
              {
                "Channel": "Destructible",
                "Response": "ECR_Ignore"
              },
              {
                "Channel": "Projectile",
                "Response": "ECR_Ignore"
              },
              {
                "Channel": "Useable",
                "Response": "ECR_Block"
              },
              {
                "Channel": "HitScan",
                "Response": "ECR_Ignore"
              },
              {
                "Channel": "AIPawn",
                "Response": "ECR_Ignore"
              },
              {
                "Channel": "Usable",
                "Response": "ECR_Overlap"
              },
              {
                "Channel": "PenetratingHitScan",
                "Response": "ECR_Ignore"
              },
              {
                "Channel": "RadialCheck",
                "Response": "ECR_Ignore"
              },
              {
                "Channel": "LaserPointer",
                "Response": "ECR_Ignore"
              }
            ]
          }
        },
        "RelativeLocation": {
          "X": 0.0,
          "Y": 0.0,
          "Z": 50.0
        },
        "$ReferencedObjects": []
      }
    },
    {
      "ObjectIndex": 31,
      "Type": "Export",
      "ObjectClass": 8,
      "Outer": 28,
      "ObjectName": "InheritableComponentHandler",
      "ObjectFlags": 0,
      "Properties": {
        "Records": [
          {
            "ComponentClass": 7,
            "ComponentTemplate": 30,
            "ComponentKey": {
              "OwnerClass": 0,
              "SCSVariableName": "Capsule",
              "AssociatedGuid": {
                "A": -83856919,
                "B": 1213563833,
                "C": -1035663468,
                "D": 990311273
              }
            }
          },
          {
            "ComponentClass": 12,
            "ComponentTemplate": 35,
            "ComponentKey": {
              "OwnerClass": 0,
              "SCSVariableName": "Kickable Mesh",
              "AssociatedGuid": {
                "A": 112734723,
                "B": 1163428969,
                "C": 1250951852,
                "D": -1557203896
              }
            }
          }
        ],
        "$ReferencedObjects": [
          7,
          30,
          0,
          12,
          35
        ]
      }
    },
    {
      "ObjectIndex": 32,
      "Type": "Export",
      "ObjectClass": 9,
      "Outer": 28,
      "ObjectName": "DefaultSceneRoot_GEN_VARIABLE",
      "ObjectFlags": 41,
      "Properties": {
        "$ReferencedObjects": []
      }
    },
    {
      "ObjectIndex": 33,
      "Type": "Export",
      "ObjectClass": 10,
      "Outer": 34,
      "ObjectName": "SCS_Node_0",
      "ObjectFlags": 8,
      "Properties": {
        "ComponentClass": 9,
        "ComponentTemplate": 32,
        "VariableGuid": {
          "A": -946419294,
          "B": 1253898025,
          "C": -655722346,
          "D": 641879515
        },
        "InternalVariableName": "DefaultSceneRoot",
        "$ReferencedObjects": [
          9,
          32
        ]
      }
    },
    {
      "ObjectIndex": 34,
      "Type": "Export",
      "ObjectClass": 11,
      "Outer": 28,
      "ObjectName": "SimpleConstructionScript_0",
      "ObjectFlags": 8,
      "Properties": {
        "DefaultSceneRootNode": 33,
        "$ReferencedObjects": [
          33
        ]
      }
    },
    {
      "ObjectIndex": 35,
      "Type": "Export",
      "ObjectClass": 12,
      "Outer": 28,
      "ObjectName": "Kickable Mesh_GEN_VARIABLE",
      "ObjectFlags": 4194345,
      "Properties": {
        "StaticMesh": 26,
        "$ReferencedObjects": [
          26
        ]
      }
    }
  ]
}