{
  "AssetClass": "Blueprint",
  "AssetPackage": "/Game/Art/Environments/SpaceRig/Newsstand/BP_Phys_Newsstand_FreeBeer",
  "AssetName": "BP_Phys_Newsstand_FreeBeer",
  "AssetSerializedData": {
    "SkipDependecies": false,
    "SuperStruct": 1,
    "Children": [],
    "ChildProperties": [],
    "ClassFlags": "8652820",
    "ClassWithin": 7,
    "ClassConfigName": "Engine",
    "Interfaces": [],
    "ClassDefaultObject": 31,
    "AssetObjectData": {
      "SimpleConstructionScript": 35,
      "InheritableComponentHandler": 32,
      "$ReferencedObjects": [
        35,
        32
      ]
    },
    "GeneratedVariableNames": []
  },
  "ObjectHierarchy": [
    {
      "ObjectIndex": 0,
      "Type": "Import",
      "ClassPackage": "/Script/Engine",
      "ClassName": "BlueprintGeneratedClass",
      "Outer": 18,
      "ObjectName": "BP_Kickable_Base_C"
    },
    {
      "ObjectIndex": 1,
      "Type": "Import",
      "ClassPackage": "/Script/Engine",
      "ClassName": "BlueprintGeneratedClass",
      "Outer": 19,
      "ObjectName": "BP_Phys_Newsstand_C"
    },
    {
      "ObjectIndex": 2,
      "Type": "Import",
      "ClassPackage": "/Script/Engine",
      "ClassName": "BlueprintGeneratedClass",
      "Outer": 22,
      "ObjectName": "Default__BlueprintGeneratedClass"
    },
    {
      "ObjectIndex": 3,
      "Type": "Import",
      "ClassPackage": "/Game/Art/Environments/SpaceRig/BP_Kickable_Base",
      "ClassName": "BP_Kickable_Base_C",
      "Outer": 18,
      "ObjectName": "Default__BP_Kickable_Base_C"
    },
    {
      "ObjectIndex": 4,
      "Type": "Import",
      "ClassPackage": "/Game/Art/Environments/SpaceRig/Newsstand/BP_Phys_Newsstand",
      "ClassName": "BP_Phys_Newsstand_C",
      "Outer": 19,
      "ObjectName": "Default__BP_Phys_Newsstand_C"
    },
    {
      "ObjectIndex": 5,
      "Type": "Import",
      "ClassPackage": "/Script/Engine",
      "ClassName": "CapsuleComponent",
      "Outer": 0,
      "ObjectName": "Capsule_GEN_VARIABLE"
    },
    {
      "ObjectIndex": 6,
      "Type": "Import",
      "ClassPackage": "/Script/Engine",
      "ClassName": "CapsuleComponent",
      "Outer": 1,
      "ObjectName": "Capsule_GEN_VARIABLE"
    },
    {
      "ObjectIndex": 7,
      "Type": "Import",
      "ClassPackage": "/Script/CoreUObject",
      "ClassName": "Class",
      "Outer": 21,
      "ObjectName": "Object"
    },
    {
      "ObjectIndex": 8,
      "Type": "Import",
      "ClassPackage": "/Script/CoreUObject",
      "ClassName": "Class",
      "Outer": 22,
      "ObjectName": "BlueprintGeneratedClass"
    },
    {
      "ObjectIndex": 9,
      "Type": "Import",
      "ClassPackage": "/Script/CoreUObject",
      "ClassName": "Class",
      "Outer": 22,
      "ObjectName": "InheritableComponentHandler"
    },
    {
      "ObjectIndex": 10,
      "Type": "Import",
      "ClassPackage": "/Script/CoreUObject",
      "ClassName": "Class",
      "Outer": 22,
      "ObjectName": "SceneComponent"
    },
    {
      "ObjectIndex": 11,
      "Type": "Import",
      "ClassPackage": "/Script/CoreUObject",
      "ClassName": "Class",
      "Outer": 22,
      "ObjectName": "SCS_Node"
    },
    {
      "ObjectIndex": 12,
      "Type": "Import",
      "ClassPackage": "/Script/CoreUObject",
      "ClassName": "Class",
      "Outer": 22,
      "ObjectName": "SimpleConstructionScript"
    },
    {
      "ObjectIndex": 13,
      "Type": "Import",
      "ClassPackage": "/Script/CoreUObject",
      "ClassName": "Class",
      "Outer": 22,
      "ObjectName": "StaticMeshComponent"
    },
    {
      "ObjectIndex": 14,
      "Type": "Import",
      "ClassPackage": "/Script/FSD",
      "ClassName": "GravityChangedComponent",
      "Outer": 0,
      "ObjectName": "GravityChanged_GEN_VARIABLE"
    },
    {
      "ObjectIndex": 15,
      "Type": "Import",
      "ClassPackage": "/Script/Engine",
      "ClassName": "InheritableComponentHandler",
      "Outer": 22,
      "ObjectName": "Default__InheritableComponentHandler"
    },
    {
      "ObjectIndex": 16,
      "Type": "Import",
      "ClassPackage": "/Script/FSD",
      "ClassName": "InstantUsable",
      "Outer": 0,
      "ObjectName": "InstantUsable_GEN_VARIABLE"
    },
    {
      "ObjectIndex": 17,
      "Type": "Import",
      "ClassPackage": "/Script/Engine",
      "ClassName": "MaterialInstanceConstant",
      "Outer": 20,
      "ObjectName": "M_Newsstand_FreeBeer"
    },
    {
      "ObjectIndex": 18,
      "Type": "Import",
      "ClassPackage": "/Script/CoreUObject",
      "ClassName": "Package",
      "ObjectName": "/Game/Art/Environments/SpaceRig/BP_Kickable_Base"
    },
    {
      "ObjectIndex": 19,
      "Type": "Import",
      "ClassPackage": "/Script/CoreUObject",
      "ClassName": "Package",
      "ObjectName": "/Game/Art/Environments/SpaceRig/Newsstand/BP_Phys_Newsstand"
    },
    {
      "ObjectIndex": 20,
      "Type": "Import",
      "ClassPackage": "/Script/CoreUObject",
      "ClassName": "Package",
      "ObjectName": "/Game/Art/Environments/SpaceRig/Newsstand/M_Newsstand_FreeBeer"
    },
    {
      "ObjectIndex": 21,
      "Type": "Import",
      "ClassPackage": "/Script/CoreUObject",
      "ClassName": "Package",
      "ObjectName": "/Script/CoreUObject"
    },
    {
      "ObjectIndex": 22,
      "Type": "Import",
      "ClassPackage": "/Script/CoreUObject",
      "ClassName": "Package",
      "ObjectName": "/Script/Engine"
    },
    {
      "ObjectIndex": 23,
      "Type": "Import",
      "ClassPackage": "/Script/Engine",
      "ClassName": "SceneComponent",
      "Outer": 0,
      "ObjectName": "DefaultSceneRoot_GEN_VARIABLE"
    },
    {
      "ObjectIndex": 24,
      "Type": "Import",
      "ClassPackage": "/Script/Engine",
      "ClassName": "SceneComponent",
      "Outer": 1,
      "ObjectName": "DefaultSceneRoot_GEN_VARIABLE"
    },
    {
      "ObjectIndex": 25,
      "Type": "Import",
      "ClassPackage": "/Script/Engine",
      "ClassName": "SceneComponent",
      "Outer": 22,
      "ObjectName": "Default__SceneComponent"
    },
    {
      "ObjectIndex": 26,
      "Type": "Import",
      "ClassPackage": "/Script/Engine",
      "ClassName": "SCS_Node",
      "Outer": 22,
      "ObjectName": "Default__SCS_Node"
    },
    {
      "ObjectIndex": 27,
      "Type": "Import",
      "ClassPackage": "/Script/Engine",
      "ClassName": "SimpleConstructionScript",
      "Outer": 22,
      "ObjectName": "Default__SimpleConstructionScript"
    },
    {
      "ObjectIndex": 28,
      "Type": "Import",
      "ClassPackage": "/Script/Engine",
      "ClassName": "StaticMeshComponent",
      "Outer": 0,
      "ObjectName": "Kickable Mesh_GEN_VARIABLE"
    },
    {
      "ObjectIndex": 29,
      "Type": "Import",
      "ClassPackage": "/Script/Engine",
      "ClassName": "StaticMeshComponent",
      "Outer": 1,
      "ObjectName": "Kickable Mesh_GEN_VARIABLE"
    },
    {
      "ObjectIndex": 30,
      "Type": "Export",
      "ObjectMark": "$AssetObject$"
    },
    {
      "ObjectIndex": 31,
      "Type": "Export",
      "ObjectClass": 30,
      "Outer": -1,
      "ObjectName": "Default__BP_Phys_Newsstand_FreeBeer_C",
      "ObjectFlags": 49,
      "Properties": {
        "$ReferencedObjects": []
      }
    },
    {
      "ObjectIndex": 32,
      "Type": "Export",
      "ObjectClass": 9,
      "Outer": 30,
      "ObjectName": "InheritableComponentHandler",
      "ObjectFlags": 0,
      "Properties": {
        "Records": [
          {
            "ComponentClass": 13,
            "ComponentTemplate": 36,
            "ComponentKey": {
              "OwnerClass": 0,
              "SCSVariableName": "Kickable Mesh",
              "AssociatedGuid": {
                "A": 112734723,
                "B": 1163428969,
                "C": 1250951852,
                "D": -1557203896
              }
            }
          }
        ],
        "$ReferencedObjects": [
          13,
          36,
          0
        ]
      }
    },
    {
      "ObjectIndex": 33,
      "Type": "Export",
      "ObjectClass": 10,
      "Outer": 30,
      "ObjectName": "DefaultSceneRoot_GEN_VARIABLE",
      "ObjectFlags": 41,
      "Properties": {
        "$ReferencedObjects": []
      }
    },
    {
      "ObjectIndex": 34,
      "Type": "Export",
      "ObjectClass": 11,
      "Outer": 35,
      "ObjectName": "SCS_Node_0",
      "ObjectFlags": 8,
      "Properties": {
        "ComponentClass": 10,
        "ComponentTemplate": 33,
        "VariableGuid": {
          "A": 1176054065,
          "B": 1299304895,
          "C": -1009848688,
          "D": 1067680391
        },
        "InternalVariableName": "DefaultSceneRoot",
        "$ReferencedObjects": [
          10,
          33
        ]
      }
    },
    {
      "ObjectIndex": 35,
      "Type": "Export",
      "ObjectClass": 12,
      "Outer": 30,
      "ObjectName": "SimpleConstructionScript_0",
      "ObjectFlags": 8,
      "Properties": {
        "DefaultSceneRootNode": 34,
        "$ReferencedObjects": [
          34
        ]
      }
    },
    {
      "ObjectIndex": 36,
      "Type": "Export",
      "ObjectClass": 13,
      "Outer": 30,
      "ObjectName": "Kickable Mesh_GEN_VARIABLE",
      "ObjectFlags": 4194337,
      "Properties": {
        "OverrideMaterials": [
          -1,
          -1,
          -1,
          17
        ],
        "$ReferencedObjects": [
          -1,
          17
        ]
      }
    }
  ]
}