{
  "AssetClass": "Blueprint",
  "AssetPackage": "/Game/Art/Environments/Holiday_Xmas/BP_XmasBauble_Item",
  "AssetName": "BP_XmasBauble_Item",
  "AssetSerializedData": {
    "SkipDependecies": false,
    "SuperStruct": 4,
    "Children": [
      {
        "FieldKind": "Function",
        "ObjectClass": "Function",
        "ObjectName": "OnRep_RandomRotation",
        "SuperStruct": -1,
        "Children": [],
        "ChildProperties": [
          {
            "FieldKind": "Property",
            "ObjectClass": "StructProperty",
            "ObjectName": "CallFunc_K2_AddLocalRotation_SweepHitResult",
            "ArrayDim": 1,
            "PropertyFlags": "549755813888",
            "RepNotifyFunc": "None",
            "BlueprintReplicationCondition": 0,
            "Struct": 60
          }
        ],
        "Script": [
          {
            "Inst": "Context",
            "Context": {
              "Inst": "InstanceVariable",
              "VariableType": {
                "PinCategory": "Object",
                "PinSubCategory": "Object",
                "PinSubCategoryObject": "/Script/Engine.StaticMeshComponent"
              },
              "VariableName": "StaticMesh"
            },
            "SkipOffsetForNull": 30,
            "Expression": {
              "Inst": "FinalFunction",
              "Function": "K2_AddLocalRotation",
              "Parameters": [
                {
                  "Inst": "InstanceVariable",
                  "VariableType": {
                    "PinCategory": "Struct",
                    "PinSubCategory": "Struct",
                    "PinSubCategoryObject": "/Script/CoreUObject.Rotator"
                  },
                  "VariableName": "RandomRotation"
                },
                {
                  "Inst": "False"
                },
                {
                  "Inst": "LocalVariable",
                  "VariableType": {
                    "PinCategory": "Struct",
                    "PinSubCategory": "Struct",
                    "PinSubCategoryObject": "/Script/Engine.HitResult"
                  },
                  "VariableName": "CallFunc_K2_AddLocalRotation_SweepHitResult"
                },
                {
                  "Inst": "True"
                }
              ]
            },
            "StatementIndex": 0
          },
          {
            "Inst": "Return",
            "Expression": {
              "Inst": "Nothing"
            },
            "StatementIndex": 52
          },
          {
            "Inst": "EndOfScript",
            "StatementIndex": 54
          }
        ],
        "FunctionFlags": "209715200"
      },
      {
        "FieldKind": "Function",
        "ObjectClass": "Function",
        "ObjectName": "OnRep_CurrentMaterial",
        "SuperStruct": -1,
        "Children": [],
        "ChildProperties": [],
        "Script": [
          {
            "Inst": "Context",
            "Context": {
              "Inst": "InstanceVariable",
              "VariableType": {
                "PinCategory": "Object",
                "PinSubCategory": "Object",
                "PinSubCategoryObject": "/Script/Engine.StaticMeshComponent"
              },
              "VariableName": "StaticMesh"
            },
            "SkipOffsetForNull": 28,
            "Expression": {
              "Inst": "VirtualFunction",
              "Function": "SetMaterial",
              "Parameters": [
                {
                  "Inst": "IntConst",
                  "Value": 1
                },
                {
                  "Inst": "InstanceVariable",
                  "VariableType": {
                    "PinCategory": "Object",
                    "PinSubCategory": "Object",
                    "PinSubCategoryObject": "/Script/Engine.MaterialInterface"
                  },
                  "VariableName": "CurrentMaterial"
                }
              ]
            },
            "StatementIndex": 0
          },
          {
            "Inst": "Return",
            "Expression": {
              "Inst": "Nothing"
            },
            "StatementIndex": 50
          },
          {
            "Inst": "EndOfScript",
            "StatementIndex": 52
          }
        ],
        "FunctionFlags": "201326592"
      },
      {
        "FieldKind": "Function",
        "ObjectClass": "Function",
        "ObjectName": "ReceiveBeginPlay",
        "SuperStruct": 29,
        "Children": [],
        "ChildProperties": [],
        "Script": [
          {
            "Inst": "LocalFinalFunction",
            "Function": "ExecuteUbergraph_BP_XmasBauble_Item",
            "Parameters": [
              {
                "Inst": "IntConst",
                "Value": 620
              }
            ],
            "StatementIndex": 0
          },
          {
            "Inst": "Return",
            "Expression": {
              "Inst": "Nothing"
            },
            "StatementIndex": 15
          },
          {
            "Inst": "EndOfScript",
            "StatementIndex": 17
          }
        ],
        "FunctionFlags": "134744064"
      },
      {
        "FieldKind": "Function",
        "ObjectClass": "Function",
        "ObjectName": "BndEvt__TerrainDetect_K2Node_ComponentBoundEvent_0_PointRemovedEvent__DelegateSignature",
        "SuperStruct": -1,
        "Children": [],
        "ChildProperties": [
          {
            "FieldKind": "Property",
            "ObjectClass": "ObjectProperty",
            "ObjectName": "point",
            "ArrayDim": 1,
            "PropertyFlags": "524436",
            "RepNotifyFunc": "None",
            "BlueprintReplicationCondition": 0,
            "PropertyClass": 13
          }
        ],
        "Script": [
          {
            "Inst": "LetValueOnPersistentFrame",
            "PropertyName": "K2Node_ComponentBoundEvent_point",
            "PropertyType": {
              "PinCategory": "Object",
              "PinSubCategory": "Object",
              "PinSubCategoryObject": "/Script/Engine.SceneComponent"
            },
            "Expression": {
              "Inst": "LocalVariable",
              "VariableType": {
                "PinCategory": "Object",
                "PinSubCategory": "Object",
                "PinSubCategoryObject": "/Script/Engine.SceneComponent"
              },
              "VariableName": "point"
            },
            "StatementIndex": 0
          },
          {
            "Inst": "LocalFinalFunction",
            "Function": "ExecuteUbergraph_BP_XmasBauble_Item",
            "Parameters": [
              {
                "Inst": "IntConst",
                "Value": 655
              }
            ],
            "StatementIndex": 18
          },
          {
            "Inst": "Return",
            "Expression": {
              "Inst": "Nothing"
            },
            "StatementIndex": 33
          },
          {
            "Inst": "EndOfScript",
            "StatementIndex": 35
          }
        ],
        "FunctionFlags": "134217728"
      },
      {
        "FieldKind": "Function",
        "ObjectClass": "Function",
        "ObjectName": "BndEvt__SimpleHealth_K2Node_ComponentBoundEvent_1_DeathSig__DelegateSignature",
        "SuperStruct": -1,
        "Children": [],
        "ChildProperties": [
          {
            "FieldKind": "Property",
            "ObjectClass": "ObjectProperty",
            "ObjectName": "HealthComponent",
            "ArrayDim": 1,
            "PropertyFlags": "524436",
            "RepNotifyFunc": "None",
            "BlueprintReplicationCondition": 0,
            "PropertyClass": 19
          }
        ],
        "Script": [
          {
            "Inst": "LetValueOnPersistentFrame",
            "PropertyName": "K2Node_ComponentBoundEvent_HealthComponent",
            "PropertyType": {
              "PinCategory": "Object",
              "PinSubCategory": "Object",
              "PinSubCategoryObject": "/Script/FSD.HealthComponentBase"
            },
            "Expression": {
              "Inst": "LocalVariable",
              "VariableType": {
                "PinCategory": "Object",
                "PinSubCategory": "Object",
                "PinSubCategoryObject": "/Script/FSD.HealthComponentBase"
              },
              "VariableName": "HealthComponent"
            },
            "StatementIndex": 0
          },
          {
            "Inst": "LocalFinalFunction",
            "Function": "ExecuteUbergraph_BP_XmasBauble_Item",
            "Parameters": [
              {
                "Inst": "IntConst",
                "Value": 660
              }
            ],
            "StatementIndex": 18
          },
          {
            "Inst": "Return",
            "Expression": {
              "Inst": "Nothing"
            },
            "StatementIndex": 33
          },
          {
            "Inst": "EndOfScript",
            "StatementIndex": 35
          }
        ],
        "FunctionFlags": "134217728"
      },
      {
        "FieldKind": "Function",
        "ObjectClass": "Function",
        "ObjectName": "OnTerrainPointRemoved",
        "SuperStruct": -1,
        "Children": [],
        "ChildProperties": [],
        "Script": [
          {
            "Inst": "LocalFinalFunction",
            "Function": "ExecuteUbergraph_BP_XmasBauble_Item",
            "Parameters": [
              {
                "Inst": "IntConst",
                "Value": 665
              }
            ],
            "StatementIndex": 0
          },
          {
            "Inst": "Return",
            "Expression": {
              "Inst": "Nothing"
            },
            "StatementIndex": 15
          },
          {
            "Inst": "EndOfScript",
            "StatementIndex": 17
          }
        ],
        "FunctionFlags": "201343040"
      },
      {
        "FieldKind": "Function",
        "ObjectClass": "Function",
        "ObjectName": "BndEvt__StaticMesh_K2Node_ComponentBoundEvent_2_ComponentHitSignature__DelegateSignature",
        "SuperStruct": -1,
        "Children": [],
        "ChildProperties": [
          {
            "FieldKind": "Property",
            "ObjectClass": "ObjectProperty",
            "ObjectName": "HitComponent",
            "ArrayDim": 1,
            "PropertyFlags": "524436",
            "RepNotifyFunc": "None",
            "BlueprintReplicationCondition": 0,
            "PropertyClass": 12
          },
          {
            "FieldKind": "Property",
            "ObjectClass": "ObjectProperty",
            "ObjectName": "OtherActor",
            "ArrayDim": 1,
            "PropertyFlags": "148",
            "RepNotifyFunc": "None",
            "BlueprintReplicationCondition": 0,
            "PropertyClass": 4
          },
          {
            "FieldKind": "Property",
            "ObjectClass": "ObjectProperty",
            "ObjectName": "OtherComp",
            "ArrayDim": 1,
            "PropertyFlags": "524436",
            "RepNotifyFunc": "None",
            "BlueprintReplicationCondition": 0,
            "PropertyClass": 12
          },
          {
            "FieldKind": "Property",
            "ObjectClass": "StructProperty",
            "ObjectName": "NormalImpulse",
            "ArrayDim": 1,
            "PropertyFlags": "148",
            "RepNotifyFunc": "None",
            "BlueprintReplicationCondition": 0,
            "Struct": 59
          },
          {
            "FieldKind": "Property",
            "ObjectClass": "StructProperty",
            "ObjectName": "Hit",
            "ArrayDim": 1,
            "PropertyFlags": "549890032022",
            "RepNotifyFunc": "None",
            "BlueprintReplicationCondition": 0,
            "Struct": 60
          }
        ],
        "Script": [
          {
            "Inst": "LetValueOnPersistentFrame",
            "PropertyName": "K2Node_ComponentBoundEvent_HitComponent",
            "PropertyType": {
              "PinCategory": "Object",
              "PinSubCategory": "Object",
              "PinSubCategoryObject": "/Script/Engine.PrimitiveComponent"
            },
            "Expression": {
              "Inst": "LocalVariable",
              "VariableType": {
                "PinCategory": "Object",
                "PinSubCategory": "Object",
                "PinSubCategoryObject": "/Script/Engine.PrimitiveComponent"
              },
              "VariableName": "HitComponent"
            },
            "StatementIndex": 0
          },
          {
            "Inst": "LetValueOnPersistentFrame",
            "PropertyName": "K2Node_ComponentBoundEvent_OtherActor",
            "PropertyType": {
              "PinCategory": "Object",
              "PinSubCategory": "Object",
              "PinSubCategoryObject": "/Script/Engine.Actor"
            },
            "Expression": {
              "Inst": "LocalVariable",
              "VariableType": {
                "PinCategory": "Object",
                "PinSubCategory": "Object",
                "PinSubCategoryObject": "/Script/Engine.Actor"
              },
              "VariableName": "OtherActor"
            },
            "StatementIndex": 18
          },
          {
            "Inst": "LetValueOnPersistentFrame",
            "PropertyName": "K2Node_ComponentBoundEvent_OtherComp",
            "PropertyType": {
              "PinCategory": "Object",
              "PinSubCategory": "Object",
              "PinSubCategoryObject": "/Script/Engine.PrimitiveComponent"
            },
            "Expression": {
              "Inst": "LocalVariable",
              "VariableType": {
                "PinCategory": "Object",
                "PinSubCategory": "Object",
                "PinSubCategoryObject": "/Script/Engine.PrimitiveComponent"
              },
              "VariableName": "OtherComp"
            },
            "StatementIndex": 36
          },
          {
            "Inst": "LetValueOnPersistentFrame",
            "PropertyName": "K2Node_ComponentBoundEvent_NormalImpulse",
            "PropertyType": {
              "PinCategory": "Struct",
              "PinSubCategory": "Struct",
              "PinSubCategoryObject": "/Script/CoreUObject.Vector"
            },
            "Expression": {
              "Inst": "LocalVariable",
              "VariableType": {
                "PinCategory": "Struct",
                "PinSubCategory": "Struct",
                "PinSubCategoryObject": "/Script/CoreUObject.Vector"
              },
              "VariableName": "NormalImpulse"
            },
            "StatementIndex": 54
          },
          {
            "Inst": "LetValueOnPersistentFrame",
            "PropertyName": "K2Node_ComponentBoundEvent_Hit",
            "PropertyType": {
              "PinCategory": "Struct",
              "PinSubCategory": "Struct",
              "PinSubCategoryObject": "/Script/Engine.HitResult",
              "IsConst": true
            },
            "Expression": {
              "Inst": "LocalOutVariable",
              "VariableType": {
                "PinCategory": "Struct",
                "PinSubCategory": "Struct",
                "PinSubCategoryObject": "/Script/Engine.HitResult",
                "IsReference": true,
                "IsConst": true
              },
              "VariableName": "Hit"
            },
            "StatementIndex": 72
          },
          {
            "Inst": "LocalFinalFunction",
            "Function": "ExecuteUbergraph_BP_XmasBauble_Item",
            "Parameters": [
              {
                "Inst": "IntConst",
                "Value": 15
              }
            ],
            "StatementIndex": 90
          },
          {
            "Inst": "Return",
            "Expression": {
              "Inst": "Nothing"
            },
            "StatementIndex": 105
          },
          {
            "Inst": "EndOfScript",
            "StatementIndex": 107
          }
        ],
        "FunctionFlags": "138412032"
      },
      {
        "FieldKind": "Function",
        "ObjectClass": "Function",
        "ObjectName": "ExecuteUbergraph_BP_XmasBauble_Item",
        "SuperStruct": -1,
        "Children": [],
        "ChildProperties": [
          {
            "FieldKind": "Property",
            "ObjectClass": "IntProperty",
            "ObjectName": "EntryPoint",
            "ArrayDim": 1,
            "PropertyFlags": "148",
            "RepNotifyFunc": "None",
            "BlueprintReplicationCondition": 0
          },
          {
            "FieldKind": "Property",
            "ObjectClass": "ObjectProperty",
            "ObjectName": "K2Node_ComponentBoundEvent_HitComponent",
            "ArrayDim": 1,
            "PropertyFlags": "524288",
            "RepNotifyFunc": "None",
            "BlueprintReplicationCondition": 0,
            "PropertyClass": 12
          },
          {
            "FieldKind": "Property",
            "ObjectClass": "ObjectProperty",
            "ObjectName": "K2Node_ComponentBoundEvent_OtherActor",
            "ArrayDim": 1,
            "PropertyFlags": "0",
            "RepNotifyFunc": "None",
            "BlueprintReplicationCondition": 0,
            "PropertyClass": 4
          },
          {
            "FieldKind": "Property",
            "ObjectClass": "ObjectProperty",
            "ObjectName": "K2Node_ComponentBoundEvent_OtherComp",
            "ArrayDim": 1,
            "PropertyFlags": "524288",
            "RepNotifyFunc": "None",
            "BlueprintReplicationCondition": 0,
            "PropertyClass": 12
          },
          {
            "FieldKind": "Property",
            "ObjectClass": "StructProperty",
            "ObjectName": "K2Node_ComponentBoundEvent_NormalImpulse",
            "ArrayDim": 1,
            "PropertyFlags": "0",
            "RepNotifyFunc": "None",
            "BlueprintReplicationCondition": 0,
            "Struct": 59
          },
          {
            "FieldKind": "Property",
            "ObjectClass": "StructProperty",
            "ObjectName": "K2Node_ComponentBoundEvent_Hit",
            "ArrayDim": 1,
            "PropertyFlags": "549755813890",
            "RepNotifyFunc": "None",
            "BlueprintReplicationCondition": 0,
            "Struct": 60
          },
          {
            "FieldKind": "Property",
            "ObjectClass": "BoolProperty",
            "ObjectName": "Temp_bool_IsClosed_Variable",
            "ArrayDim": 1,
            "PropertyFlags": "0",
            "RepNotifyFunc": "None",
            "BlueprintReplicationCondition": 0,
            "BoolSize": 1,
            "NativeBool": true
          },
          {
            "FieldKind": "Property",
            "ObjectClass": "BoolProperty",
            "ObjectName": "Temp_bool_Has_Been_Initd_Variable",
            "ArrayDim": 1,
            "PropertyFlags": "0",
            "RepNotifyFunc": "None",
            "BlueprintReplicationCondition": 0,
            "BoolSize": 1,
            "NativeBool": true
          },
          {
            "FieldKind": "Property",
            "ObjectClass": "BoolProperty",
            "ObjectName": "CallFunc_HasAuthority_ReturnValue",
            "ArrayDim": 1,
            "PropertyFlags": "0",
            "RepNotifyFunc": "None",
            "BlueprintReplicationCondition": 0,
            "BoolSize": 1,
            "NativeBool": true
          },
          {
            "FieldKind": "Property",
            "ObjectClass": "ObjectProperty",
            "ObjectName": "K2Node_ComponentBoundEvent_point",
            "ArrayDim": 1,
            "PropertyFlags": "524288",
            "RepNotifyFunc": "None",
            "BlueprintReplicationCondition": 0,
            "PropertyClass": 13
          },
          {
            "FieldKind": "Property",
            "ObjectClass": "ObjectProperty",
            "ObjectName": "K2Node_ComponentBoundEvent_HealthComponent",
            "ArrayDim": 1,
            "PropertyFlags": "524288",
            "RepNotifyFunc": "None",
            "BlueprintReplicationCondition": 0,
            "PropertyClass": 19
          },
          {
            "FieldKind": "Property",
            "ObjectClass": "FloatProperty",
            "ObjectName": "CallFunc_RandomFloatInRange_ReturnValue",
            "ArrayDim": 1,
            "PropertyFlags": "0",
            "RepNotifyFunc": "None",
            "BlueprintReplicationCondition": 0
          },
          {
            "FieldKind": "Property",
            "ObjectClass": "IntProperty",
            "ObjectName": "CallFunc_Array_LastIndex_ReturnValue",
            "ArrayDim": 1,
            "PropertyFlags": "0",
            "RepNotifyFunc": "None",
            "BlueprintReplicationCondition": 0
          },
          {
            "FieldKind": "Property",
            "ObjectClass": "StructProperty",
            "ObjectName": "CallFunc_MakeRotator_ReturnValue",
            "ArrayDim": 1,
            "PropertyFlags": "0",
            "RepNotifyFunc": "None",
            "BlueprintReplicationCondition": 0,
            "Struct": 58
          },
          {
            "FieldKind": "Property",
            "ObjectClass": "IntProperty",
            "ObjectName": "CallFunc_RandomIntegerInRange_ReturnValue",
            "ArrayDim": 1,
            "PropertyFlags": "0",
            "RepNotifyFunc": "None",
            "BlueprintReplicationCondition": 0
          },
          {
            "FieldKind": "Property",
            "ObjectClass": "ObjectProperty",
            "ObjectName": "CallFunc_Array_Get_Item",
            "ArrayDim": 1,
            "PropertyFlags": "0",
            "RepNotifyFunc": "None",
            "BlueprintReplicationCondition": 0,
            "PropertyClass": 9
          },
          {
            "FieldKind": "Property",
            "ObjectClass": "BoolProperty",
            "ObjectName": "CallFunc_HasAuthority_ReturnValue_1",
            "ArrayDim": 1,
            "PropertyFlags": "0",
            "RepNotifyFunc": "None",
            "BlueprintReplicationCondition": 0,
            "BoolSize": 1,
            "NativeBool": true
          }
        ],
        "Script": [
          {
            "Inst": "PushExecutionFlow",
            "Offset": 670,
            "StatementIndex": 0
          },
          {
            "Inst": "ComputedJump",
            "OffsetExpression": {
              "Inst": "LocalVariable",
              "VariableType": {
                "PinCategory": "int",
                "PinSubCategory": "int"
              },
              "VariableName": "EntryPoint"
            },
            "StatementIndex": 5
          },
          {
            "Inst": "LetBool",
            "Variable": {
              "Inst": "LocalVariable",
              "VariableType": {
                "PinCategory": "bool",
                "PinSubCategory": "bool"
              },
              "VariableName": "CallFunc_HasAuthority_ReturnValue"
            },
            "Expression": {
              "Inst": "FinalFunction",
              "Function": "HasAuthority",
              "Parameters": []
            },
            "StatementIndex": 15
          },
          {
            "Inst": "PopExecutionFlowIfNot",
            "Condition": {
              "Inst": "LocalVariable",
              "VariableType": {
                "PinCategory": "bool",
                "PinSubCategory": "bool"
              },
              "VariableName": "CallFunc_HasAuthority_ReturnValue"
            },
            "StatementIndex": 35
          },
          {
            "Inst": "VirtualFunction",
            "Function": "OnTerrainPointRemoved",
            "Parameters": [],
            "StatementIndex": 45
          },
          {
            "Inst": "PopExecutionFlow",
            "StatementIndex": 59
          },
          {
            "Inst": "LocalVirtualFunction",
            "FunctionName": "OnRep_CurrentMaterial",
            "Parameters": [],
            "StatementIndex": 60
          },
          {
            "Inst": "FinalFunction",
            "Function": "FlushNetDormancy",
            "Parameters": [],
            "StatementIndex": 74
          },
          {
            "Inst": "Let",
            "Variable": {
              "Inst": "LocalVariable",
              "VariableType": {
                "PinCategory": "Float",
                "PinSubCategory": "Float"
              },
              "VariableName": "CallFunc_RandomFloatInRange_ReturnValue"
            },
            "Expression": {
              "Inst": "CallMath",
              "Function": "RandomFloatInRange",
              "ContextClass": "/Script/Engine.KismetMathLibrary",
              "Parameters": [
                {
                  "Inst": "FloatConst",
                  "Value": -120.0
                },
                {
                  "Inst": "FloatConst",
                  "Value": 120.0
                }
              ]
            },
            "StatementIndex": 84
          },
          {
            "Inst": "Let",
            "Variable": {
              "Inst": "LocalVariable",
              "VariableType": {
                "PinCategory": "Struct",
                "PinSubCategory": "Struct",
                "PinSubCategoryObject": "/Script/CoreUObject.Rotator"
              },
              "VariableName": "CallFunc_MakeRotator_ReturnValue"
            },
            "Expression": {
              "Inst": "CallMath",
              "Function": "MakeRotator",
              "ContextClass": "/Script/Engine.KismetMathLibrary",
              "Parameters": [
                {
                  "Inst": "LocalVariable",
                  "VariableType": {
                    "PinCategory": "Float",
                    "PinSubCategory": "Float"
                  },
                  "VariableName": "CallFunc_RandomFloatInRange_ReturnValue"
                },
                {
                  "Inst": "LocalVariable",
                  "VariableType": {
                    "PinCategory": "Float",
                    "PinSubCategory": "Float"
                  },
                  "VariableName": "CallFunc_RandomFloatInRange_ReturnValue"
                },
                {
                  "Inst": "LocalVariable",
                  "VariableType": {
                    "PinCategory": "Float",
                    "PinSubCategory": "Float"
                  },
                  "VariableName": "CallFunc_RandomFloatInRange_ReturnValue"
                }
              ]
            },
            "StatementIndex": 122
          },
          {
            "Inst": "Let",
            "Variable": {
              "Inst": "InstanceVariable",
              "VariableType": {
                "PinCategory": "Struct",
                "PinSubCategory": "Struct",
                "PinSubCategoryObject": "/Script/CoreUObject.Rotator"
              },
              "VariableName": "RandomRotation"
            },
            "Expression": {
              "Inst": "LocalVariable",
              "VariableType": {
                "PinCategory": "Struct",
                "PinSubCategory": "Struct",
                "PinSubCategoryObject": "/Script/CoreUObject.Rotator"
              },
              "VariableName": "CallFunc_MakeRotator_ReturnValue"
            },
            "StatementIndex": 177
          },
          {
            "Inst": "CallMath",
            "Function": "MarkPropertyDirtyFromRepIndex",
            "ContextClass": "/Script/Engine.NetPushModelHelpers",
            "Parameters": [
              {
                "Inst": "Self"
              },
              {
                "Inst": "IntConst",
                "Value": 11
              },
              {
                "Inst": "NameConst",
                "Value": "RandomRotation"
              }
            ],
            "StatementIndex": 204
          },
          {
            "Inst": "LocalVirtualFunction",
            "FunctionName": "OnRep_RandomRotation",
            "Parameters": [],
            "StatementIndex": 233
          },
          {
            "Inst": "VirtualFunction",
            "Function": "ForceNetUpdate",
            "Parameters": [],
            "StatementIndex": 247
          },
          {
            "Inst": "PopExecutionFlow",
            "StatementIndex": 261
          },
          {
            "Inst": "CallMath",
            "Function": "MarkPropertyDirtyFromRepIndex",
            "ContextClass": "/Script/Engine.NetPushModelHelpers",
            "Parameters": [
              {
                "Inst": "Self"
              },
              {
                "Inst": "IntConst",
                "Value": 10
              },
              {
                "Inst": "NameConst",
                "Value": "CurrentMaterial"
              }
            ],
            "StatementIndex": 262
          },
          {
            "Inst": "Jump",
            "Offset": 60,
            "StatementIndex": 291
          },
          {
            "Inst": "FinalFunction",
            "Function": "FlushNetDormancy",
            "Parameters": [],
            "StatementIndex": 296
          },
          {
            "Inst": "Let",
            "Variable": {
              "Inst": "LocalVariable",
              "VariableType": {
                "PinCategory": "int",
                "PinSubCategory": "int"
              },
              "VariableName": "CallFunc_Array_LastIndex_ReturnValue"
            },
            "Expression": {
              "Inst": "Context",
              "Context": {
                "Inst": "ObjectConst",
                "Object": "/Script/Engine.Default__KismetArrayLibrary"
              },
              "SkipOffsetForNull": 19,
              "RValuePropertyType": {
                "PinCategory": "int",
                "PinSubCategory": "int"
              },
              "RValuePropertyName": "CallFunc_Array_LastIndex_ReturnValue",
              "Expression": {
                "Inst": "FinalFunction",
                "Function": "Array_LastIndex",
                "Parameters": [
                  {
                    "Inst": "InstanceVariable",
                    "VariableType": {
                      "PinCategory": "Object",
                      "PinSubCategory": "Object",
                      "PinSubCategoryObject": "/Script/Engine.MaterialInterface",
                      "ContainerType": 1
                    },
                    "VariableName": "Mats"
                  }
                ]
              }
            },
            "StatementIndex": 306
          },
          {
            "Inst": "Let",
            "Variable": {
              "Inst": "LocalVariable",
              "VariableType": {
                "PinCategory": "int",
                "PinSubCategory": "int"
              },
              "VariableName": "CallFunc_RandomIntegerInRange_ReturnValue"
            },
            "Expression": {
              "Inst": "CallMath",
              "Function": "RandomIntegerInRange",
              "ContextClass": "/Script/Engine.KismetMathLibrary",
              "Parameters": [
                {
                  "Inst": "IntConst",
                  "Value": 0
                },
                {
                  "Inst": "LocalVariable",
                  "VariableType": {
                    "PinCategory": "int",
                    "PinSubCategory": "int"
                  },
                  "VariableName": "CallFunc_Array_LastIndex_ReturnValue"
                }
              ]
            },
            "StatementIndex": 365
          },
          {
            "Inst": "Context",
            "Context": {
              "Inst": "ObjectConst",
              "Object": "/Script/Engine.Default__KismetArrayLibrary"
            },
            "SkipOffsetForNull": 37,
            "Expression": {
              "Inst": "FinalFunction",
              "Function": "Array_Get",
              "Parameters": [
                {
                  "Inst": "InstanceVariable",
                  "VariableType": {
                    "PinCategory": "Object",
                    "PinSubCategory": "Object",
                    "PinSubCategoryObject": "/Script/Engine.MaterialInterface",
                    "ContainerType": 1
                  },
                  "VariableName": "Mats"
                },
                {
                  "Inst": "LocalVariable",
                  "VariableType": {
                    "PinCategory": "int",
                    "PinSubCategory": "int"
                  },
                  "VariableName": "CallFunc_RandomIntegerInRange_ReturnValue"
                },
                {
                  "Inst": "LocalVariable",
                  "VariableType": {
                    "PinCategory": "Object",
                    "PinSubCategory": "Object",
                    "PinSubCategoryObject": "/Script/Engine.MaterialInterface"
                  },
                  "VariableName": "CallFunc_Array_Get_Item"
                }
              ]
            },
            "StatementIndex": 407
          },
          {
            "Inst": "LetObj",
            "Variable": {
              "Inst": "InstanceVariable",
              "VariableType": {
                "PinCategory": "Object",
                "PinSubCategory": "Object",
                "PinSubCategoryObject": "/Script/Engine.MaterialInterface"
              },
              "VariableName": "CurrentMaterial"
            },
            "Expression": {
              "Inst": "LocalVariable",
              "VariableType": {
                "PinCategory": "Object",
                "PinSubCategory": "Object",
                "PinSubCategoryObject": "/Script/Engine.MaterialInterface"
              },
              "VariableName": "CallFunc_Array_Get_Item"
            },
            "StatementIndex": 466
          },
          {
            "Inst": "Jump",
            "Offset": 262,
            "StatementIndex": 485
          },
          {
            "Inst": "PushExecutionFlow",
            "Offset": 510,
            "StatementIndex": 490
          },
          {
            "Inst": "JumpIfNot",
            "Offset": 595,
            "Condition": {
              "Inst": "LocalVariable",
              "VariableType": {
                "PinCategory": "bool",
                "PinSubCategory": "bool"
              },
              "VariableName": "Temp_bool_Has_Been_Initd_Variable"
            },
            "StatementIndex": 495
          },
          {
            "Inst": "PopExecutionFlow",
            "StatementIndex": 509
          },
          {
            "Inst": "JumpIfNot",
            "Offset": 525,
            "Condition": {
              "Inst": "LocalVariable",
              "VariableType": {
                "PinCategory": "bool",
                "PinSubCategory": "bool"
              },
              "VariableName": "Temp_bool_IsClosed_Variable"
            },
            "StatementIndex": 510
          },
          {
            "Inst": "PopExecutionFlow",
            "StatementIndex": 524
          },
          {
            "Inst": "LetBool",
            "Variable": {
              "Inst": "LocalVariable",
              "VariableType": {
                "PinCategory": "bool",
                "PinSubCategory": "bool"
              },
              "VariableName": "Temp_bool_IsClosed_Variable"
            },
            "Expression": {
              "Inst": "True"
            },
            "StatementIndex": 525
          },
          {
            "Inst": "CallMath",
            "Function": "KillActorWithEffects",
            "ContextClass": "/Script/FSD.ActorFunctionLibrary",
            "Parameters": [
              {
                "Inst": "Self"
              },
              {
                "Inst": "InstanceVariable",
                "VariableType": {
                  "PinCategory": "Object",
                  "PinSubCategory": "Object",
                  "PinSubCategoryObject": "/Script/Engine.StaticMeshComponent"
                },
                "VariableName": "StaticMesh"
              },
              {
                "Inst": "InstanceVariable",
                "VariableType": {
                  "PinCategory": "Object",
                  "PinSubCategory": "Object",
                  "PinSubCategoryObject": "/Script/Engine.SoundCue"
                },
                "VariableName": "DeathSound"
              },
              {
                "Inst": "InstanceVariable",
                "VariableType": {
                  "PinCategory": "Object",
                  "PinSubCategory": "Object",
                  "PinSubCategoryObject": "/Script/Engine.ParticleSystem"
                },
                "VariableName": "DeathParticles"
              },
              {
                "Inst": "FloatConst",
                "Value": 1.0
              },
              {
                "Inst": "NoObject"
              }
            ],
            "StatementIndex": 536
          },
          {
            "Inst": "VirtualFunction",
            "Function": "ForceNetUpdate",
            "Parameters": [],
            "StatementIndex": 580
          },
          {
            "Inst": "PopExecutionFlow",
            "StatementIndex": 594
          },
          {
            "Inst": "LetBool",
            "Variable": {
              "Inst": "LocalVariable",
              "VariableType": {
                "PinCategory": "bool",
                "PinSubCategory": "bool"
              },
              "VariableName": "Temp_bool_Has_Been_Initd_Variable"
            },
            "Expression": {
              "Inst": "True"
            },
            "StatementIndex": 595
          },
          {
            "Inst": "PopExecutionFlowIfNot",
            "Condition": {
              "Inst": "False"
            },
            "StatementIndex": 606
          },
          {
            "Inst": "LetBool",
            "Variable": {
              "Inst": "LocalVariable",
              "VariableType": {
                "PinCategory": "bool",
                "PinSubCategory": "bool"
              },
              "VariableName": "Temp_bool_IsClosed_Variable"
            },
            "Expression": {
              "Inst": "True"
            },
            "StatementIndex": 608
          },
          {
            "Inst": "PopExecutionFlow",
            "StatementIndex": 619
          },
          {
            "Inst": "LetBool",
            "Variable": {
              "Inst": "LocalVariable",
              "VariableType": {
                "PinCategory": "bool",
                "PinSubCategory": "bool"
              },
              "VariableName": "CallFunc_HasAuthority_ReturnValue_1"
            },
            "Expression": {
              "Inst": "FinalFunction",
              "Function": "HasAuthority",
              "Parameters": []
            },
            "StatementIndex": 620
          },
          {
            "Inst": "PopExecutionFlowIfNot",
            "Condition": {
              "Inst": "LocalVariable",
              "VariableType": {
                "PinCategory": "bool",
                "PinSubCategory": "bool"
              },
              "VariableName": "CallFunc_HasAuthority_ReturnValue_1"
            },
            "StatementIndex": 640
          },
          {
            "Inst": "Jump",
            "Offset": 296,
            "StatementIndex": 650
          },
          {
            "Inst": "Jump",
            "Offset": 45,
            "StatementIndex": 655
          },
          {
            "Inst": "Jump",
            "Offset": 490,
            "StatementIndex": 660
          },
          {
            "Inst": "Jump",
            "Offset": 490,
            "StatementIndex": 665
          },
          {
            "Inst": "Return",
            "Expression": {
              "Inst": "Nothing"
            },
            "StatementIndex": 670
          },
          {
            "Inst": "EndOfScript",
            "StatementIndex": 672
          }
        ],
        "FunctionFlags": "8421377"
      }
    ],
    "ChildProperties": [
      {
        "FieldKind": "Property",
        "ObjectClass": "StructProperty",
        "ObjectName": "UberGraphFrame",
        "ArrayDim": 1,
        "PropertyFlags": "2105344",
        "RepNotifyFunc": "None",
        "BlueprintReplicationCondition": 0,
        "Struct": 61
      },
      {
        "FieldKind": "Property",
        "ObjectClass": "ObjectProperty",
        "ObjectName": "TerrainPlacement",
        "ArrayDim": 1,
        "PropertyFlags": "17180393476",
        "RepNotifyFunc": "None",
        "BlueprintReplicationCondition": 0,
        "PropertyClass": 23
      },
      {
        "FieldKind": "Property",
        "ObjectClass": "ObjectProperty",
        "ObjectName": "SimpleObjectInfo",
        "ArrayDim": 1,
        "PropertyFlags": "17180393476",
        "RepNotifyFunc": "None",
        "BlueprintReplicationCondition": 0,
        "PropertyClass": 21
      },
      {
        "FieldKind": "Property",
        "ObjectClass": "ObjectProperty",
        "ObjectName": "SimpleHealth",
        "ArrayDim": 1,
        "PropertyFlags": "17180393476",
        "RepNotifyFunc": "None",
        "BlueprintReplicationCondition": 0,
        "PropertyClass": 20
      },
      {
        "FieldKind": "Property",
        "ObjectClass": "ObjectProperty",
        "ObjectName": "TerrainDetect",
        "ArrayDim": 1,
        "PropertyFlags": "17180393476",
        "RepNotifyFunc": "None",
        "BlueprintReplicationCondition": 0,
        "PropertyClass": 22
      },
      {
        "FieldKind": "Property",
        "ObjectClass": "ObjectProperty",
        "ObjectName": "StaticMesh",
        "ArrayDim": 1,
        "PropertyFlags": "17180393476",
        "RepNotifyFunc": "None",
        "BlueprintReplicationCondition": 0,
        "PropertyClass": 17
      },
      {
        "FieldKind": "Property",
        "ObjectClass": "ObjectProperty",
        "ObjectName": "DefaultSceneRoot",
        "ArrayDim": 1,
        "PropertyFlags": "17180393476",
        "RepNotifyFunc": "None",
        "BlueprintReplicationCondition": 0,
        "PropertyClass": 13
      },
      {
        "FieldKind": "Property",
        "ObjectClass": "ObjectProperty",
        "ObjectName": "DeathParticles",
        "ArrayDim": 1,
        "PropertyFlags": "65541",
        "RepNotifyFunc": "None",
        "BlueprintReplicationCondition": 0,
        "PropertyClass": 11
      },
      {
        "FieldKind": "Property",
        "ObjectClass": "ObjectProperty",
        "ObjectName": "DeathSound",
        "ArrayDim": 1,
        "PropertyFlags": "65541",
        "RepNotifyFunc": "None",
        "BlueprintReplicationCondition": 0,
        "PropertyClass": 16
      },
      {
        "FieldKind": "Property",
        "ObjectClass": "ArrayProperty",
        "ObjectName": "Mats",
        "ArrayDim": 1,
        "PropertyFlags": "65541",
        "RepNotifyFunc": "None",
        "BlueprintReplicationCondition": 0,
        "Inner": {
          "ObjectClass": "ObjectProperty",
          "ObjectName": "Mats",
          "ArrayDim": 1,
          "PropertyFlags": "0",
          "RepNotifyFunc": "None",
          "BlueprintReplicationCondition": 0,
          "PropertyClass": 9
        }
      },
      {
        "FieldKind": "Property",
        "ObjectClass": "ObjectProperty",
        "ObjectName": "CurrentMaterial",
        "ArrayDim": 1,
        "PropertyFlags": "4295041061",
        "RepNotifyFunc": "OnRep_CurrentMaterial",
        "BlueprintReplicationCondition": 0,
        "PropertyClass": 9
      },
      {
        "FieldKind": "Property",
        "ObjectClass": "StructProperty",
        "ObjectName": "RandomRotation",
        "ArrayDim": 1,
        "PropertyFlags": "4295041061",
        "RepNotifyFunc": "OnRep_RandomRotation",
        "BlueprintReplicationCondition": 0,
        "Struct": 58
      }
    ],
    "ClassFlags": "8652820",
    "ClassWithin": 3,
    "ClassConfigName": "Engine",
    "Interfaces": [],
    "ClassDefaultObject": 72,
    "AssetObjectData": {
      "DynamicBindingObjects": [
        73
      ],
      "SimpleConstructionScript": 81,
      "$ReferencedObjects": [
        73,
        81
      ]
    },
    "GeneratedVariableNames": [
      "DefaultSceneRoot",
      "StaticMesh",
      "TerrainDetect",
      "SimpleHealth",
      "SimpleObjectInfo",
      "TerrainPlacement"
    ]
  },
  "ObjectHierarchy": [
    {
      "ObjectIndex": 0,
      "Type": "Import",
      "ClassPackage": "/Script/Engine",
      "ClassName": "Actor",
      "Outer": 54,
      "ObjectName": "Default__Actor"
    },
    {
      "ObjectIndex": 1,
      "Type": "Import",
      "ClassPackage": "/Script/Engine",
      "ClassName": "BlueprintGeneratedClass",
      "Outer": 54,
      "ObjectName": "Default__BlueprintGeneratedClass"
    },
    {
      "ObjectIndex": 2,
      "Type": "Import",
      "ClassPackage": "/Script/CoreUObject",
      "ClassName": "Class",
      "Outer": 53,
      "ObjectName": "Function"
    },
    {
      "ObjectIndex": 3,
      "Type": "Import",
      "ClassPackage": "/Script/CoreUObject",
      "ClassName": "Class",
      "Outer": 53,
      "ObjectName": "Object"
    },
    {
      "ObjectIndex": 4,
      "Type": "Import",
      "ClassPackage": "/Script/CoreUObject",
      "ClassName": "Class",
      "Outer": 54,
      "ObjectName": "Actor"
    },
    {
      "ObjectIndex": 5,
      "Type": "Import",
      "ClassPackage": "/Script/CoreUObject",
      "ClassName": "Class",
      "Outer": 54,
      "ObjectName": "BlueprintGeneratedClass"
    },
    {
      "ObjectIndex": 6,
      "Type": "Import",
      "ClassPackage": "/Script/CoreUObject",
      "ClassName": "Class",
      "Outer": 54,
      "ObjectName": "ComponentDelegateBinding"
    },
    {
      "ObjectIndex": 7,
      "Type": "Import",
      "ClassPackage": "/Script/CoreUObject",
      "ClassName": "Class",
      "Outer": 54,
      "ObjectName": "KismetArrayLibrary"
    },
    {
      "ObjectIndex": 8,
      "Type": "Import",
      "ClassPackage": "/Script/CoreUObject",
      "ClassName": "Class",
      "Outer": 54,
      "ObjectName": "KismetMathLibrary"
    },
    {
      "ObjectIndex": 9,
      "Type": "Import",
      "ClassPackage": "/Script/CoreUObject",
      "ClassName": "Class",
      "Outer": 54,
      "ObjectName": "MaterialInterface"
    },
    {
      "ObjectIndex": 10,
      "Type": "Import",
      "ClassPackage": "/Script/CoreUObject",
      "ClassName": "Class",
      "Outer": 54,
      "ObjectName": "NetPushModelHelpers"
    },
    {
      "ObjectIndex": 11,
      "Type": "Import",
      "ClassPackage": "/Script/CoreUObject",
      "ClassName": "Class",
      "Outer": 54,
      "ObjectName": "ParticleSystem"
    },
    {
      "ObjectIndex": 12,
      "Type": "Import",
      "ClassPackage": "/Script/CoreUObject",
      "ClassName": "Class",
      "Outer": 54,
      "ObjectName": "PrimitiveComponent"
    },
    {
      "ObjectIndex": 13,
      "Type": "Import",
      "ClassPackage": "/Script/CoreUObject",
      "ClassName": "Class",
      "Outer": 54,
      "ObjectName": "SceneComponent"
    },
    {
      "ObjectIndex": 14,
      "Type": "Import",
      "ClassPackage": "/Script/CoreUObject",
      "ClassName": "Class",
      "Outer": 54,
      "ObjectName": "SCS_Node"
    },
    {
      "ObjectIndex": 15,
      "Type": "Import",
      "ClassPackage": "/Script/CoreUObject",
      "ClassName": "Class",
      "Outer": 54,
      "ObjectName": "SimpleConstructionScript"
    },
    {
      "ObjectIndex": 16,
      "Type": "Import",
      "ClassPackage": "/Script/CoreUObject",
      "ClassName": "Class",
      "Outer": 54,
      "ObjectName": "SoundCue"
    },
    {
      "ObjectIndex": 17,
      "Type": "Import",
      "ClassPackage": "/Script/CoreUObject",
      "ClassName": "Class",
      "Outer": 54,
      "ObjectName": "StaticMeshComponent"
    },
    {
      "ObjectIndex": 18,
      "Type": "Import",
      "ClassPackage": "/Script/CoreUObject",
      "ClassName": "Class",
      "Outer": 55,
      "ObjectName": "ActorFunctionLibrary"
    },
    {
      "ObjectIndex": 19,
      "Type": "Import",
      "ClassPackage": "/Script/CoreUObject",
      "ClassName": "Class",
      "Outer": 55,
      "ObjectName": "HealthComponentBase"
    },
    {
      "ObjectIndex": 20,
      "Type": "Import",
      "ClassPackage": "/Script/CoreUObject",
      "ClassName": "Class",
      "Outer": 55,
      "ObjectName": "SimpleHealthComponent"
    },
    {
      "ObjectIndex": 21,
      "Type": "Import",
      "ClassPackage": "/Script/CoreUObject",
      "ClassName": "Class",
      "Outer": 55,
      "ObjectName": "SimpleObjectInfoComponent"
    },
    {
      "ObjectIndex": 22,
      "Type": "Import",
      "ClassPackage": "/Script/CoreUObject",
      "ClassName": "Class",
      "Outer": 55,
      "ObjectName": "TerrainDetectComponent"
    },
    {
      "ObjectIndex": 23,
      "Type": "Import",
      "ClassPackage": "/Script/CoreUObject",
      "ClassName": "Class",
      "Outer": 55,
      "ObjectName": "TerrainPlacementComponent"
    },
    {
      "ObjectIndex": 24,
      "Type": "Import",
      "ClassPackage": "/Script/Engine",
      "ClassName": "ComponentDelegateBinding",
      "Outer": 54,
      "ObjectName": "Default__ComponentDelegateBinding"
    },
    {
      "ObjectIndex": 25,
      "Type": "Import",
      "ClassPackage": "/Script/FSD",
      "ClassName": "DialogDataAsset",
      "Outer": 52,
      "ObjectName": "Shout_Laserpoint_StrangeThing"
    },
    {
      "ObjectIndex": 26,
      "Type": "Import",
      "ClassPackage": "/Script/CoreUObject",
      "ClassName": "Function",
      "Outer": 53,
      "ObjectName": "Default__Function"
    },
    {
      "ObjectIndex": 27,
      "Type": "Import",
      "ClassPackage": "/Script/CoreUObject",
      "ClassName": "Function",
      "Outer": 4,
      "ObjectName": "FlushNetDormancy"
    },
    {
      "ObjectIndex": 28,
      "Type": "Import",
      "ClassPackage": "/Script/CoreUObject",
      "ClassName": "Function",
      "Outer": 4,
      "ObjectName": "HasAuthority"
    },
    {
      "ObjectIndex": 29,
      "Type": "Import",
      "ClassPackage": "/Script/CoreUObject",
      "ClassName": "Function",
      "Outer": 4,
      "ObjectName": "ReceiveBeginPlay"
    },
    {
      "ObjectIndex": 30,
      "Type": "Import",
      "ClassPackage": "/Script/CoreUObject",
      "ClassName": "Function",
      "Outer": 7,
      "ObjectName": "Array_Get"
    },
    {
      "ObjectIndex": 31,
      "Type": "Import",
      "ClassPackage": "/Script/CoreUObject",
      "ClassName": "Function",
      "Outer": 7,
      "ObjectName": "Array_LastIndex"
    },
    {
      "ObjectIndex": 32,
      "Type": "Import",
      "ClassPackage": "/Script/CoreUObject",
      "ClassName": "Function",
      "Outer": 8,
      "ObjectName": "MakeRotator"
    },
    {
      "ObjectIndex": 33,
      "Type": "Import",
      "ClassPackage": "/Script/CoreUObject",
      "ClassName": "Function",
      "Outer": 8,
      "ObjectName": "RandomFloatInRange"
    },
    {
      "ObjectIndex": 34,
      "Type": "Import",
      "ClassPackage": "/Script/CoreUObject",
      "ClassName": "Function",
      "Outer": 8,
      "ObjectName": "RandomIntegerInRange"
    },
    {
      "ObjectIndex": 35,
      "Type": "Import",
      "ClassPackage": "/Script/CoreUObject",
      "ClassName": "Function",
      "Outer": 10,
      "ObjectName": "MarkPropertyDirtyFromRepIndex"
    },
    {
      "ObjectIndex": 36,
      "Type": "Import",
      "ClassPackage": "/Script/CoreUObject",
      "ClassName": "Function",
      "Outer": 13,
      "ObjectName": "K2_AddLocalRotation"
    },
    {
      "ObjectIndex": 37,
      "Type": "Import",
      "ClassPackage": "/Script/CoreUObject",
      "ClassName": "Function",
      "Outer": 18,
      "ObjectName": "KillActorWithEffects"
    },
    {
      "ObjectIndex": 38,
      "Type": "Import",
      "ClassPackage": "/Script/Engine",
      "ClassName": "KismetArrayLibrary",
      "Outer": 54,
      "ObjectName": "Default__KismetArrayLibrary"
    },
    {
      "ObjectIndex": 39,
      "Type": "Import",
      "ClassPackage": "/Script/Engine",
      "ClassName": "MaterialInstanceConstant",
      "Outer": 44,
      "ObjectName": "M_Bauble_Ball01"
    },
    {
      "ObjectIndex": 40,
      "Type": "Import",
      "ClassPackage": "/Script/Engine",
      "ClassName": "MaterialInstanceConstant",
      "Outer": 45,
      "ObjectName": "M_Bauble_Ball02"
    },
    {
      "ObjectIndex": 41,
      "Type": "Import",
      "ClassPackage": "/Script/Engine",
      "ClassName": "MaterialInstanceConstant",
      "Outer": 46,
      "ObjectName": "M_Bauble_Ball03"
    },
    {
      "ObjectIndex": 42,
      "Type": "Import",
      "ClassPackage": "/Script/Engine",
      "ClassName": "MaterialInstanceConstant",
      "Outer": 47,
      "ObjectName": "M_Bauble_Ball04"
    },
    {
      "ObjectIndex": 43,
      "Type": "Import",
      "ClassPackage": "/Script/Engine",
      "ClassName": "MaterialInstanceConstant",
      "Outer": 48,
      "ObjectName": "M_Bauble_Ball05"
    },
    {
      "ObjectIndex": 44,
      "Type": "Import",
      "ClassPackage": "/Script/CoreUObject",
      "ClassName": "Package",
      "ObjectName": "/Game/Art/Environments/Holiday_Xmas/M_Bauble_Ball01"
    },
    {
      "ObjectIndex": 45,
      "Type": "Import",
      "ClassPackage": "/Script/CoreUObject",
      "ClassName": "Package",
      "ObjectName": "/Game/Art/Environments/Holiday_Xmas/M_Bauble_Ball02"
    },
    {
      "ObjectIndex": 46,
      "Type": "Import",
      "ClassPackage": "/Script/CoreUObject",
      "ClassName": "Package",
      "ObjectName": "/Game/Art/Environments/Holiday_Xmas/M_Bauble_Ball03"
    },
    {
      "ObjectIndex": 47,
      "Type": "Import",
      "ClassPackage": "/Script/CoreUObject",
      "ClassName": "Package",
      "ObjectName": "/Game/Art/Environments/Holiday_Xmas/M_Bauble_Ball04"
    },
    {
      "ObjectIndex": 48,
      "Type": "Import",
      "ClassPackage": "/Script/CoreUObject",
      "ClassName": "Package",
      "ObjectName": "/Game/Art/Environments/Holiday_Xmas/M_Bauble_Ball05"
    },
    {
      "ObjectIndex": 49,
      "Type": "Import",
      "ClassPackage": "/Script/CoreUObject",
      "ClassName": "Package",
      "ObjectName": "/Game/Art/Environments/Holiday_Xmas/P_XmasBauble_Kill"
    },
    {
      "ObjectIndex": 50,
      "Type": "Import",
      "ClassPackage": "/Script/CoreUObject",
      "ClassName": "Package",
      "ObjectName": "/Game/Art/Environments/Holiday_Xmas/SM_Bauble01"
    },
    {
      "ObjectIndex": 51,
      "Type": "Import",
      "ClassPackage": "/Script/CoreUObject",
      "ClassName": "Package",
      "ObjectName": "/Game/Audio/SFX/Environment/XmasBallShatter_Small_Cue"
    },
    {
      "ObjectIndex": 52,
      "Type": "Import",
      "ClassPackage": "/Script/CoreUObject",
      "ClassName": "Package",
      "ObjectName": "/Game/Character/Shouts/LaserPointer/Shout_Laserpoint_StrangeThing"
    },
    {
      "ObjectIndex": 53,
      "Type": "Import",
      "ClassPackage": "/Script/CoreUObject",
      "ClassName": "Package",
      "ObjectName": "/Script/CoreUObject"
    },
    {
      "ObjectIndex": 54,
      "Type": "Import",
      "ClassPackage": "/Script/CoreUObject",
      "ClassName": "Package",
      "ObjectName": "/Script/Engine"
    },
    {
      "ObjectIndex": 55,
      "Type": "Import",
      "ClassPackage": "/Script/CoreUObject",
      "ClassName": "Package",
      "ObjectName": "/Script/FSD"
    },
    {
      "ObjectIndex": 56,
      "Type": "Import",
      "ClassPackage": "/Script/Engine",
      "ClassName": "ParticleSystem",
      "Outer": 49,
      "ObjectName": "P_XmasBauble_Kill"
    },
    {
      "ObjectIndex": 57,
      "Type": "Import",
      "ClassPackage": "/Script/Engine",
      "ClassName": "SceneComponent",
      "Outer": 54,
      "ObjectName": "Default__SceneComponent"
    },
    {
      "ObjectIndex": 58,
      "Type": "Import",
      "ClassPackage": "/Script/CoreUObject",
      "ClassName": "ScriptStruct",
      "Outer": 53,
      "ObjectName": "Rotator"
    },
    {
      "ObjectIndex": 59,
      "Type": "Import",
      "ClassPackage": "/Script/CoreUObject",
      "ClassName": "ScriptStruct",
      "Outer": 53,
      "ObjectName": "Vector"
    },
    {
      "ObjectIndex": 60,
      "Type": "Import",
      "ClassPackage": "/Script/CoreUObject",
      "ClassName": "ScriptStruct",
      "Outer": 54,
      "ObjectName": "HitResult"
    },
    {
      "ObjectIndex": 61,
      "Type": "Import",
      "ClassPackage": "/Script/CoreUObject",
      "ClassName": "ScriptStruct",
      "Outer": 54,
      "ObjectName": "PointerToUberGraphFrame"
    },
    {
      "ObjectIndex": 62,
      "Type": "Import",
      "ClassPackage": "/Script/Engine",
      "ClassName": "SCS_Node",
      "Outer": 54,
      "ObjectName": "Default__SCS_Node"
    },
    {
      "ObjectIndex": 63,
      "Type": "Import",
      "ClassPackage": "/Script/Engine",
      "ClassName": "SimpleConstructionScript",
      "Outer": 54,
      "ObjectName": "Default__SimpleConstructionScript"
    },
    {
      "ObjectIndex": 64,
      "Type": "Import",
      "ClassPackage": "/Script/FSD",
      "ClassName": "SimpleHealthComponent",
      "Outer": 55,
      "ObjectName": "Default__SimpleHealthComponent"
    },
    {
      "ObjectIndex": 65,
      "Type": "Import",
      "ClassPackage": "/Script/FSD",
      "ClassName": "SimpleObjectInfoComponent",
      "Outer": 55,
      "ObjectName": "Default__SimpleObjectInfoComponent"
    },
    {
      "ObjectIndex": 66,
      "Type": "Import",
      "ClassPackage": "/Script/Engine",
      "ClassName": "SoundCue",
      "Outer": 51,
      "ObjectName": "XmasBallShatter_Small_Cue"
    },
    {
      "ObjectIndex": 67,
      "Type": "Import",
      "ClassPackage": "/Script/Engine",
      "ClassName": "StaticMesh",
      "Outer": 50,
      "ObjectName": "SM_Bauble01"
    },
    {
      "ObjectIndex": 68,
      "Type": "Import",
      "ClassPackage": "/Script/Engine",
      "ClassName": "StaticMeshComponent",
      "Outer": 54,
      "ObjectName": "Default__StaticMeshComponent"
    },
    {
      "ObjectIndex": 69,
      "Type": "Import",
      "ClassPackage": "/Script/FSD",
      "ClassName": "TerrainDetectComponent",
      "Outer": 55,
      "ObjectName": "Default__TerrainDetectComponent"
    },
    {
      "ObjectIndex": 70,
      "Type": "Import",
      "ClassPackage": "/Script/FSD",
      "ClassName": "TerrainPlacementComponent",
      "Outer": 55,
      "ObjectName": "Default__TerrainPlacementComponent"
    },
    {
      "ObjectIndex": 71,
      "Type": "Export",
      "ObjectMark": "$AssetObject$"
    },
    {
      "ObjectIndex": 72,
      "Type": "Export",
      "ObjectClass": 71,
      "Outer": -1,
      "ObjectName": "Default__BP_XmasBauble_Item_C",
      "ObjectFlags": 49,
      "Properties": {
        "UberGraphFrame": {},
        "DeathParticles": 56,
        "DeathSound": 66,
        "Mats": [
          39,
          40,
          41,
          42,
          43
        ],
        "RandomRotation": {
          "Pitch": 0.0,
          "Yaw": 0.0,
          "Roll": 0.0
        },
        "bReplicates": true,
        "NetDormancy": "DORM_DormantAll",
        "NetUpdateFrequency": 5.0,
        "$ReferencedObjects": [
          56,
          66,
          39,
          40,
          41,
          42,
          43
        ]
      }
    },
    {
      "ObjectIndex": 73,
      "Type": "Export",
      "ObjectClass": 6,
      "Outer": 71,
      "ObjectName": "ComponentDelegateBinding_0",
      "ObjectFlags": 0,
      "Properties": {
        "ComponentDelegateBindings": [
          {
            "ComponentPropertyName": "StaticMesh",
            "DelegatePropertyName": "OnComponentHit",
            "FunctionNameToBind": "BndEvt__StaticMesh_K2Node_ComponentBoundEvent_2_ComponentHitSignature__DelegateSignature"
          },
          {
            "ComponentPropertyName": "SimpleHealth",
            "DelegatePropertyName": "OnDeath",
            "FunctionNameToBind": "BndEvt__SimpleHealth_K2Node_ComponentBoundEvent_1_DeathSig__DelegateSignature"
          },
          {
            "ComponentPropertyName": "TerrainDetect",
            "DelegatePropertyName": "OnPointRemoved",
            "FunctionNameToBind": "BndEvt__TerrainDetect_K2Node_ComponentBoundEvent_0_PointRemovedEvent__DelegateSignature"
          }
        ],
        "$ReferencedObjects": []
      }
    },
    {
      "ObjectIndex": 74,
      "Type": "Export",
      "ObjectClass": 13,
      "Outer": 71,
      "ObjectName": "DefaultSceneRoot_GEN_VARIABLE",
      "ObjectFlags": 41,
      "Properties": {
        "$ReferencedObjects": []
      }
    },
    {
      "ObjectIndex": 75,
      "Type": "Export",
      "ObjectClass": 14,
      "Outer": 81,
      "ObjectName": "SCS_Node_0",
      "ObjectFlags": 8,
      "Properties": {
        "ComponentClass": 13,
        "ComponentTemplate": 74,
        "ChildNodes": [
          76,
          77,
          80
        ],
        "VariableGuid": {
          "A": -1143684416,
          "B": 1181873053,
          "C": -605272179,
          "D": -1189528211
        },
        "InternalVariableName": "DefaultSceneRoot",
        "$ReferencedObjects": [
          13,
          74,
          76,
          77,
          80
        ]
      }
    },
    {
      "ObjectIndex": 76,
      "Type": "Export",
      "ObjectClass": 14,
      "Outer": 81,
      "ObjectName": "SCS_Node_1",
      "ObjectFlags": 8,
      "Properties": {
        "ComponentClass": 17,
        "ComponentTemplate": 84,
        "VariableGuid": {
          "A": -821078160,
          "B": 1282503896,
          "C": -1005818473,
          "D": -1850064804
        },
        "InternalVariableName": "StaticMesh",
        "$ReferencedObjects": [
          17,
          84
        ]
      }
    },
    {
      "ObjectIndex": 77,
      "Type": "Export",
      "ObjectClass": 14,
      "Outer": 81,
      "ObjectName": "SCS_Node_3",
      "ObjectFlags": 8,
      "Properties": {
        "ComponentClass": 22,
        "ComponentTemplate": 85,
        "VariableGuid": {
          "A": -1587418477,
          "B": 1091738138,
          "C": -130844794,
          "D": 929419839
        },
        "InternalVariableName": "TerrainDetect",
        "$ReferencedObjects": [
          22,
          85
        ]
      }
    },
    {
      "ObjectIndex": 78,
      "Type": "Export",
      "ObjectClass": 14,
      "Outer": 81,
      "ObjectName": "SCS_Node_5",
      "ObjectFlags": 8,
      "Properties": {
        "ComponentClass": 20,
        "ComponentTemplate": 82,
        "VariableGuid": {
          "A": 1524049432,
          "B": 1102386361,
          "C": -1694000738,
          "D": -355047003
        },
        "InternalVariableName": "SimpleHealth",
        "$ReferencedObjects": [
          20,
          82
        ]
      }
    },
    {
      "ObjectIndex": 79,
      "Type": "Export",
      "ObjectClass": 14,
      "Outer": 81,
      "ObjectName": "SCS_Node_6",
      "ObjectFlags": 8,
      "Properties": {
        "ComponentClass": 21,
        "ComponentTemplate": 83,
        "VariableGuid": {
          "A": 721618616,
          "B": 1102652577,
          "C": 1797448380,
          "D": -208480565
        },
        "InternalVariableName": "SimpleObjectInfo",
        "$ReferencedObjects": [
          21,
          83
        ]
      }
    },
    {
      "ObjectIndex": 80,
      "Type": "Export",
      "ObjectClass": 14,
      "Outer": 81,
      "ObjectName": "SCS_Node_7",
      "ObjectFlags": 8,
      "Properties": {
        "ComponentClass": 23,
        "ComponentTemplate": 86,
        "VariableGuid": {
          "A": 949773245,
          "B": 1135416801,
          "C": -6666843,
          "D": -2136302349
        },
        "InternalVariableName": "TerrainPlacement",
        "$ReferencedObjects": [
          23,
          86
        ]
      }
    },
    {
      "ObjectIndex": 81,
      "Type": "Export",
      "ObjectClass": 15,
      "Outer": 71,
      "ObjectName": "SimpleConstructionScript_0",
      "ObjectFlags": 8,
      "Properties": {
        "RootNodes": [
          75,
          78,
          79
        ],
        "AllNodes": [
          75,
          76,
          77,
          78,
          79,
          80
        ],
        "DefaultSceneRootNode": 75,
        "$ReferencedObjects": [
          75,
          78,
          79,
          76,
          77,
          80
        ]
      }
    },
    {
      "ObjectIndex": 82,
      "Type": "Export",
      "ObjectClass": 20,
      "Outer": 71,
      "ObjectName": "SimpleHealth_GEN_VARIABLE",
      "ObjectFlags": 41,
      "Properties": {
        "MaxHealth": 5.0,
        "AutomaticFlushNetDormancy": true,
        "$ReferencedObjects": []
      }
    },
    {
      "ObjectIndex": 83,
      "Type": "Export",
      "ObjectClass": 21,
      "Outer": 71,
      "ObjectName": "SimpleObjectInfo_GEN_VARIABLE",
      "ObjectFlags": 41,
      "Properties": {
        "InGameName": "NSLOCTEXT(\"\" , \"294BC0AB4FF97BD761A189BAC955208D\" , \"Bauble\")",
        "LookAtShout": 25,
        "$ReferencedObjects": [
          25
        ]
      }
    },
    {
      "ObjectIndex": 84,
      "Type": "Export",
      "ObjectClass": 17,
      "Outer": 71,
      "ObjectName": "StaticMesh_GEN_VARIABLE",
      "ObjectFlags": 41,
      "Properties": {
        "StaticMesh": 67,
        "LDMaxDrawDistance": 7500.0,
        "CachedMaxDrawDistance": 7500.0,
        "RelativeLocation": {
          "X": 0.0,
          "Y": 0.0,
          "Z": 10.0
        },
        "RelativeScale3D": {
          "X": 0.5,
          "Y": 0.5,
          "Z": 0.5
        },
        "$ReferencedObjects": [
          67
        ]
      }
    },
    {
      "ObjectIndex": 85,
      "Type": "Export",
      "ObjectClass": 22,
      "Outer": 71,
      "ObjectName": "TerrainDetect_GEN_VARIABLE",
      "ObjectFlags": 41,
      "Properties": {
        "RelativeLocation": {
          "X": 0.0,
          "Y": -4.5776367E-05,
          "Z": -30.0
        },
        "$ReferencedObjects": []
      }
    },
    {
      "ObjectIndex": 86,
      "Type": "Export",
      "ObjectClass": 23,
      "Outer": 71,
      "ObjectName": "TerrainPlacement_GEN_VARIABLE",
      "ObjectFlags": 41,
      "Properties": {
        "Capsule": {
          "Start": {
            "X": 0.0,
            "Y": 0.0,
            "Z": -24.098373
          },
          "End": {
            "X": 0.0,
            "Y": 0.0,
            "Z": 59.651627
          },
          "Radius": 33.375
        },
        "$ReferencedObjects": []
      }
    }
  ]
}