{
  "AssetClass": "SimpleAsset",
  "AssetPackage": "/Game/AI/Formations/FM_FlyingBug",
  "AssetName": "FM_FlyingBug",
  "AssetSerializedData": {
    "SkipDependecies": true,
    "AssetClass": "/Script/FSD.FlyingFormationData",
    "AssetObjectData": {
      "FormationSize": 5,
      "FormationSpread": 300.0,
      "FormationItems": [
        {
          "Direction": {
            "X": 1.0,
            "Y": 0.0,
            "Z": 0.0
          },
          "Distance": 313.3709
        },
        {
          "Direction": {
            "X": -1.0,
            "Y": 0.0,
            "Z": 0.0
          },
          "Distance": 279.915
        },
        {
          "Direction": {
            "X": 0.0,
            "Y": -1.0,
            "Z": 0.0
          },
          "Distance": 303.05566
        },
        {
          "Direction": {
            "X": 0.0,
            "Y": 1.0,
            "Z": 0.0
          },
          "Distance": 318.80475
        },
        {
          "Direction": {
            "X": 0.0,
            "Y": 0.0,
            "Z": -1.0
          },
          "Distance": 280.58032
        }
      ],
      "LeaderQuery": {
        "TagDictionary": [
          {
            "TagName": "Creatures.Mactera"
          }
        ],
        "QueryTokenStream": [
          0,
          1,
          2,
          1,
          0
        ],
        "AutoDescription": " ALL( Creatures.Mactera )"
      },
      "MemberQuery": {
        "TagDictionary": [
          {
            "TagName": "Creatures.Mactera"
          }
        ],
        "QueryTokenStream": [
          0,
          1,
          2,
          1,
          0
        ],
        "AutoDescription": " ALL( Creatures.Mactera )"
      },
      "$ReferencedObjects": []
    }
  },
  "ObjectHierarchy": [
    {
      "ObjectIndex": 0,
      "Type": "Import",
      "ClassPackage": "/Script/CoreUObject",
      "ClassName": "Class",
      "Outer": 2,
      "ObjectName": "FlyingFormationData"
    },
    {
      "ObjectIndex": 1,
      "Type": "Import",
      "ClassPackage": "/Script/FSD",
      "ClassName": "FlyingFormationData",
      "Outer": 2,
      "ObjectName": "Default__FlyingFormationData"
    },
    {
      "ObjectIndex": 2,
      "Type": "Import",
      "ClassPackage": "/Script/CoreUObject",
      "ClassName": "Package",
      "ObjectName": "/Script/FSD"
    },
    {
      "ObjectIndex": 3,
      "Type": "Import",
      "ClassPackage": "/Script/CoreUObject",
      "ClassName": "Package",
      "ObjectName": "/Script/GameplayTags"
    },
    {
      "ObjectIndex": 4,
      "Type": "Import",
      "ClassPackage": "/Script/CoreUObject",
      "ClassName": "ScriptStruct",
      "Outer": 3,
      "ObjectName": "GameplayTag"
    },
    {
      "ObjectIndex": 5,
      "Type": "Export",
      "ObjectMark": "$AssetObject$"
    }
  ]
}