{
  "AssetClass": "SimpleAsset",
  "AssetPackage": "/Game/AI/Formations/FM_Grunts",
  "AssetName": "FM_Grunts",
  "AssetSerializedData": {
    "SkipDependecies": true,
    "AssetClass": "/Script/FSD.GroundFormationData",
    "AssetObjectData": {
      "FormationSize": 12,
      "FormationSpread": 350.0,
      "FormationItems": [
        {
          "Direction": {
            "X": 1.0,
            "Y": 0.0,
            "Z": 0.0
          },
          "Distance": 342.98303
        },
        {
          "Direction": {
            "X": -1.0,
            "Y": 0.0,
            "Z": 0.0
          },
          "Distance": 325.72635
        },
        {
          "Direction": {
            "X": 0.0,
            "Y": -1.0,
            "Z": 0.0
          },
          "Distance": 360.30075
        },
        {
          "Direction": {
            "X": 0.0,
            "Y": 1.0,
            "Z": 0.0
          },
          "Distance": 367.13538
        },
        {
          "Direction": {
            "X": -0.70710677,
            "Y": -0.70710677,
            "Z": 0.0
          },
          "Distance": 363.08862
        },
        {
          "Direction": {
            "X": 0.70710677,
            "Y": 0.70710677,
            "Z": 0.0
          },
          "Distance": 356.49817
        },
        {
          "Direction": {
            "X": -0.70710677,
            "Y": 0.70710677,
            "Z": 0.0
          },
          "Distance": 365.5362
        },
        {
          "Direction": {
            "X": 0.70710677,
            "Y": -0.70710677,
            "Z": 0.0
          },
          "Distance": 346.37057
        },
        {
          "Direction": {
            "X": 1.0,
            "Y": 0.0,
            "Z": 0.0
          },
          "Distance": 677.7497
        },
        {
          "Direction": {
            "X": -1.0,
            "Y": 0.0,
            "Z": 0.0
          },
          "Distance": 693.76886
        },
        {
          "Direction": {
            "X": 0.0,
            "Y": -1.0,
            "Z": 0.0
          },
          "Distance": 694.8111
        },
        {
          "Direction": {
            "X": 0.0,
            "Y": 1.0,
            "Z": 0.0
          },
          "Distance": 680.6856
        }
      ],
      "LeaderQuery": {
        "TagDictionary": [
          {
            "TagName": "Creatures.Glyphids.Grunt"
          }
        ],
        "QueryTokenStream": [
          0,
          1,
          2,
          1,
          0
        ],
        "AutoDescription": " ALL( Creatures.Glyphids.Grunt )"
      },
      "MemberQuery": {
        "TagDictionary": [
          {
            "TagName": "Creatures.Glyphids.Grunt"
          }
        ],
        "QueryTokenStream": [
          0,
          1,
          2,
          1,
          0
        ],
        "AutoDescription": " ALL( Creatures.Glyphids.Grunt )"
      },
      "$ReferencedObjects": []
    }
  },
  "ObjectHierarchy": [
    {
      "ObjectIndex": 0,
      "Type": "Import",
      "ClassPackage": "/Script/CoreUObject",
      "ClassName": "Class",
      "Outer": 2,
      "ObjectName": "GroundFormationData"
    },
    {
      "ObjectIndex": 1,
      "Type": "Import",
      "ClassPackage": "/Script/FSD",
      "ClassName": "GroundFormationData",
      "Outer": 2,
      "ObjectName": "Default__GroundFormationData"
    },
    {
      "ObjectIndex": 2,
      "Type": "Import",
      "ClassPackage": "/Script/CoreUObject",
      "ClassName": "Package",
      "ObjectName": "/Script/FSD"
    },
    {
      "ObjectIndex": 3,
      "Type": "Import",
      "ClassPackage": "/Script/CoreUObject",
      "ClassName": "Package",
      "ObjectName": "/Script/GameplayTags"
    },
    {
      "ObjectIndex": 4,
      "Type": "Import",
      "ClassPackage": "/Script/CoreUObject",
      "ClassName": "ScriptStruct",
      "Outer": 3,
      "ObjectName": "GameplayTag"
    },
    {
      "ObjectIndex": 5,
      "Type": "Export",
      "ObjectMark": "$AssetObject$"
    }
  ]
}