{
  "AssetClass": "SimpleAsset",
  "AssetPackage": "/Game/AI/Formations/FM_Sawblades",
  "AssetName": "FM_Sawblades",
  "AssetSerializedData": {
    "SkipDependecies": true,
    "AssetClass": "/Script/FSD.FlyingFormationData",
    "AssetObjectData": {
      "FormationSize": 10,
      "FormationSpread": 150.0,
      "FormationItems": [
        {
          "Direction": {
            "X": 1.0,
            "Y": 0.0,
            "Z": 0.0
          },
          "Distance": 152.29117
        },
        {
          "Direction": {
            "X": -1.0,
            "Y": 0.0,
            "Z": 0.0
          },
          "Distance": 159.23871
        },
        {
          "Direction": {
            "X": 0.0,
            "Y": -1.0,
            "Z": 0.0
          },
          "Distance": 153.15332
        },
        {
          "Direction": {
            "X": 0.0,
            "Y": 1.0,
            "Z": 0.0
          },
          "Distance": 125.34944
        },
        {
          "Direction": {
            "X": 0.0,
            "Y": 0.0,
            "Z": -1.0
          },
          "Distance": 127.27973
        },
        {
          "Direction": {
            "X": 0.0,
            "Y": 0.0,
            "Z": 1.0
          },
          "Distance": 149.88785
        },
        {
          "Direction": {
            "X": -0.70710677,
            "Y": -0.70710677,
            "Z": 0.0
          },
          "Distance": 169.98276
        },
        {
          "Direction": {
            "X": 0.70710677,
            "Y": 0.70710677,
            "Z": 0.0
          },
          "Distance": 151.59077
        },
        {
          "Direction": {
            "X": -0.70710677,
            "Y": 0.70710677,
            "Z": 0.0
          },
          "Distance": 139.17584
        },
        {
          "Direction": {
            "X": 0.70710677,
            "Y": -0.70710677,
            "Z": 0.0
          },
          "Distance": 129.94705
        }
      ],
      "LeaderQuery": {
        "TagDictionary": [
          {
            "TagName": "Creatures.Mechanical.Drones"
          }
        ],
        "QueryTokenStream": [
          0,
          1,
          2,
          1,
          0
        ],
        "AutoDescription": " ALL( Creatures.Mechanical.Drones )"
      },
      "MemberQuery": {
        "TagDictionary": [
          {
            "TagName": "Creatures.Mechanical.Drones"
          }
        ],
        "QueryTokenStream": [
          0,
          1,
          2,
          1,
          0
        ],
        "AutoDescription": " ALL( Creatures.Mechanical.Drones )"
      },
      "$ReferencedObjects": []
    }
  },
  "ObjectHierarchy": [
    {
      "ObjectIndex": 0,
      "Type": "Import",
      "ClassPackage": "/Script/CoreUObject",
      "ClassName": "Class",
      "Outer": 2,
      "ObjectName": "FlyingFormationData"
    },
    {
      "ObjectIndex": 1,
      "Type": "Import",
      "ClassPackage": "/Script/FSD",
      "ClassName": "FlyingFormationData",
      "Outer": 2,
      "ObjectName": "Default__FlyingFormationData"
    },
    {
      "ObjectIndex": 2,
      "Type": "Import",
      "ClassPackage": "/Script/CoreUObject",
      "ClassName": "Package",
      "ObjectName": "/Script/FSD"
    },
    {
      "ObjectIndex": 3,
      "Type": "Import",
      "ClassPackage": "/Script/CoreUObject",
      "ClassName": "Package",
      "ObjectName": "/Script/GameplayTags"
    },
    {
      "ObjectIndex": 4,
      "Type": "Import",
      "ClassPackage": "/Script/CoreUObject",
      "ClassName": "ScriptStruct",
      "Outer": 3,
      "ObjectName": "GameplayTag"
    },
    {
      "ObjectIndex": 5,
      "Type": "Export",
      "ObjectMark": "$AssetObject$"
    }
  ]
}