{
  "AssetClass": "Blueprint",
  "AssetPackage": "/Game/Art/Environments/ShipTesting/BP_Hologram",
  "AssetName": "BP_Hologram",
  "AssetSerializedData": {
    "SkipDependecies": false,
    "SuperStruct": 6,
    "Children": [
      {
        "FieldKind": "Function",
        "ObjectClass": "Function",
        "ObjectName": "BndEvt__InstantUsable_K2Node_ComponentBoundEvent_0_UsedBySignature__DelegateSignature",
        "SuperStruct": -1,
        "Children": [],
        "ChildProperties": [
          {
            "FieldKind": "Property",
            "ObjectClass": "ObjectProperty",
            "ObjectName": "user",
            "ArrayDim": 1,
            "PropertyFlags": "148",
            "RepNotifyFunc": "None",
            "BlueprintReplicationCondition": 0,
            "PropertyClass": 19
          },
          {
            "FieldKind": "Property",
            "ObjectClass": "EnumProperty",
            "ObjectName": "key",
            "ArrayDim": 1,
            "PropertyFlags": "148",
            "RepNotifyFunc": "None",
            "BlueprintReplicationCondition": 0,
            "Enum": 22,
            "UnderlyingProp": {
              "ObjectClass": "ByteProperty",
              "ObjectName": "UnderlyingType",
              "ArrayDim": 1,
              "PropertyFlags": "0",
              "RepNotifyFunc": "None",
              "BlueprintReplicationCondition": 0,
              "Enum": -1
            }
          }
        ],
        "Script": [
          {
            "Inst": "LetValueOnPersistentFrame",
            "PropertyName": "K2Node_ComponentBoundEvent_user",
            "PropertyType": {
              "PinCategory": "Object",
              "PinSubCategory": "Object",
              "PinSubCategoryObject": "/Script/FSD.PlayerCharacter"
            },
            "Expression": {
              "Inst": "LocalVariable",
              "VariableType": {
                "PinCategory": "Object",
                "PinSubCategory": "Object",
                "PinSubCategoryObject": "/Script/FSD.PlayerCharacter"
              },
              "VariableName": "user"
            },
            "StatementIndex": 0
          },
          {
            "Inst": "LetValueOnPersistentFrame",
            "PropertyName": "K2Node_ComponentBoundEvent_key",
            "PropertyType": {
              "PinCategory": "byte",
              "PinSubCategory": "byte",
              "PinSubCategoryObject": "/Script/FSD.EInputKeys"
            },
            "Expression": {
              "Inst": "LocalVariable",
              "VariableType": {
                "PinCategory": "byte",
                "PinSubCategory": "byte",
                "PinSubCategoryObject": "/Script/FSD.EInputKeys"
              },
              "VariableName": "key"
            },
            "StatementIndex": 18
          },
          {
            "Inst": "LocalFinalFunction",
            "Function": "ExecuteUbergraph_BP_Hologram",
            "Parameters": [
              {
                "Inst": "IntConst",
                "Value": 327
              }
            ],
            "StatementIndex": 36
          },
          {
            "Inst": "Return",
            "Expression": {
              "Inst": "Nothing"
            },
            "StatementIndex": 51
          },
          {
            "Inst": "EndOfScript",
            "StatementIndex": 53
          }
        ],
        "FunctionFlags": "134217728"
      },
      {
        "FieldKind": "Function",
        "ObjectClass": "Function",
        "ObjectName": "ReceiveBeginPlay",
        "SuperStruct": 26,
        "Children": [],
        "ChildProperties": [],
        "Script": [
          {
            "Inst": "LocalFinalFunction",
            "Function": "ExecuteUbergraph_BP_Hologram",
            "Parameters": [
              {
                "Inst": "IntConst",
                "Value": 332
              }
            ],
            "StatementIndex": 0
          },
          {
            "Inst": "Return",
            "Expression": {
              "Inst": "Nothing"
            },
            "StatementIndex": 15
          },
          {
            "Inst": "EndOfScript",
            "StatementIndex": 17
          }
        ],
        "FunctionFlags": "134744064"
      },
      {
        "FieldKind": "Function",
        "ObjectClass": "Function",
        "ObjectName": "ExecuteUbergraph_BP_Hologram",
        "SuperStruct": -1,
        "Children": [],
        "ChildProperties": [
          {
            "FieldKind": "Property",
            "ObjectClass": "IntProperty",
            "ObjectName": "EntryPoint",
            "ArrayDim": 1,
            "PropertyFlags": "148",
            "RepNotifyFunc": "None",
            "BlueprintReplicationCondition": 0
          },
          {
            "FieldKind": "Property",
            "ObjectClass": "ObjectProperty",
            "ObjectName": "K2Node_ComponentBoundEvent_user",
            "ArrayDim": 1,
            "PropertyFlags": "0",
            "RepNotifyFunc": "None",
            "BlueprintReplicationCondition": 0,
            "PropertyClass": 19
          },
          {
            "FieldKind": "Property",
            "ObjectClass": "EnumProperty",
            "ObjectName": "K2Node_ComponentBoundEvent_key",
            "ArrayDim": 1,
            "PropertyFlags": "0",
            "RepNotifyFunc": "None",
            "BlueprintReplicationCondition": 0,
            "Enum": 22,
            "UnderlyingProp": {
              "ObjectClass": "ByteProperty",
              "ObjectName": "UnderlyingType",
              "ArrayDim": 1,
              "PropertyFlags": "0",
              "RepNotifyFunc": "None",
              "BlueprintReplicationCondition": 0,
              "Enum": -1
            }
          },
          {
            "FieldKind": "Property",
            "ObjectClass": "BoolProperty",
            "ObjectName": "CallFunc_IsLocallyControlled_ReturnValue",
            "ArrayDim": 1,
            "PropertyFlags": "0",
            "RepNotifyFunc": "None",
            "BlueprintReplicationCondition": 0,
            "BoolSize": 1,
            "NativeBool": true
          },
          {
            "FieldKind": "Property",
            "ObjectClass": "ObjectProperty",
            "ObjectName": "CallFunc_GetController_ReturnValue",
            "ArrayDim": 1,
            "PropertyFlags": "0",
            "RepNotifyFunc": "None",
            "BlueprintReplicationCondition": 0,
            "PropertyClass": 9
          },
          {
            "FieldKind": "Property",
            "ObjectClass": "ObjectProperty",
            "ObjectName": "K2Node_DynamicCast_AsBP_Player_Controller_Space_Rig",
            "ArrayDim": 1,
            "PropertyFlags": "0",
            "RepNotifyFunc": "None",
            "BlueprintReplicationCondition": 0,
            "PropertyClass": 1
          },
          {
            "FieldKind": "Property",
            "ObjectClass": "BoolProperty",
            "ObjectName": "K2Node_DynamicCast_bSuccess",
            "ArrayDim": 1,
            "PropertyFlags": "0",
            "RepNotifyFunc": "None",
            "BlueprintReplicationCondition": 0,
            "BoolSize": 1,
            "NativeBool": true
          },
          {
            "FieldKind": "Property",
            "ObjectClass": "StructProperty",
            "ObjectName": "CallFunc_K2_GetActorLocation_ReturnValue",
            "ArrayDim": 1,
            "PropertyFlags": "0",
            "RepNotifyFunc": "None",
            "BlueprintReplicationCondition": 0,
            "Struct": 45
          },
          {
            "FieldKind": "Property",
            "ObjectClass": "StructProperty",
            "ObjectName": "CallFunc_K2_GetActorLocation_ReturnValue_1",
            "ArrayDim": 1,
            "PropertyFlags": "0",
            "RepNotifyFunc": "None",
            "BlueprintReplicationCondition": 0,
            "Struct": 45
          }
        ],
        "Script": [
          {
            "Inst": "PushExecutionFlow",
            "Offset": 530,
            "StatementIndex": 0
          },
          {
            "Inst": "ComputedJump",
            "OffsetExpression": {
              "Inst": "LocalVariable",
              "VariableType": {
                "PinCategory": "int",
                "PinSubCategory": "int"
              },
              "VariableName": "EntryPoint"
            },
            "StatementIndex": 5
          },
          {
            "Inst": "PushExecutionFlow",
            "Offset": 137,
            "StatementIndex": 15
          },
          {
            "Inst": "LetBool",
            "Variable": {
              "Inst": "LocalVariable",
              "VariableType": {
                "PinCategory": "bool",
                "PinSubCategory": "bool"
              },
              "VariableName": "CallFunc_IsLocallyControlled_ReturnValue"
            },
            "Expression": {
              "Inst": "Context",
              "Context": {
                "Inst": "LocalVariable",
                "VariableType": {
                  "PinCategory": "Object",
                  "PinSubCategory": "Object",
                  "PinSubCategoryObject": "/Script/FSD.PlayerCharacter"
                },
                "VariableName": "K2Node_ComponentBoundEvent_user"
              },
              "SkipOffsetForNull": 14,
              "RValuePropertyType": {
                "PinCategory": "bool",
                "PinSubCategory": "bool"
              },
              "RValuePropertyName": "CallFunc_IsLocallyControlled_ReturnValue",
              "Expression": {
                "Inst": "VirtualFunction",
                "Function": "IsLocallyControlled",
                "Parameters": []
              }
            },
            "StatementIndex": 20
          },
          {
            "Inst": "PopExecutionFlowIfNot",
            "Condition": {
              "Inst": "LocalVariable",
              "VariableType": {
                "PinCategory": "bool",
                "PinSubCategory": "bool"
              },
              "VariableName": "CallFunc_IsLocallyControlled_ReturnValue"
            },
            "StatementIndex": 66
          },
          {
            "Inst": "Context",
            "Context": {
              "Inst": "ObjectConst",
              "Object": "/Script/Engine.Default__GameplayStatics"
            },
            "SkipOffsetForNull": 38,
            "Expression": {
              "Inst": "FinalFunction",
              "Function": "PlaySound2D",
              "Parameters": [
                {
                  "Inst": "Self"
                },
                {
                  "Inst": "ObjectConst",
                  "Object": "/Game/Audio/SFX/UI/Menu/Button_Click_keyboard_01_Cue.Button_Click_keyboard_01_Cue"
                },
                {
                  "Inst": "FloatConst",
                  "Value": 1.0
                },
                {
                  "Inst": "FloatConst",
                  "Value": 1.0
                },
                {
                  "Inst": "FloatConst",
                  "Value": 0.0
                },
                {
                  "Inst": "NoObject"
                },
                {
                  "Inst": "NoObject"
                },
                {
                  "Inst": "True"
                }
              ]
            },
            "StatementIndex": 76
          },
          {
            "Inst": "PopExecutionFlow",
            "StatementIndex": 136
          },
          {
            "Inst": "LetObj",
            "Variable": {
              "Inst": "LocalVariable",
              "VariableType": {
                "PinCategory": "Object",
                "PinSubCategory": "Object",
                "PinSubCategoryObject": "/Script/Engine.Controller"
              },
              "VariableName": "CallFunc_GetController_ReturnValue"
            },
            "Expression": {
              "Inst": "Context",
              "Context": {
                "Inst": "LocalVariable",
                "VariableType": {
                  "PinCategory": "Object",
                  "PinSubCategory": "Object",
                  "PinSubCategoryObject": "/Script/FSD.PlayerCharacter"
                },
                "VariableName": "K2Node_ComponentBoundEvent_user"
              },
              "SkipOffsetForNull": 10,
              "RValuePropertyType": {
                "PinCategory": "Object",
                "PinSubCategory": "Object",
                "PinSubCategoryObject": "/Script/Engine.Controller"
              },
              "RValuePropertyName": "CallFunc_GetController_ReturnValue",
              "Expression": {
                "Inst": "FinalFunction",
                "Function": "GetController",
                "Parameters": []
              }
            },
            "StatementIndex": 137
          },
          {
            "Inst": "Let",
            "Variable": {
              "Inst": "LocalVariable",
              "VariableType": {
                "PinCategory": "Object",
                "PinSubCategory": "Object",
                "PinSubCategoryObject": "/Game/Game/SpaceRig/BP_PlayerController_SpaceRig.BP_PlayerController_SpaceRig_C"
              },
              "VariableName": "K2Node_DynamicCast_AsBP_Player_Controller_Space_Rig"
            },
            "Expression": {
              "Inst": "DynamicCast",
              "Class": "/Game/Game/SpaceRig/BP_PlayerController_SpaceRig.BP_PlayerController_SpaceRig_C",
              "Expression": {
                "Inst": "LocalVariable",
                "VariableType": {
                  "PinCategory": "Object",
                  "PinSubCategory": "Object",
                  "PinSubCategoryObject": "/Script/Engine.Controller"
                },
                "VariableName": "CallFunc_GetController_ReturnValue"
              }
            },
            "StatementIndex": 179
          },
          {
            "Inst": "Let",
            "Variable": {
              "Inst": "LocalVariable",
              "VariableType": {
                "PinCategory": "bool",
                "PinSubCategory": "bool"
              },
              "VariableName": "K2Node_DynamicCast_bSuccess"
            },
            "Expression": {
              "Inst": "PrimitiveCast",
              "CastType": "ObjectToBool",
              "Expression": {
                "Inst": "LocalVariable",
                "VariableType": {
                  "PinCategory": "Object",
                  "PinSubCategory": "Object",
                  "PinSubCategoryObject": "/Game/Game/SpaceRig/BP_PlayerController_SpaceRig.BP_PlayerController_SpaceRig_C"
                },
                "VariableName": "K2Node_DynamicCast_AsBP_Player_Controller_Space_Rig"
              }
            },
            "StatementIndex": 215
          },
          {
            "Inst": "PopExecutionFlowIfNot",
            "Condition": {
              "Inst": "LocalVariable",
              "VariableType": {
                "PinCategory": "bool",
                "PinSubCategory": "bool"
              },
              "VariableName": "K2Node_DynamicCast_bSuccess"
            },
            "StatementIndex": 244
          },
          {
            "Inst": "Context",
            "Context": {
              "Inst": "LocalVariable",
              "VariableType": {
                "PinCategory": "Object",
                "PinSubCategory": "Object",
                "PinSubCategoryObject": "/Game/Game/SpaceRig/BP_PlayerController_SpaceRig.BP_PlayerController_SpaceRig_C"
              },
              "VariableName": "K2Node_DynamicCast_AsBP_Player_Controller_Space_Rig"
            },
            "SkipOffsetForNull": 14,
            "Expression": {
              "Inst": "VirtualFunction",
              "Function": "Client_OpenMap",
              "Parameters": []
            },
            "StatementIndex": 254
          },
          {
            "Inst": "Context",
            "Context": {
              "Inst": "LocalVariable",
              "VariableType": {
                "PinCategory": "Object",
                "PinSubCategory": "Object",
                "PinSubCategoryObject": "/Game/Game/SpaceRig/BP_PlayerController_SpaceRig.BP_PlayerController_SpaceRig_C"
              },
              "VariableName": "K2Node_DynamicCast_AsBP_Player_Controller_Space_Rig"
            },
            "SkipOffsetForNull": 14,
            "Expression": {
              "Inst": "LocalVirtualFunction",
              "FunctionName": "ShowLookAtConsole",
              "Parameters": []
            },
            "StatementIndex": 290
          },
          {
            "Inst": "PopExecutionFlow",
            "StatementIndex": 326
          },
          {
            "Inst": "Jump",
            "Offset": 15,
            "StatementIndex": 327
          },
          {
            "Inst": "Let",
            "Variable": {
              "Inst": "LocalVariable",
              "VariableType": {
                "PinCategory": "Struct",
                "PinSubCategory": "Struct",
                "PinSubCategoryObject": "/Script/CoreUObject.Vector"
              },
              "VariableName": "CallFunc_K2_GetActorLocation_ReturnValue"
            },
            "Expression": {
              "Inst": "FinalFunction",
              "Function": "K2_GetActorLocation",
              "Parameters": []
            },
            "StatementIndex": 332
          },
          {
            "Inst": "CallMath",
            "Function": "PlaySoundAtLocation",
            "ContextClass": "/Script/Engine.GameplayStatics",
            "Parameters": [
              {
                "Inst": "Self"
              },
              {
                "Inst": "NoObject"
              },
              {
                "Inst": "LocalVariable",
                "VariableType": {
                  "PinCategory": "Struct",
                  "PinSubCategory": "Struct",
                  "PinSubCategoryObject": "/Script/CoreUObject.Vector"
                },
                "VariableName": "CallFunc_K2_GetActorLocation_ReturnValue"
              },
              {
                "Inst": "RotationConst",
                "Pitch": 0.0,
                "Yaw": 0.0,
                "Roll": 0.0
              },
              {
                "Inst": "FloatConst",
                "Value": 1.0
              },
              {
                "Inst": "FloatConst",
                "Value": 1.0
              },
              {
                "Inst": "FloatConst",
                "Value": 0.0
              },
              {
                "Inst": "NoObject"
              },
              {
                "Inst": "NoObject"
              },
              {
                "Inst": "NoObject"
              }
            ],
            "StatementIndex": 360
          },
          {
            "Inst": "Let",
            "Variable": {
              "Inst": "LocalVariable",
              "VariableType": {
                "PinCategory": "Struct",
                "PinSubCategory": "Struct",
                "PinSubCategoryObject": "/Script/CoreUObject.Vector"
              },
              "VariableName": "CallFunc_K2_GetActorLocation_ReturnValue_1"
            },
            "Expression": {
              "Inst": "FinalFunction",
              "Function": "K2_GetActorLocation",
              "Parameters": []
            },
            "StatementIndex": 412
          },
          {
            "Inst": "CallMath",
            "Function": "PlaySoundAtLocation",
            "ContextClass": "/Script/Engine.GameplayStatics",
            "Parameters": [
              {
                "Inst": "Self"
              },
              {
                "Inst": "NoObject"
              },
              {
                "Inst": "LocalVariable",
                "VariableType": {
                  "PinCategory": "Struct",
                  "PinSubCategory": "Struct",
                  "PinSubCategoryObject": "/Script/CoreUObject.Vector"
                },
                "VariableName": "CallFunc_K2_GetActorLocation_ReturnValue_1"
              },
              {
                "Inst": "RotationConst",
                "Pitch": 0.0,
                "Yaw": 0.0,
                "Roll": 0.0
              },
              {
                "Inst": "FloatConst",
                "Value": 1.0
              },
              {
                "Inst": "FloatConst",
                "Value": 1.0
              },
              {
                "Inst": "FloatConst",
                "Value": 0.0
              },
              {
                "Inst": "NoObject"
              },
              {
                "Inst": "NoObject"
              },
              {
                "Inst": "NoObject"
              }
            ],
            "StatementIndex": 440
          },
          {
            "Inst": "Context",
            "Context": {
              "Inst": "InstanceVariable",
              "VariableType": {
                "PinCategory": "Object",
                "PinSubCategory": "Object",
                "PinSubCategoryObject": "/Script/Engine.RotatingMovementComponent"
              },
              "VariableName": "RotatingMovement"
            },
            "SkipOffsetForNull": 15,
            "Expression": {
              "Inst": "VirtualFunction",
              "Function": "SetUpdatedComponent",
              "Parameters": [
                {
                  "Inst": "NoObject"
                }
              ]
            },
            "StatementIndex": 492
          },
          {
            "Inst": "PopExecutionFlow",
            "StatementIndex": 529
          },
          {
            "Inst": "Return",
            "Expression": {
              "Inst": "Nothing"
            },
            "StatementIndex": 530
          },
          {
            "Inst": "EndOfScript",
            "StatementIndex": 532
          }
        ],
        "FunctionFlags": "32769"
      }
    ],
    "ChildProperties": [
      {
        "FieldKind": "Property",
        "ObjectClass": "StructProperty",
        "ObjectName": "UberGraphFrame",
        "ArrayDim": 1,
        "PropertyFlags": "2105344",
        "RepNotifyFunc": "None",
        "BlueprintReplicationCondition": 0,
        "Struct": 46
      },
      {
        "FieldKind": "Property",
        "ObjectClass": "ObjectProperty",
        "ObjectName": "Usable_Collider",
        "ArrayDim": 1,
        "PropertyFlags": "17180393476",
        "RepNotifyFunc": "None",
        "BlueprintReplicationCondition": 0,
        "PropertyClass": 16
      },
      {
        "FieldKind": "Property",
        "ObjectClass": "ObjectProperty",
        "ObjectName": "RotatingMovement",
        "ArrayDim": 1,
        "PropertyFlags": "17180393476",
        "RepNotifyFunc": "None",
        "BlueprintReplicationCondition": 0,
        "PropertyClass": 12
      },
      {
        "FieldKind": "Property",
        "ObjectClass": "ObjectProperty",
        "ObjectName": "TextRender",
        "ArrayDim": 1,
        "PropertyFlags": "17180393476",
        "RepNotifyFunc": "None",
        "BlueprintReplicationCondition": 0,
        "PropertyClass": 17
      },
      {
        "FieldKind": "Property",
        "ObjectClass": "ObjectProperty",
        "ObjectName": "InstantUsable",
        "ArrayDim": 1,
        "PropertyFlags": "17180393476",
        "RepNotifyFunc": "None",
        "BlueprintReplicationCondition": 0,
        "PropertyClass": 18
      },
      {
        "FieldKind": "Property",
        "ObjectClass": "ObjectProperty",
        "ObjectName": "DefaultSceneRoot",
        "ArrayDim": 1,
        "PropertyFlags": "17180393476",
        "RepNotifyFunc": "None",
        "BlueprintReplicationCondition": 0,
        "PropertyClass": 13
      },
      {
        "FieldKind": "Property",
        "ObjectClass": "FloatProperty",
        "ObjectName": "RotationSpeed",
        "ArrayDim": 1,
        "PropertyFlags": "5",
        "RepNotifyFunc": "None",
        "BlueprintReplicationCondition": 0
      },
      {
        "FieldKind": "Property",
        "ObjectClass": "IntProperty",
        "ObjectName": "NumberOfMarkers",
        "ArrayDim": 1,
        "PropertyFlags": "65541",
        "RepNotifyFunc": "None",
        "BlueprintReplicationCondition": 0
      }
    ],
    "ClassFlags": "8652820",
    "ClassWithin": 5,
    "ClassConfigName": "Engine",
    "Interfaces": [],
    "ClassDefaultObject": 55,
    "AssetObjectData": {
      "DynamicBindingObjects": [
        56
      ],
      "SimpleConstructionScript": 65,
      "$ReferencedObjects": [
        56,
        65
      ]
    },
    "GeneratedVariableNames": [
      "DefaultSceneRoot",
      "InstantUsable",
      "TextRender",
      "RotatingMovement",
      "Usable_Collider"
    ]
  },
  "ObjectHierarchy": [
    {
      "ObjectIndex": 0,
      "Type": "Import",
      "ClassPackage": "/Script/Engine",
      "ClassName": "Actor",
      "Outer": 37,
      "ObjectName": "Default__Actor"
    },
    {
      "ObjectIndex": 1,
      "Type": "Import",
      "ClassPackage": "/Script/Engine",
      "ClassName": "BlueprintGeneratedClass",
      "Outer": 35,
      "ObjectName": "BP_PlayerController_SpaceRig_C"
    },
    {
      "ObjectIndex": 2,
      "Type": "Import",
      "ClassPackage": "/Script/Engine",
      "ClassName": "BlueprintGeneratedClass",
      "Outer": 37,
      "ObjectName": "Default__BlueprintGeneratedClass"
    },
    {
      "ObjectIndex": 3,
      "Type": "Import",
      "ClassPackage": "/Game/Game/SpaceRig/BP_PlayerController_SpaceRig",
      "ClassName": "BP_PlayerController_SpaceRig_C",
      "Outer": 35,
      "ObjectName": "Default__BP_PlayerController_SpaceRig_C"
    },
    {
      "ObjectIndex": 4,
      "Type": "Import",
      "ClassPackage": "/Script/CoreUObject",
      "ClassName": "Class",
      "Outer": 36,
      "ObjectName": "Function"
    },
    {
      "ObjectIndex": 5,
      "Type": "Import",
      "ClassPackage": "/Script/CoreUObject",
      "ClassName": "Class",
      "Outer": 36,
      "ObjectName": "Object"
    },
    {
      "ObjectIndex": 6,
      "Type": "Import",
      "ClassPackage": "/Script/CoreUObject",
      "ClassName": "Class",
      "Outer": 37,
      "ObjectName": "Actor"
    },
    {
      "ObjectIndex": 7,
      "Type": "Import",
      "ClassPackage": "/Script/CoreUObject",
      "ClassName": "Class",
      "Outer": 37,
      "ObjectName": "BlueprintGeneratedClass"
    },
    {
      "ObjectIndex": 8,
      "Type": "Import",
      "ClassPackage": "/Script/CoreUObject",
      "ClassName": "Class",
      "Outer": 37,
      "ObjectName": "ComponentDelegateBinding"
    },
    {
      "ObjectIndex": 9,
      "Type": "Import",
      "ClassPackage": "/Script/CoreUObject",
      "ClassName": "Class",
      "Outer": 37,
      "ObjectName": "Controller"
    },
    {
      "ObjectIndex": 10,
      "Type": "Import",
      "ClassPackage": "/Script/CoreUObject",
      "ClassName": "Class",
      "Outer": 37,
      "ObjectName": "GameplayStatics"
    },
    {
      "ObjectIndex": 11,
      "Type": "Import",
      "ClassPackage": "/Script/CoreUObject",
      "ClassName": "Class",
      "Outer": 37,
      "ObjectName": "Pawn"
    },
    {
      "ObjectIndex": 12,
      "Type": "Import",
      "ClassPackage": "/Script/CoreUObject",
      "ClassName": "Class",
      "Outer": 37,
      "ObjectName": "RotatingMovementComponent"
    },
    {
      "ObjectIndex": 13,
      "Type": "Import",
      "ClassPackage": "/Script/CoreUObject",
      "ClassName": "Class",
      "Outer": 37,
      "ObjectName": "SceneComponent"
    },
    {
      "ObjectIndex": 14,
      "Type": "Import",
      "ClassPackage": "/Script/CoreUObject",
      "ClassName": "Class",
      "Outer": 37,
      "ObjectName": "SCS_Node"
    },
    {
      "ObjectIndex": 15,
      "Type": "Import",
      "ClassPackage": "/Script/CoreUObject",
      "ClassName": "Class",
      "Outer": 37,
      "ObjectName": "SimpleConstructionScript"
    },
    {
      "ObjectIndex": 16,
      "Type": "Import",
      "ClassPackage": "/Script/CoreUObject",
      "ClassName": "Class",
      "Outer": 37,
      "ObjectName": "SphereComponent"
    },
    {
      "ObjectIndex": 17,
      "Type": "Import",
      "ClassPackage": "/Script/CoreUObject",
      "ClassName": "Class",
      "Outer": 37,
      "ObjectName": "TextRenderComponent"
    },
    {
      "ObjectIndex": 18,
      "Type": "Import",
      "ClassPackage": "/Script/CoreUObject",
      "ClassName": "Class",
      "Outer": 38,
      "ObjectName": "InstantUsable"
    },
    {
      "ObjectIndex": 19,
      "Type": "Import",
      "ClassPackage": "/Script/CoreUObject",
      "ClassName": "Class",
      "Outer": 38,
      "ObjectName": "PlayerCharacter"
    },
    {
      "ObjectIndex": 20,
      "Type": "Import",
      "ClassPackage": "/Script/CoreUObject",
      "ClassName": "Class",
      "Outer": 39,
      "ObjectName": "NavArea_Obstacle"
    },
    {
      "ObjectIndex": 21,
      "Type": "Import",
      "ClassPackage": "/Script/Engine",
      "ClassName": "ComponentDelegateBinding",
      "Outer": 37,
      "ObjectName": "Default__ComponentDelegateBinding"
    },
    {
      "ObjectIndex": 22,
      "Type": "Import",
      "ClassPackage": "/Script/CoreUObject",
      "ClassName": "Enum",
      "Outer": 38,
      "ObjectName": "EInputKeys"
    },
    {
      "ObjectIndex": 23,
      "Type": "Import",
      "ClassPackage": "/Script/FSD",
      "ClassName": "FSDWidgetEffectsComponent",
      "Outer": 3,
      "ObjectName": "WidgetEffects"
    },
    {
      "ObjectIndex": 24,
      "Type": "Import",
      "ClassPackage": "/Script/CoreUObject",
      "ClassName": "Function",
      "Outer": 36,
      "ObjectName": "Default__Function"
    },
    {
      "ObjectIndex": 25,
      "Type": "Import",
      "ClassPackage": "/Script/CoreUObject",
      "ClassName": "Function",
      "Outer": 6,
      "ObjectName": "K2_GetActorLocation"
    },
    {
      "ObjectIndex": 26,
      "Type": "Import",
      "ClassPackage": "/Script/CoreUObject",
      "ClassName": "Function",
      "Outer": 6,
      "ObjectName": "ReceiveBeginPlay"
    },
    {
      "ObjectIndex": 27,
      "Type": "Import",
      "ClassPackage": "/Script/CoreUObject",
      "ClassName": "Function",
      "Outer": 10,
      "ObjectName": "PlaySound2D"
    },
    {
      "ObjectIndex": 28,
      "Type": "Import",
      "ClassPackage": "/Script/CoreUObject",
      "ClassName": "Function",
      "Outer": 10,
      "ObjectName": "PlaySoundAtLocation"
    },
    {
      "ObjectIndex": 29,
      "Type": "Import",
      "ClassPackage": "/Script/CoreUObject",
      "ClassName": "Function",
      "Outer": 11,
      "ObjectName": "GetController"
    },
    {
      "ObjectIndex": 30,
      "Type": "Import",
      "ClassPackage": "/Script/Engine",
      "ClassName": "GameplayStatics",
      "Outer": 37,
      "ObjectName": "Default__GameplayStatics"
    },
    {
      "ObjectIndex": 31,
      "Type": "Import",
      "ClassPackage": "/Script/FSD",
      "ClassName": "InstantUsable",
      "Outer": 38,
      "ObjectName": "Default__InstantUsable"
    },
    {
      "ObjectIndex": 32,
      "Type": "Import",
      "ClassPackage": "/Script/Engine",
      "ClassName": "MaterialInstanceConstant",
      "Outer": 33,
      "ObjectName": "M_Font_Emissive_Blink01"
    },
    {
      "ObjectIndex": 33,
      "Type": "Import",
      "ClassPackage": "/Script/CoreUObject",
      "ClassName": "Package",
      "ObjectName": "/Game/Art/Fonts/FontMaterials/M_Font_Emissive_Blink01"
    },
    {
      "ObjectIndex": 34,
      "Type": "Import",
      "ClassPackage": "/Script/CoreUObject",
      "ClassName": "Package",
      "ObjectName": "/Game/Audio/SFX/UI/Menu/Button_Click_keyboard_01_Cue"
    },
    {
      "ObjectIndex": 35,
      "Type": "Import",
      "ClassPackage": "/Script/CoreUObject",
      "ClassName": "Package",
      "ObjectName": "/Game/Game/SpaceRig/BP_PlayerController_SpaceRig"
    },
    {
      "ObjectIndex": 36,
      "Type": "Import",
      "ClassPackage": "/Script/CoreUObject",
      "ClassName": "Package",
      "ObjectName": "/Script/CoreUObject"
    },
    {
      "ObjectIndex": 37,
      "Type": "Import",
      "ClassPackage": "/Script/CoreUObject",
      "ClassName": "Package",
      "ObjectName": "/Script/Engine"
    },
    {
      "ObjectIndex": 38,
      "Type": "Import",
      "ClassPackage": "/Script/CoreUObject",
      "ClassName": "Package",
      "ObjectName": "/Script/FSD"
    },
    {
      "ObjectIndex": 39,
      "Type": "Import",
      "ClassPackage": "/Script/CoreUObject",
      "ClassName": "Package",
      "ObjectName": "/Script/NavigationSystem"
    },
    {
      "ObjectIndex": 40,
      "Type": "Import",
      "ClassPackage": "/Script/FSD",
      "ClassName": "PerkUsageComponent",
      "Outer": 3,
      "ObjectName": "PerkUsageCompent"
    },
    {
      "ObjectIndex": 41,
      "Type": "Import",
      "ClassPackage": "/Script/Engine",
      "ClassName": "RotatingMovementComponent",
      "Outer": 37,
      "ObjectName": "Default__RotatingMovementComponent"
    },
    {
      "ObjectIndex": 42,
      "Type": "Import",
      "ClassPackage": "/Script/Engine",
      "ClassName": "SceneComponent",
      "Outer": 1,
      "ObjectName": "DefaultSceneRoot_GEN_VARIABLE"
    },
    {
      "ObjectIndex": 43,
      "Type": "Import",
      "ClassPackage": "/Script/Engine",
      "ClassName": "SceneComponent",
      "Outer": 3,
      "ObjectName": "TransformComponent0"
    },
    {
      "ObjectIndex": 44,
      "Type": "Import",
      "ClassPackage": "/Script/Engine",
      "ClassName": "SceneComponent",
      "Outer": 37,
      "ObjectName": "Default__SceneComponent"
    },
    {
      "ObjectIndex": 45,
      "Type": "Import",
      "ClassPackage": "/Script/CoreUObject",
      "ClassName": "ScriptStruct",
      "Outer": 36,
      "ObjectName": "Vector"
    },
    {
      "ObjectIndex": 46,
      "Type": "Import",
      "ClassPackage": "/Script/CoreUObject",
      "ClassName": "ScriptStruct",
      "Outer": 37,
      "ObjectName": "PointerToUberGraphFrame"
    },
    {
      "ObjectIndex": 47,
      "Type": "Import",
      "ClassPackage": "/Script/Engine",
      "ClassName": "SCS_Node",
      "Outer": 37,
      "ObjectName": "Default__SCS_Node"
    },
    {
      "ObjectIndex": 48,
      "Type": "Import",
      "ClassPackage": "/Script/Engine",
      "ClassName": "SimpleConstructionScript",
      "Outer": 37,
      "ObjectName": "Default__SimpleConstructionScript"
    },
    {
      "ObjectIndex": 49,
      "Type": "Import",
      "ClassPackage": "/Script/Engine",
      "ClassName": "SoundCue",
      "Outer": 34,
      "ObjectName": "Button_Click_keyboard_01_Cue"
    },
    {
      "ObjectIndex": 50,
      "Type": "Import",
      "ClassPackage": "/Script/Engine",
      "ClassName": "SphereComponent",
      "Outer": 37,
      "ObjectName": "Default__SphereComponent"
    },
    {
      "ObjectIndex": 51,
      "Type": "Import",
      "ClassPackage": "/Script/FSD",
      "ClassName": "TerrainLatejoinComponent",
      "Outer": 3,
      "ObjectName": "TerrainLateJoin"
    },
    {
      "ObjectIndex": 52,
      "Type": "Import",
      "ClassPackage": "/Script/Engine",
      "ClassName": "TextRenderComponent",
      "Outer": 37,
      "ObjectName": "Default__TextRenderComponent"
    },
    {
      "ObjectIndex": 53,
      "Type": "Import",
      "ClassPackage": "/Script/FSD",
      "ClassName": "WindowManager",
      "Outer": 3,
      "ObjectName": "WindowManager"
    },
    {
      "ObjectIndex": 54,
      "Type": "Export",
      "ObjectMark": "$AssetObject$"
    },
    {
      "ObjectIndex": 55,
      "Type": "Export",
      "ObjectClass": 54,
      "Outer": -1,
      "ObjectName": "Default__BP_Hologram_C",
      "ObjectFlags": 49,
      "Properties": {
        "UberGraphFrame": {},
        "RotationSpeed": 20.0,
        "NumberOfMarkers": 100,
        "$ReferencedObjects": []
      }
    },
    {
      "ObjectIndex": 56,
      "Type": "Export",
      "ObjectClass": 8,
      "Outer": 54,
      "ObjectName": "ComponentDelegateBinding_0",
      "ObjectFlags": 0,
      "Properties": {
        "ComponentDelegateBindings": [
          {
            "ComponentPropertyName": "InstantUsable",
            "DelegatePropertyName": "OnUsedBy",
            "FunctionNameToBind": "BndEvt__InstantUsable_K2Node_ComponentBoundEvent_0_UsedBySignature__DelegateSignature"
          }
        ],
        "$ReferencedObjects": []
      }
    },
    {
      "ObjectIndex": 57,
      "Type": "Export",
      "ObjectClass": 18,
      "Outer": 54,
      "ObjectName": "InstantUsable_GEN_VARIABLE",
      "ObjectFlags": 41,
      "Properties": {
        "Usable": true,
        "UseText": "NSLOCTEXT(\"\" , \"8E8C8DA14D3D2162A85247B46C7A2B72\" , \"Activate Terminal\")",
        "$ReferencedObjects": []
      }
    },
    {
      "ObjectIndex": 58,
      "Type": "Export",
      "ObjectClass": 12,
      "Outer": 54,
      "ObjectName": "RotatingMovement_GEN_VARIABLE",
      "ObjectFlags": 41,
      "Properties": {
        "RotationRate": {
          "Pitch": 0.0,
          "Yaw": 0.0,
          "Roll": 10.0
        },
        "$ReferencedObjects": []
      }
    },
    {
      "ObjectIndex": 59,
      "Type": "Export",
      "ObjectClass": 13,
      "Outer": 54,
      "ObjectName": "DefaultSceneRoot_GEN_VARIABLE",
      "ObjectFlags": 41,
      "Properties": {
        "Mobility": "EComponentMobility::Static",
        "$ReferencedObjects": []
      }
    },
    {
      "ObjectIndex": 60,
      "Type": "Export",
      "ObjectClass": 14,
      "Outer": 65,
      "ObjectName": "SCS_Node_0",
      "ObjectFlags": 8,
      "Properties": {
        "ComponentClass": 13,
        "ComponentTemplate": 59,
        "ChildNodes": [
          64,
          62
        ],
        "VariableGuid": {
          "A": -1171778129,
          "B": 1243482235,
          "C": 1783510453,
          "D": -141448912
        },
        "InternalVariableName": "DefaultSceneRoot",
        "$ReferencedObjects": [
          13,
          59,
          64,
          62
        ]
      }
    },
    {
      "ObjectIndex": 61,
      "Type": "Export",
      "ObjectClass": 14,
      "Outer": 65,
      "ObjectName": "SCS_Node_10",
      "ObjectFlags": 8,
      "Properties": {
        "ComponentClass": 12,
        "ComponentTemplate": 58,
        "VariableGuid": {
          "A": 777881008,
          "B": 1312379775,
          "C": -501121858,
          "D": -787492462
        },
        "InternalVariableName": "RotatingMovement",
        "$ReferencedObjects": [
          12,
          58
        ]
      }
    },
    {
      "ObjectIndex": 62,
      "Type": "Export",
      "ObjectClass": 14,
      "Outer": 65,
      "ObjectName": "SCS_Node_13",
      "ObjectFlags": 8,
      "Properties": {
        "ComponentClass": 16,
        "ComponentTemplate": 66,
        "VariableGuid": {
          "A": -853289297,
          "B": 1306672346,
          "C": 2071881864,
          "D": -742561486
        },
        "InternalVariableName": "Usable_Collider",
        "$ReferencedObjects": [
          16,
          66
        ]
      }
    },
    {
      "ObjectIndex": 63,
      "Type": "Export",
      "ObjectClass": 14,
      "Outer": 65,
      "ObjectName": "SCS_Node_4",
      "ObjectFlags": 8,
      "Properties": {
        "ComponentClass": 18,
        "ComponentTemplate": 57,
        "VariableGuid": {
          "A": 1698720408,
          "B": 1183410136,
          "C": -520352874,
          "D": -1282006478
        },
        "InternalVariableName": "InstantUsable",
        "$ReferencedObjects": [
          18,
          57
        ]
      }
    },
    {
      "ObjectIndex": 64,
      "Type": "Export",
      "ObjectClass": 14,
      "Outer": 65,
      "ObjectName": "SCS_Node_9",
      "ObjectFlags": 8,
      "Properties": {
        "ComponentClass": 17,
        "ComponentTemplate": 67,
        "VariableGuid": {
          "A": 1717197604,
          "B": 1313025698,
          "C": 1485541541,
          "D": 1956114371
        },
        "InternalVariableName": "TextRender",
        "$ReferencedObjects": [
          17,
          67
        ]
      }
    },
    {
      "ObjectIndex": 65,
      "Type": "Export",
      "ObjectClass": 15,
      "Outer": 54,
      "ObjectName": "SimpleConstructionScript_0",
      "ObjectFlags": 8,
      "Properties": {
        "RootNodes": [
          60,
          63,
          61
        ],
        "AllNodes": [
          60,
          63,
          64,
          61,
          62
        ],
        "DefaultSceneRootNode": 60,
        "$ReferencedObjects": [
          60,
          63,
          61,
          64,
          62
        ]
      }
    },
    {
      "ObjectIndex": 66,
      "Type": "Export",
      "ObjectClass": 16,
      "Outer": 54,
      "ObjectName": "Usable_Collider_GEN_VARIABLE",
      "ObjectFlags": 41,
      "Properties": {
        "SphereRadius": 150.0,
        "AreaClass": 20,
        "BodyInstance": {
          "ObjectType": "ECC_GameTraceChannel2",
          "CollisionProfileName": "Useable",
          "CollisionResponses": {
            "ResponseArray": [
              {
                "Channel": "WorldStatic",
                "Response": "ECR_Ignore"
              },
              {
                "Channel": "WorldDynamic",
                "Response": "ECR_Ignore"
              },
              {
                "Channel": "Pawn",
                "Response": "ECR_Ignore"
              },
              {
                "Channel": "Visibility",
                "Response": "ECR_Ignore"
              },
              {
                "Channel": "Camera",
                "Response": "ECR_Ignore"
              },
              {
                "Channel": "PhysicsBody",
                "Response": "ECR_Ignore"
              },
              {
                "Channel": "Vehicle",
                "Response": "ECR_Ignore"
              },
              {
                "Channel": "Destructible",
                "Response": "ECR_Ignore"
              },
              {
                "Channel": "Projectile",
                "Response": "ECR_Ignore"
              },
              {
                "Channel": "Useable",
                "Response": "ECR_Block"
              },
              {
                "Channel": "HitScan",
                "Response": "ECR_Ignore"
              },
              {
                "Channel": "AIPawn",
                "Response": "ECR_Ignore"
              },
              {
                "Channel": "Usable",
                "Response": "ECR_Overlap"
              },
              {
                "Channel": "PenetratingHitScan",
                "Response": "ECR_Ignore"
              },
              {
                "Channel": "RadialCheck",
                "Response": "ECR_Ignore"
              },
              {
                "Channel": "LaserPointer",
                "Response": "ECR_Ignore"
              },
              {
                "Channel": "Projectile_NoHit",
                "Response": "ECR_Ignore"
              },
              {
                "Channel": "Ragdoll",
                "Response": "ECR_Ignore"
              },
              {
                "Channel": "TerrainPenetratingHitScan",
                "Response": "ECR_Ignore"
              }
            ]
          }
        },
        "$ReferencedObjects": [
          20
        ]
      }
    },
    {
      "ObjectIndex": 67,
      "Type": "Export",
      "ObjectClass": 17,
      "Outer": 54,
      "ObjectName": "TextRender_GEN_VARIABLE",
      "ObjectFlags": 41,
      "Properties": {
        "Text": "INVTEXT(\"Mission\\r\\nTerminal\")",
        "TextMaterial": 32,
        "HorizontalAlignment": "EHTA_Center",
        "VerticalAlignment": "EVRTA_TextCenter",
        "TextRenderColor": {
          "R": 0,
          "G": 255,
          "B": 57,
          "A": 255
        },
        "WorldSize": 18.0,
        "RelativeLocation": {
          "X": 0.0,
          "Y": 0.0,
          "Z": 90.74671
        },
        "bHiddenInGame": true,
        "$ReferencedObjects": [
          32
        ]
      }
    }
  ]
}