{
  "AssetClass": "Blueprint",
  "AssetPackage": "/Game/Art/Environments/ShipTesting/IJukebox",
  "AssetName": "IJukebox",
  "AssetSerializedData": {
    "SkipDependecies": false,
    "SuperStruct": 2,
    "Children": [
      {
        "FieldKind": "Function",
        "ObjectClass": "Function",
        "ObjectName": "StopJukebox",
        "SuperStruct": -1,
        "Children": [],
        "ChildProperties": [],
        "Script": [
          {
            "Inst": "Return",
            "Expression": {
              "Inst": "Nothing"
            },
            "StatementIndex": 0
          },
          {
            "Inst": "EndOfScript",
            "StatementIndex": 2
          }
        ],
        "FunctionFlags": "201457664"
      }
    ],
    "ChildProperties": [],
    "ClassFlags": "278544",
    "ClassWithin": 3,
    "ClassConfigName": "Engine",
    "Interfaces": [],
    "ClassDefaultObject": 10,
    "AssetObjectData": {
      "SimpleConstructionScript": -1,
      "$ReferencedObjects": []
    },
    "GeneratedVariableNames": []
  },
  "ObjectHierarchy": [
    {
      "ObjectIndex": 0,
      "Type": "Import",
      "ClassPackage": "/Script/Engine",
      "ClassName": "BlueprintGeneratedClass",
      "Outer": 8,
      "ObjectName": "Default__BlueprintGeneratedClass"
    },
    {
      "ObjectIndex": 1,
      "Type": "Import",
      "ClassPackage": "/Script/CoreUObject",
      "ClassName": "Class",
      "Outer": 7,
      "ObjectName": "Function"
    },
    {
      "ObjectIndex": 2,
      "Type": "Import",
      "ClassPackage": "/Script/CoreUObject",
      "ClassName": "Class",
      "Outer": 7,
      "ObjectName": "Interface"
    },
    {
      "ObjectIndex": 3,
      "Type": "Import",
      "ClassPackage": "/Script/CoreUObject",
      "ClassName": "Class",
      "Outer": 7,
      "ObjectName": "Object"
    },
    {
      "ObjectIndex": 4,
      "Type": "Import",
      "ClassPackage": "/Script/CoreUObject",
      "ClassName": "Class",
      "Outer": 8,
      "ObjectName": "BlueprintGeneratedClass"
    },
    {
      "ObjectIndex": 5,
      "Type": "Import",
      "ClassPackage": "/Script/CoreUObject",
      "ClassName": "Function",
      "Outer": 7,
      "ObjectName": "Default__Function"
    },
    {
      "ObjectIndex": 6,
      "Type": "Import",
      "ClassPackage": "/Script/CoreUObject",
      "ClassName": "Interface",
      "Outer": 7,
      "ObjectName": "Default__Interface"
    },
    {
      "ObjectIndex": 7,
      "Type": "Import",
      "ClassPackage": "/Script/CoreUObject",
      "ClassName": "Package",
      "ObjectName": "/Script/CoreUObject"
    },
    {
      "ObjectIndex": 8,
      "Type": "Import",
      "ClassPackage": "/Script/CoreUObject",
      "ClassName": "Package",
      "ObjectName": "/Script/Engine"
    },
    {
      "ObjectIndex": 9,
      "Type": "Export",
      "ObjectMark": "$AssetObject$"
    },
    {
      "ObjectIndex": 10,
      "Type": "Export",
      "ObjectClass": 9,
      "Outer": -1,
      "ObjectName": "Default__IJukebox_C",
      "ObjectFlags": 49,
      "Properties": {
        "$ReferencedObjects": []
      }
    }
  ]
}