{
  "AssetClass": "WidgetBlueprint",
  "AssetPackage": "/Game/Art/Environments/ShipTesting/Widget_Jukebox02",
  "AssetName": "Widget_Jukebox02",
  "AssetSerializedData": {
    "SkipDependecies": false,
    "SuperStruct": 17,
    "Children": [
      {
        "FieldKind": "Function",
        "ObjectClass": "Function",
        "ObjectName": "SetIsPlaying",
        "SuperStruct": -1,
        "Children": [],
        "ChildProperties": [
          {
            "FieldKind": "Property",
            "ObjectClass": "BoolProperty",
            "ObjectName": "Index",
            "ArrayDim": 1,
            "PropertyFlags": "148",
            "RepNotifyFunc": "None",
            "BlueprintReplicationCondition": 0,
            "BoolSize": 1,
            "NativeBool": true
          },
          {
            "FieldKind": "Property",
            "ObjectClass": "StructProperty",
            "ObjectName": "Tint_Red",
            "ArrayDim": 1,
            "PropertyFlags": "5",
            "RepNotifyFunc": "None",
            "BlueprintReplicationCondition": 0,
            "Struct": 50
          },
          {
            "FieldKind": "Property",
            "ObjectClass": "StructProperty",
            "ObjectName": "TintGreen",
            "ArrayDim": 1,
            "PropertyFlags": "5",
            "RepNotifyFunc": "None",
            "BlueprintReplicationCondition": 0,
            "Struct": 50
          },
          {
            "FieldKind": "Property",
            "ObjectClass": "BoolProperty",
            "ObjectName": "Temp_bool_Variable",
            "ArrayDim": 1,
            "PropertyFlags": "0",
            "RepNotifyFunc": "None",
            "BlueprintReplicationCondition": 0,
            "BoolSize": 1,
            "NativeBool": true
          },
          {
            "FieldKind": "Property",
            "ObjectClass": "BoolProperty",
            "ObjectName": "Temp_bool_Variable_1",
            "ArrayDim": 1,
            "PropertyFlags": "0",
            "RepNotifyFunc": "None",
            "BlueprintReplicationCondition": 0,
            "BoolSize": 1,
            "NativeBool": true
          },
          {
            "FieldKind": "Property",
            "ObjectClass": "TextProperty",
            "ObjectName": "Temp_text_Variable",
            "ArrayDim": 1,
            "PropertyFlags": "0",
            "RepNotifyFunc": "None",
            "BlueprintReplicationCondition": 0
          },
          {
            "FieldKind": "Property",
            "ObjectClass": "TextProperty",
            "ObjectName": "Temp_text_Variable_1",
            "ArrayDim": 1,
            "PropertyFlags": "0",
            "RepNotifyFunc": "None",
            "BlueprintReplicationCondition": 0
          },
          {
            "FieldKind": "Property",
            "ObjectClass": "TextProperty",
            "ObjectName": "K2Node_Select_Default",
            "ArrayDim": 1,
            "PropertyFlags": "0",
            "RepNotifyFunc": "None",
            "BlueprintReplicationCondition": 0
          },
          {
            "FieldKind": "Property",
            "ObjectClass": "StructProperty",
            "ObjectName": "K2Node_Select_Default_1",
            "ArrayDim": 1,
            "PropertyFlags": "0",
            "RepNotifyFunc": "None",
            "BlueprintReplicationCondition": 0,
            "Struct": 50
          }
        ],
        "Script": [
          {
            "Inst": "Let",
            "Variable": {
              "Inst": "LocalVariable",
              "VariableType": {
                "PinCategory": "Struct",
                "PinSubCategory": "Struct",
                "PinSubCategoryObject": "/Script/SlateCore.SlateColor"
              },
              "VariableName": "TintGreen"
            },
            "Expression": {
              "Inst": "StructConst",
              "Struct": "/Script/SlateCore.SlateColor",
              "Properties": {
                "Missing property name0": [
                  {
                    "Inst": "StructConst",
                    "Struct": "/Script/CoreUObject.LinearColor",
                    "Properties": {
                      "Missing property name0": [
                        {
                          "Inst": "FloatConst",
                          "Value": 0.0
                        }
                      ],
                      "Missing property name1": [
                        {
                          "Inst": "FloatConst",
                          "Value": 1.0
                        }
                      ],
                      "Missing property name2": [
                        {
                          "Inst": "FloatConst",
                          "Value": 0.0
                        }
                      ],
                      "Missing property name3": [
                        {
                          "Inst": "FloatConst",
                          "Value": 1.0
                        }
                      ]
                    }
                  }
                ],
                "Missing property name1": [
                  {
                    "Inst": "ByteConst",
                    "Value": 0
                  }
                ]
              }
            },
            "StatementIndex": 0
          },
          {
            "Inst": "Let",
            "Variable": {
              "Inst": "LocalVariable",
              "VariableType": {
                "PinCategory": "Struct",
                "PinSubCategory": "Struct",
                "PinSubCategoryObject": "/Script/SlateCore.SlateColor"
              },
              "VariableName": "Tint_Red"
            },
            "Expression": {
              "Inst": "StructConst",
              "Struct": "/Script/SlateCore.SlateColor",
              "Properties": {
                "Missing property name0": [
                  {
                    "Inst": "StructConst",
                    "Struct": "/Script/CoreUObject.LinearColor",
                    "Properties": {
                      "Missing property name0": [
                        {
                          "Inst": "FloatConst",
                          "Value": 1.0
                        }
                      ],
                      "Missing property name1": [
                        {
                          "Inst": "FloatConst",
                          "Value": 0.0
                        }
                      ],
                      "Missing property name2": [
                        {
                          "Inst": "FloatConst",
                          "Value": 0.0
                        }
                      ],
                      "Missing property name3": [
                        {
                          "Inst": "FloatConst",
                          "Value": 1.0
                        }
                      ]
                    }
                  }
                ],
                "Missing property name1": [
                  {
                    "Inst": "ByteConst",
                    "Value": 0
                  }
                ]
              }
            },
            "StatementIndex": 68
          },
          {
            "Inst": "LetBool",
            "Variable": {
              "Inst": "LocalVariable",
              "VariableType": {
                "PinCategory": "bool",
                "PinSubCategory": "bool"
              },
              "VariableName": "Temp_bool_Variable_1"
            },
            "Expression": {
              "Inst": "LocalVariable",
              "VariableType": {
                "PinCategory": "bool",
                "PinSubCategory": "bool"
              },
              "VariableName": "Index"
            },
            "StatementIndex": 136
          },
          {
            "Inst": "Let",
            "Variable": {
              "Inst": "LocalVariable",
              "VariableType": {
                "PinCategory": "Text",
                "PinSubCategory": "Text"
              },
              "VariableName": "Temp_text_Variable"
            },
            "Expression": {
              "Inst": "TextConst",
              "TextLiteralType": "LocalizedText",
              "SourceString": "Stop",
              "LocalizationKey": "A1FB5B9544E6900E9A920393455C843F",
              "LocalizationNamespace": ""
            },
            "StatementIndex": 155
          },
          {
            "Inst": "Let",
            "Variable": {
              "Inst": "LocalVariable",
              "VariableType": {
                "PinCategory": "Text",
                "PinSubCategory": "Text"
              },
              "VariableName": "Temp_text_Variable_1"
            },
            "Expression": {
              "Inst": "TextConst",
              "TextLiteralType": "LocalizedText",
              "SourceString": "Play",
              "LocalizationKey": "4868704E4B9A96E147B2DD885321FD02",
              "LocalizationNamespace": ""
            },
            "StatementIndex": 217
          },
          {
            "Inst": "Context",
            "Context": {
              "Inst": "InstanceVariable",
              "VariableType": {
                "PinCategory": "Object",
                "PinSubCategory": "Object",
                "PinSubCategoryObject": "/Script/UMG.TextBlock"
              },
              "VariableName": "TextBlock_1"
            },
            "SkipOffsetForNull": 67,
            "Expression": {
              "Inst": "VirtualFunction",
              "Function": "SetText",
              "Parameters": [
                {
                  "Inst": "SwitchValue",
                  "Expression": {
                    "Inst": "LocalVariable",
                    "VariableType": {
                      "PinCategory": "bool",
                      "PinSubCategory": "bool"
                    },
                    "VariableName": "Temp_bool_Variable_1"
                  },
                  "OffsetToSwitchEnd": 367,
                  "Cases": [
                    {
                      "CaseValue": {
                        "Inst": "False"
                      },
                      "OffsetToNextCase": 344,
                      "CaseResult": {
                        "Inst": "LocalVariable",
                        "VariableType": {
                          "PinCategory": "Text",
                          "PinSubCategory": "Text"
                        },
                        "VariableName": "Temp_text_Variable_1"
                      }
                    },
                    {
                      "CaseValue": {
                        "Inst": "True"
                      },
                      "OffsetToNextCase": 358,
                      "CaseResult": {
                        "Inst": "LocalVariable",
                        "VariableType": {
                          "PinCategory": "Text",
                          "PinSubCategory": "Text"
                        },
                        "VariableName": "Temp_text_Variable"
                      }
                    }
                  ],
                  "DefaultResult": {
                    "Inst": "LocalVariable",
                    "VariableType": {
                      "PinCategory": "Text",
                      "PinSubCategory": "Text"
                    },
                    "VariableName": "K2Node_Select_Default"
                  }
                }
              ]
            },
            "StatementIndex": 279
          },
          {
            "Inst": "LetBool",
            "Variable": {
              "Inst": "LocalVariable",
              "VariableType": {
                "PinCategory": "bool",
                "PinSubCategory": "bool"
              },
              "VariableName": "Temp_bool_Variable"
            },
            "Expression": {
              "Inst": "LocalVariable",
              "VariableType": {
                "PinCategory": "bool",
                "PinSubCategory": "bool"
              },
              "VariableName": "Index"
            },
            "StatementIndex": 368
          },
          {
            "Inst": "Context",
            "Context": {
              "Inst": "InstanceVariable",
              "VariableType": {
                "PinCategory": "Object",
                "PinSubCategory": "Object",
                "PinSubCategoryObject": "/Script/UMG.TextBlock"
              },
              "VariableName": "TextBlock_1"
            },
            "SkipOffsetForNull": 63,
            "Expression": {
              "Inst": "FinalFunction",
              "Function": "SetColorAndOpacity",
              "Parameters": [
                {
                  "Inst": "SwitchValue",
                  "Expression": {
                    "Inst": "LocalVariable",
                    "VariableType": {
                      "PinCategory": "bool",
                      "PinSubCategory": "bool"
                    },
                    "VariableName": "Temp_bool_Variable"
                  },
                  "OffsetToSwitchEnd": 471,
                  "Cases": [
                    {
                      "CaseValue": {
                        "Inst": "False"
                      },
                      "OffsetToNextCase": 448,
                      "CaseResult": {
                        "Inst": "LocalVariable",
                        "VariableType": {
                          "PinCategory": "Struct",
                          "PinSubCategory": "Struct",
                          "PinSubCategoryObject": "/Script/SlateCore.SlateColor"
                        },
                        "VariableName": "Tint_Red"
                      }
                    },
                    {
                      "CaseValue": {
                        "Inst": "True"
                      },
                      "OffsetToNextCase": 462,
                      "CaseResult": {
                        "Inst": "LocalVariable",
                        "VariableType": {
                          "PinCategory": "Struct",
                          "PinSubCategory": "Struct",
                          "PinSubCategoryObject": "/Script/SlateCore.SlateColor"
                        },
                        "VariableName": "TintGreen"
                      }
                    }
                  ],
                  "DefaultResult": {
                    "Inst": "LocalVariable",
                    "VariableType": {
                      "PinCategory": "Struct",
                      "PinSubCategory": "Struct",
                      "PinSubCategoryObject": "/Script/SlateCore.SlateColor"
                    },
                    "VariableName": "K2Node_Select_Default_1"
                  }
                }
              ]
            },
            "StatementIndex": 387
          },
          {
            "Inst": "Return",
            "Expression": {
              "Inst": "Nothing"
            },
            "StatementIndex": 472
          },
          {
            "Inst": "EndOfScript",
            "StatementIndex": 474
          }
        ],
        "FunctionFlags": "209846272"
      },
      {
        "FieldKind": "Function",
        "ObjectClass": "Function",
        "ObjectName": "Construct",
        "SuperStruct": 26,
        "Children": [],
        "ChildProperties": [],
        "Script": [
          {
            "Inst": "LocalFinalFunction",
            "Function": "ExecuteUbergraph_Widget_Jukebox02",
            "Parameters": [
              {
                "Inst": "IntConst",
                "Value": 62
              }
            ],
            "StatementIndex": 0
          },
          {
            "Inst": "Return",
            "Expression": {
              "Inst": "Nothing"
            },
            "StatementIndex": 15
          },
          {
            "Inst": "EndOfScript",
            "StatementIndex": 17
          }
        ],
        "FunctionFlags": "134350856"
      },
      {
        "FieldKind": "Function",
        "ObjectClass": "Function",
        "ObjectName": "ExecuteUbergraph_Widget_Jukebox02",
        "SuperStruct": -1,
        "Children": [],
        "ChildProperties": [
          {
            "FieldKind": "Property",
            "ObjectClass": "IntProperty",
            "ObjectName": "EntryPoint",
            "ArrayDim": 1,
            "PropertyFlags": "148",
            "RepNotifyFunc": "None",
            "BlueprintReplicationCondition": 0
          },
          {
            "FieldKind": "Property",
            "ObjectClass": "ObjectProperty",
            "ObjectName": "CallFunc_PlayAnimation_ReturnValue",
            "ArrayDim": 1,
            "PropertyFlags": "0",
            "RepNotifyFunc": "None",
            "BlueprintReplicationCondition": 0,
            "PropertyClass": 16
          }
        ],
        "Script": [
          {
            "Inst": "ComputedJump",
            "OffsetExpression": {
              "Inst": "LocalVariable",
              "VariableType": {
                "PinCategory": "int",
                "PinSubCategory": "int"
              },
              "VariableName": "EntryPoint"
            },
            "StatementIndex": 0
          },
          {
            "Inst": "LetObj",
            "Variable": {
              "Inst": "LocalVariable",
              "VariableType": {
                "PinCategory": "Object",
                "PinSubCategory": "Object",
                "PinSubCategoryObject": "/Script/UMG.UMGSequencePlayer"
              },
              "VariableName": "CallFunc_PlayAnimation_ReturnValue"
            },
            "Expression": {
              "Inst": "FinalFunction",
              "Function": "PlayAnimation",
              "Parameters": [
                {
                  "Inst": "InstanceVariable",
                  "VariableType": {
                    "PinCategory": "Object",
                    "PinSubCategory": "Object",
                    "PinSubCategoryObject": "/Script/UMG.WidgetAnimation"
                  },
                  "VariableName": "PlayButton"
                },
                {
                  "Inst": "FloatConst",
                  "Value": 0.0
                },
                {
                  "Inst": "IntConst",
                  "Value": 0
                },
                {
                  "Inst": "ByteConst",
                  "Value": 0
                },
                {
                  "Inst": "FloatConst",
                  "Value": 0.5
                },
                {
                  "Inst": "False"
                }
              ]
            },
            "StatementIndex": 10
          },
          {
            "Inst": "Jump",
            "Offset": 67,
            "StatementIndex": 57
          },
          {
            "Inst": "Jump",
            "Offset": 10,
            "StatementIndex": 62
          },
          {
            "Inst": "Return",
            "Expression": {
              "Inst": "Nothing"
            },
            "StatementIndex": 67
          },
          {
            "Inst": "EndOfScript",
            "StatementIndex": 69
          }
        ],
        "FunctionFlags": "32769"
      }
    ],
    "ChildProperties": [
      {
        "FieldKind": "Property",
        "ObjectClass": "StructProperty",
        "ObjectName": "UberGraphFrame",
        "ArrayDim": 1,
        "PropertyFlags": "2105344",
        "RepNotifyFunc": "None",
        "BlueprintReplicationCondition": 0,
        "Struct": 49
      },
      {
        "FieldKind": "Property",
        "ObjectClass": "ObjectProperty",
        "ObjectName": "PlayButton",
        "ArrayDim": 1,
        "PropertyFlags": "2147491860",
        "RepNotifyFunc": "None",
        "BlueprintReplicationCondition": 0,
        "PropertyClass": 20
      },
      {
        "FieldKind": "Property",
        "ObjectClass": "ObjectProperty",
        "ObjectName": "Edge",
        "ArrayDim": 1,
        "PropertyFlags": "562952101429260",
        "RepNotifyFunc": "None",
        "BlueprintReplicationCondition": 0,
        "PropertyClass": 7
      },
      {
        "FieldKind": "Property",
        "ObjectClass": "ObjectProperty",
        "ObjectName": "TextBlock_1",
        "ArrayDim": 1,
        "PropertyFlags": "562952101429260",
        "RepNotifyFunc": "None",
        "BlueprintReplicationCondition": 0,
        "PropertyClass": 15
      },
      {
        "FieldKind": "Property",
        "ObjectClass": "StructProperty",
        "ObjectName": "NewVar_0",
        "ArrayDim": 1,
        "PropertyFlags": "65541",
        "RepNotifyFunc": "None",
        "BlueprintReplicationCondition": 0,
        "Struct": 50
      }
    ],
    "ClassFlags": "10754064",
    "ClassWithin": 3,
    "ClassConfigName": "Engine",
    "Interfaces": [],
    "ClassDefaultObject": 61,
    "AssetObjectData": {
      "WidgetTree": 118,
      "Animations": [
        117
      ],
      "SimpleConstructionScript": -1,
      "$ReferencedObjects": [
        118,
        117
      ]
    },
    "GeneratedVariableNames": [
      "TextBlock_1",
      "Edge",
      "PlayButton"
    ]
  },
  "ObjectHierarchy": [
    {
      "ObjectIndex": 0,
      "Type": "Import",
      "ClassPackage": "/Script/UMG",
      "ClassName": "Border",
      "Outer": 47,
      "ObjectName": "Default__Border"
    },
    {
      "ObjectIndex": 1,
      "Type": "Import",
      "ClassPackage": "/Script/UMG",
      "ClassName": "BorderSlot",
      "Outer": 47,
      "ObjectName": "Default__BorderSlot"
    },
    {
      "ObjectIndex": 2,
      "Type": "Import",
      "ClassPackage": "/Script/CoreUObject",
      "ClassName": "Class",
      "Outer": 43,
      "ObjectName": "Function"
    },
    {
      "ObjectIndex": 3,
      "Type": "Import",
      "ClassPackage": "/Script/CoreUObject",
      "ClassName": "Class",
      "Outer": 43,
      "ObjectName": "Object"
    },
    {
      "ObjectIndex": 4,
      "Type": "Import",
      "ClassPackage": "/Script/CoreUObject",
      "ClassName": "Class",
      "Outer": 45,
      "ObjectName": "MovieScene"
    },
    {
      "ObjectIndex": 5,
      "Type": "Import",
      "ClassPackage": "/Script/CoreUObject",
      "ClassName": "Class",
      "Outer": 45,
      "ObjectName": "MovieSceneBuiltInEasingFunction"
    },
    {
      "ObjectIndex": 6,
      "Type": "Import",
      "ClassPackage": "/Script/CoreUObject",
      "ClassName": "Class",
      "Outer": 45,
      "ObjectName": "MovieSceneCompiledData"
    },
    {
      "ObjectIndex": 7,
      "Type": "Import",
      "ClassPackage": "/Script/CoreUObject",
      "ClassName": "Class",
      "Outer": 47,
      "ObjectName": "Border"
    },
    {
      "ObjectIndex": 8,
      "Type": "Import",
      "ClassPackage": "/Script/CoreUObject",
      "ClassName": "Class",
      "Outer": 47,
      "ObjectName": "BorderSlot"
    },
    {
      "ObjectIndex": 9,
      "Type": "Import",
      "ClassPackage": "/Script/CoreUObject",
      "ClassName": "Class",
      "Outer": 47,
      "ObjectName": "HorizontalBox"
    },
    {
      "ObjectIndex": 10,
      "Type": "Import",
      "ClassPackage": "/Script/CoreUObject",
      "ClassName": "Class",
      "Outer": 47,
      "ObjectName": "HorizontalBoxSlot"
    },
    {
      "ObjectIndex": 11,
      "Type": "Import",
      "ClassPackage": "/Script/CoreUObject",
      "ClassName": "Class",
      "Outer": 47,
      "ObjectName": "MovieScene2DTransformSection"
    },
    {
      "ObjectIndex": 12,
      "Type": "Import",
      "ClassPackage": "/Script/CoreUObject",
      "ClassName": "Class",
      "Outer": 47,
      "ObjectName": "MovieScene2DTransformTrack"
    },
    {
      "ObjectIndex": 13,
      "Type": "Import",
      "ClassPackage": "/Script/CoreUObject",
      "ClassName": "Class",
      "Outer": 47,
      "ObjectName": "Overlay"
    },
    {
      "ObjectIndex": 14,
      "Type": "Import",
      "ClassPackage": "/Script/CoreUObject",
      "ClassName": "Class",
      "Outer": 47,
      "ObjectName": "OverlaySlot"
    },
    {
      "ObjectIndex": 15,
      "Type": "Import",
      "ClassPackage": "/Script/CoreUObject",
      "ClassName": "Class",
      "Outer": 47,
      "ObjectName": "TextBlock"
    },
    {
      "ObjectIndex": 16,
      "Type": "Import",
      "ClassPackage": "/Script/CoreUObject",
      "ClassName": "Class",
      "Outer": 47,
      "ObjectName": "UMGSequencePlayer"
    },
    {
      "ObjectIndex": 17,
      "Type": "Import",
      "ClassPackage": "/Script/CoreUObject",
      "ClassName": "Class",
      "Outer": 47,
      "ObjectName": "UserWidget"
    },
    {
      "ObjectIndex": 18,
      "Type": "Import",
      "ClassPackage": "/Script/CoreUObject",
      "ClassName": "Class",
      "Outer": 47,
      "ObjectName": "VerticalBox"
    },
    {
      "ObjectIndex": 19,
      "Type": "Import",
      "ClassPackage": "/Script/CoreUObject",
      "ClassName": "Class",
      "Outer": 47,
      "ObjectName": "VerticalBoxSlot"
    },
    {
      "ObjectIndex": 20,
      "Type": "Import",
      "ClassPackage": "/Script/CoreUObject",
      "ClassName": "Class",
      "Outer": 47,
      "ObjectName": "WidgetAnimation"
    },
    {
      "ObjectIndex": 21,
      "Type": "Import",
      "ClassPackage": "/Script/CoreUObject",
      "ClassName": "Class",
      "Outer": 47,
      "ObjectName": "WidgetBlueprintGeneratedClass"
    },
    {
      "ObjectIndex": 22,
      "Type": "Import",
      "ClassPackage": "/Script/CoreUObject",
      "ClassName": "Class",
      "Outer": 47,
      "ObjectName": "WidgetTree"
    },
    {
      "ObjectIndex": 23,
      "Type": "Import",
      "ClassPackage": "/Script/Engine",
      "ClassName": "Font",
      "Outer": 40,
      "ObjectName": "FNT_Retro_Amstrad"
    },
    {
      "ObjectIndex": 24,
      "Type": "Import",
      "ClassPackage": "/Script/CoreUObject",
      "ClassName": "Function",
      "Outer": 43,
      "ObjectName": "Default__Function"
    },
    {
      "ObjectIndex": 25,
      "Type": "Import",
      "ClassPackage": "/Script/CoreUObject",
      "ClassName": "Function",
      "Outer": 15,
      "ObjectName": "SetColorAndOpacity"
    },
    {
      "ObjectIndex": 26,
      "Type": "Import",
      "ClassPackage": "/Script/CoreUObject",
      "ClassName": "Function",
      "Outer": 17,
      "ObjectName": "Construct"
    },
    {
      "ObjectIndex": 27,
      "Type": "Import",
      "ClassPackage": "/Script/CoreUObject",
      "ClassName": "Function",
      "Outer": 17,
      "ObjectName": "PlayAnimation"
    },
    {
      "ObjectIndex": 28,
      "Type": "Import",
      "ClassPackage": "/Script/UMG",
      "ClassName": "HorizontalBox",
      "Outer": 47,
      "ObjectName": "Default__HorizontalBox"
    },
    {
      "ObjectIndex": 29,
      "Type": "Import",
      "ClassPackage": "/Script/UMG",
      "ClassName": "HorizontalBoxSlot",
      "Outer": 47,
      "ObjectName": "Default__HorizontalBoxSlot"
    },
    {
      "ObjectIndex": 30,
      "Type": "Import",
      "ClassPackage": "/Script/Engine",
      "ClassName": "MaterialInstanceConstant",
      "Outer": 39,
      "ObjectName": "M_JukeBox_ScrollingBG"
    },
    {
      "ObjectIndex": 31,
      "Type": "Import",
      "ClassPackage": "/Script/MovieScene",
      "ClassName": "MovieScene",
      "Outer": 45,
      "ObjectName": "Default__MovieScene"
    },
    {
      "ObjectIndex": 32,
      "Type": "Import",
      "ClassPackage": "/Script/UMG",
      "ClassName": "MovieScene2DTransformSection",
      "Outer": 47,
      "ObjectName": "Default__MovieScene2DTransformSection"
    },
    {
      "ObjectIndex": 33,
      "Type": "Import",
      "ClassPackage": "/Script/UMG",
      "ClassName": "MovieScene2DTransformTrack",
      "Outer": 47,
      "ObjectName": "Default__MovieScene2DTransformTrack"
    },
    {
      "ObjectIndex": 34,
      "Type": "Import",
      "ClassPackage": "/Script/MovieScene",
      "ClassName": "MovieSceneBuiltInEasingFunction",
      "Outer": 32,
      "ObjectName": "EaseInFunction"
    },
    {
      "ObjectIndex": 35,
      "Type": "Import",
      "ClassPackage": "/Script/MovieScene",
      "ClassName": "MovieSceneBuiltInEasingFunction",
      "Outer": 32,
      "ObjectName": "EaseOutFunction"
    },
    {
      "ObjectIndex": 36,
      "Type": "Import",
      "ClassPackage": "/Script/MovieScene",
      "ClassName": "MovieSceneCompiledData",
      "Outer": 45,
      "ObjectName": "Default__MovieSceneCompiledData"
    },
    {
      "ObjectIndex": 37,
      "Type": "Import",
      "ClassPackage": "/Script/UMG",
      "ClassName": "Overlay",
      "Outer": 47,
      "ObjectName": "Default__Overlay"
    },
    {
      "ObjectIndex": 38,
      "Type": "Import",
      "ClassPackage": "/Script/UMG",
      "ClassName": "OverlaySlot",
      "Outer": 47,
      "ObjectName": "Default__OverlaySlot"
    },
    {
      "ObjectIndex": 39,
      "Type": "Import",
      "ClassPackage": "/Script/CoreUObject",
      "ClassName": "Package",
      "ObjectName": "/Game/Art/Environments/ShipTesting/M_JukeBox_ScrollingBG"
    },
    {
      "ObjectIndex": 40,
      "Type": "Import",
      "ClassPackage": "/Script/CoreUObject",
      "ClassName": "Package",
      "ObjectName": "/Game/Art/Fonts/FNT_Retro_Amstrad"
    },
    {
      "ObjectIndex": 41,
      "Type": "Import",
      "ClassPackage": "/Script/CoreUObject",
      "ClassName": "Package",
      "ObjectName": "/Game/UI/Menu_MinersManual/Assets/Basic_BoxCorner"
    },
    {
      "ObjectIndex": 42,
      "Type": "Import",
      "ClassPackage": "/Script/CoreUObject",
      "ClassName": "Package",
      "ObjectName": "/Game/UI/Menu_Seasons/Assets/Basic_Cornered_Square_Outline_5px_Var4"
    },
    {
      "ObjectIndex": 43,
      "Type": "Import",
      "ClassPackage": "/Script/CoreUObject",
      "ClassName": "Package",
      "ObjectName": "/Script/CoreUObject"
    },
    {
      "ObjectIndex": 44,
      "Type": "Import",
      "ClassPackage": "/Script/CoreUObject",
      "ClassName": "Package",
      "ObjectName": "/Script/Engine"
    },
    {
      "ObjectIndex": 45,
      "Type": "Import",
      "ClassPackage": "/Script/CoreUObject",
      "ClassName": "Package",
      "ObjectName": "/Script/MovieScene"
    },
    {
      "ObjectIndex": 46,
      "Type": "Import",
      "ClassPackage": "/Script/CoreUObject",
      "ClassName": "Package",
      "ObjectName": "/Script/SlateCore"
    },
    {
      "ObjectIndex": 47,
      "Type": "Import",
      "ClassPackage": "/Script/CoreUObject",
      "ClassName": "Package",
      "ObjectName": "/Script/UMG"
    },
    {
      "ObjectIndex": 48,
      "Type": "Import",
      "ClassPackage": "/Script/CoreUObject",
      "ClassName": "ScriptStruct",
      "Outer": 43,
      "ObjectName": "LinearColor"
    },
    {
      "ObjectIndex": 49,
      "Type": "Import",
      "ClassPackage": "/Script/CoreUObject",
      "ClassName": "ScriptStruct",
      "Outer": 44,
      "ObjectName": "PointerToUberGraphFrame"
    },
    {
      "ObjectIndex": 50,
      "Type": "Import",
      "ClassPackage": "/Script/CoreUObject",
      "ClassName": "ScriptStruct",
      "Outer": 46,
      "ObjectName": "SlateColor"
    },
    {
      "ObjectIndex": 51,
      "Type": "Import",
      "ClassPackage": "/Script/UMG",
      "ClassName": "TextBlock",
      "Outer": 47,
      "ObjectName": "Default__TextBlock"
    },
    {
      "ObjectIndex": 52,
      "Type": "Import",
      "ClassPackage": "/Script/Engine",
      "ClassName": "Texture2D",
      "Outer": 41,
      "ObjectName": "Basic_BoxCorner"
    },
    {
      "ObjectIndex": 53,
      "Type": "Import",
      "ClassPackage": "/Script/Engine",
      "ClassName": "Texture2D",
      "Outer": 42,
      "ObjectName": "Basic_Cornered_Square_Outline_5px_Var4"
    },
    {
      "ObjectIndex": 54,
      "Type": "Import",
      "ClassPackage": "/Script/UMG",
      "ClassName": "UserWidget",
      "Outer": 47,
      "ObjectName": "Default__UserWidget"
    },
    {
      "ObjectIndex": 55,
      "Type": "Import",
      "ClassPackage": "/Script/UMG",
      "ClassName": "VerticalBox",
      "Outer": 47,
      "ObjectName": "Default__VerticalBox"
    },
    {
      "ObjectIndex": 56,
      "Type": "Import",
      "ClassPackage": "/Script/UMG",
      "ClassName": "VerticalBoxSlot",
      "Outer": 47,
      "ObjectName": "Default__VerticalBoxSlot"
    },
    {
      "ObjectIndex": 57,
      "Type": "Import",
      "ClassPackage": "/Script/UMG",
      "ClassName": "WidgetAnimation",
      "Outer": 47,
      "ObjectName": "Default__WidgetAnimation"
    },
    {
      "ObjectIndex": 58,
      "Type": "Import",
      "ClassPackage": "/Script/UMG",
      "ClassName": "WidgetBlueprintGeneratedClass",
      "Outer": 47,
      "ObjectName": "Default__WidgetBlueprintGeneratedClass"
    },
    {
      "ObjectIndex": 59,
      "Type": "Import",
      "ClassPackage": "/Script/UMG",
      "ClassName": "WidgetTree",
      "Outer": 47,
      "ObjectName": "Default__WidgetTree"
    },
    {
      "ObjectIndex": 60,
      "Type": "Export",
      "ObjectMark": "$AssetObject$"
    },
    {
      "ObjectIndex": 61,
      "Type": "Export",
      "ObjectClass": 60,
      "Outer": -1,
      "ObjectName": "Default__Widget_Jukebox02_C",
      "ObjectFlags": 49,
      "Properties": {
        "UberGraphFrame": {},
        "NewVar_0": {
          "SpecifiedColor": {
            "R": 1.0,
            "G": 0.0,
            "B": 1.0,
            "A": 1.0
          },
          "ColorUseRule": "ESlateColorStylingMode::UseColor_Specified"
        },
        "$ReferencedObjects": []
      }
    },
    {
      "ObjectIndex": 62,
      "Type": "Export",
      "ObjectClass": 7,
      "Outer": 118,
      "ObjectName": "Border",
      "ObjectFlags": 8,
      "Properties": {
        "Padding": {
          "Left": 10.0,
          "Top": 10.0,
          "Right": 10.0,
          "Bottom": 10.0
        },
        "Background": {
          "ImageSize": {
            "X": 64.0,
            "Y": 64.0
          },
          "Margin": {
            "Left": 0.01,
            "Top": 0.01,
            "Right": 0.99,
            "Bottom": 0.99
          },
          "ResourceObject": 52,
          "DrawAs": "ESlateBrushDrawType::Box"
        },
        "BrushColor": {
          "R": 0.0,
          "G": 0.0,
          "B": 0.0,
          "A": 1.0
        },
        "Slot": 87,
        "RenderTransform": {
          "Translation": {
            "X": 6.0,
            "Y": 6.0
          }
        },
        "$ReferencedObjects": [
          52,
          87
        ]
      }
    },
    {
      "ObjectIndex": 63,
      "Type": "Export",
      "ObjectClass": 7,
      "Outer": 118,
      "ObjectName": "Border_0",
      "ObjectFlags": 8,
      "Properties": {
        "VerticalAlignment": "VAlign_Center",
        "Padding": {
          "Left": 5.0,
          "Top": 5.0,
          "Right": 5.0,
          "Bottom": 5.0
        },
        "BrushColor": {
          "R": 0.0,
          "G": 0.3,
          "B": 0.149493,
          "A": 1.0
        },
        "Slots": [
          69
        ],
        "Slot": 105,
        "$ReferencedObjects": [
          69,
          105
        ]
      }
    },
    {
      "ObjectIndex": 64,
      "Type": "Export",
      "ObjectClass": 7,
      "Outer": 118,
      "ObjectName": "Border_1",
      "ObjectFlags": 8,
      "Properties": {
        "Padding": {
          "Left": 10.0,
          "Top": 10.0,
          "Right": 10.0,
          "Bottom": 10.0
        },
        "Background": {
          "ImageSize": {
            "X": 64.0,
            "Y": 64.0
          },
          "Margin": {
            "Left": 0.01,
            "Top": 0.01,
            "Right": 0.99,
            "Bottom": 0.99
          },
          "ResourceObject": 52,
          "DrawAs": "ESlateBrushDrawType::Box"
        },
        "BrushColor": {
          "R": 0.3,
          "G": 0.107563,
          "B": 0.0,
          "A": 1.0
        },
        "Slots": [
          70
        ],
        "Slot": 106,
        "$ReferencedObjects": [
          52,
          70,
          106
        ]
      }
    },
    {
      "ObjectIndex": 65,
      "Type": "Export",
      "ObjectClass": 7,
      "Outer": 118,
      "ObjectName": "Border_2",
      "ObjectFlags": 8,
      "Properties": {
        "HorizontalAlignment": "HAlign_Center",
        "VerticalAlignment": "VAlign_Bottom",
        "Padding": {
          "Left": 5.0,
          "Top": 5.0,
          "Right": 5.0,
          "Bottom": 5.0
        },
        "BrushColor": {
          "R": 0.0,
          "G": 0.3,
          "B": 0.149493,
          "A": 1.0
        },
        "Slots": [
          71
        ],
        "Slot": 115,
        "$ReferencedObjects": [
          71,
          115
        ]
      }
    },
    {
      "ObjectIndex": 66,
      "Type": "Export",
      "ObjectClass": 7,
      "Outer": 118,
      "ObjectName": "Border_5",
      "ObjectFlags": 8,
      "Properties": {
        "HorizontalAlignment": "HAlign_Center",
        "VerticalAlignment": "VAlign_Bottom",
        "Padding": {
          "Left": 2.0,
          "Right": 2.0
        },
        "BrushColor": {
          "R": 0.0,
          "G": 0.0,
          "B": 0.0,
          "A": 1.0
        },
        "Slot": 116,
        "$ReferencedObjects": [
          116
        ]
      }
    },
    {
      "ObjectIndex": 67,
      "Type": "Export",
      "ObjectClass": 7,
      "Outer": 118,
      "ObjectName": "Border_69",
      "ObjectFlags": 8,
      "Properties": {
        "Padding": {
          "Left": 30.0,
          "Top": 15.0,
          "Right": 0.0,
          "Bottom": 30.0
        },
        "Background": {
          "ResourceObject": 30
        },
        "Slots": [
          72
        ],
        "Slot": 114,
        "$ReferencedObjects": [
          30,
          72,
          114
        ]
      }
    },
    {
      "ObjectIndex": 68,
      "Type": "Export",
      "ObjectClass": 7,
      "Outer": 118,
      "ObjectName": "Edge",
      "ObjectFlags": 8,
      "Properties": {
        "Padding": {
          "Left": 0.0,
          "Top": 0.0,
          "Right": 0.0,
          "Bottom": 0.0
        },
        "Background": {
          "ImageSize": {
            "X": 64.0,
            "Y": 64.0
          },
          "Margin": {
            "Left": 0.5,
            "Top": 0.5,
            "Right": 0.5,
            "Bottom": 0.5
          },
          "ResourceObject": 53,
          "DrawAs": "ESlateBrushDrawType::Box"
        },
        "BrushColor": {
          "R": 1.0,
          "G": 0.453018,
          "B": 0.0,
          "A": 1.0
        },
        "Slot": 85,
        "bIsVariable": true,
        "$ReferencedObjects": [
          53,
          85
        ]
      }
    },
    {
      "ObjectIndex": 69,
      "Type": "Export",
      "ObjectClass": 8,
      "Outer": 63,
      "ObjectName": "BorderSlot_1",
      "ObjectFlags": 8,
      "Properties": {
        "Padding": {
          "Left": 5.0,
          "Top": 5.0,
          "Right": 5.0,
          "Bottom": 5.0
        },
        "VerticalAlignment": "VAlign_Center",
        "Parent": 63,
        "Content": 95,
        "$ReferencedObjects": [
          63,
          95
        ]
      }
    },
    {
      "ObjectIndex": 70,
      "Type": "Export",
      "ObjectClass": 8,
      "Outer": 64,
      "ObjectName": "BorderSlot_0",
      "ObjectFlags": 8,
      "Properties": {
        "Padding": {
          "Left": 10.0,
          "Top": 10.0,
          "Right": 10.0,
          "Bottom": 10.0
        },
        "Parent": 64,
        "Content": 101,
        "$ReferencedObjects": [
          64,
          101
        ]
      }
    },
    {
      "ObjectIndex": 71,
      "Type": "Export",
      "ObjectClass": 8,
      "Outer": 65,
      "ObjectName": "BorderSlot_0",
      "ObjectFlags": 8,
      "Properties": {
        "Padding": {
          "Left": 5.0,
          "Top": 5.0,
          "Right": 5.0,
          "Bottom": 5.0
        },
        "HorizontalAlignment": "HAlign_Center",
        "VerticalAlignment": "VAlign_Bottom",
        "Parent": 65,
        "Content": 96,
        "$ReferencedObjects": [
          65,
          96
        ]
      }
    },
    {
      "ObjectIndex": 72,
      "Type": "Export",
      "ObjectClass": 8,
      "Outer": 67,
      "ObjectName": "BorderSlot_0",
      "ObjectFlags": 8,
      "Properties": {
        "Padding": {
          "Left": 30.0,
          "Top": 15.0,
          "Right": 0.0,
          "Bottom": 30.0
        },
        "Parent": 67,
        "Content": 73,
        "$ReferencedObjects": [
          67,
          73
        ]
      }
    },
    {
      "ObjectIndex": 73,
      "Type": "Export",
      "ObjectClass": 9,
      "Outer": 118,
      "ObjectName": "HorizontalBox_0",
      "ObjectFlags": 8,
      "Properties": {
        "Slots": [
          74,
          75
        ],
        "Slot": 72,
        "$ReferencedObjects": [
          74,
          75,
          72
        ]
      }
    },
    {
      "ObjectIndex": 74,
      "Type": "Export",
      "ObjectClass": 10,
      "Outer": 73,
      "ObjectName": "HorizontalBoxSlot_0",
      "ObjectFlags": 8,
      "Properties": {
        "Size": {
          "Value": 0.6,
          "SizeRule": "ESlateSizeRule::Fill"
        },
        "Parent": 73,
        "Content": 83,
        "$ReferencedObjects": [
          73,
          83
        ]
      }
    },
    {
      "ObjectIndex": 75,
      "Type": "Export",
      "ObjectClass": 10,
      "Outer": 73,
      "ObjectName": "HorizontalBoxSlot_1",
      "ObjectFlags": 8,
      "Properties": {
        "Size": {
          "SizeRule": "ESlateSizeRule::Fill"
        },
        "HorizontalAlignment": "HAlign_Center",
        "VerticalAlignment": "VAlign_Center",
        "Parent": 73,
        "Content": 99,
        "$ReferencedObjects": [
          73,
          99
        ]
      }
    },
    {
      "ObjectIndex": 76,
      "Type": "Export",
      "ObjectClass": 4,
      "Outer": 117,
      "ObjectName": "PlayButton",
      "ObjectFlags": 8,
      "Properties": {
        "Possessables": [
          {
            "Tags": [],
            "Guid": {
              "A": -575130166,
              "B": 1320680483,
              "C": -498216555,
              "D": 272692420
            },
            "Name": "TextBlock_1",
            "PossessedObjectClass": 15,
            "ParentGuid": {
              "A": 0,
              "B": 0,
              "C": 0,
              "D": 0
            }
          }
        ],
        "ObjectBindings": [
          {
            "ObjectGuid": {
              "A": -575130166,
              "B": 1320680483,
              "C": -498216555,
              "D": 272692420
            },
            "BindingName": "TextBlock_1",
            "Tracks": [
              78
            ]
          }
        ],
        "PlaybackRange": {
          "LowerBound": {
            "Type": "Inclusive",
            "Value": 0
          },
          "UpperBound": {
            "Type": "Exclusive",
            "Value": 30000
          }
        },
        "DisplayRate": {
          "Numerator": 20
        },
        "Signature": {
          "A": -264530431,
          "B": 1135816988,
          "C": -1971989602,
          "D": 1650560203
        },
        "$ReferencedObjects": [
          15,
          78
        ]
      }
    },
    {
      "ObjectIndex": 77,
      "Type": "Export",
      "ObjectClass": 11,
      "Outer": 78,
      "ObjectName": "MovieScene2DTransformSection_0",
      "ObjectFlags": 8,
      "Properties": {
        "Easing": {
          "EaseIn": 79,
          "EaseOut": 80
        },
        "Rotation": {
          "PreInfinityExtrap": "RCCE_Constant",
          "PostInfinityExtrap": "RCCE_Constant",
          "Times": [
            {
              "Value": 0
            },
            {
              "Value": 15000
            }
          ],
          "Values": [
            {
              "Value": -2.0,
              "Tangent": {
                "ArriveTangent": 0.0,
                "LeaveTangent": 0.0,
                "ArriveTangentWeight": 0.0,
                "LeaveTangentWeight": 0.0,
                "TangentWeightMode": "RCTWM_WeightedNone"
              },
              "InterpMode": "RCIM_Constant",
              "TangentMode": "RCTM_Auto",
              "PaddingByte": 0
            },
            {
              "Value": 2.0,
              "Tangent": {
                "ArriveTangent": 0.0,
                "LeaveTangent": 0.0,
                "ArriveTangentWeight": 0.0,
                "LeaveTangentWeight": 0.0,
                "TangentWeightMode": "RCTWM_WeightedNone"
              },
              "InterpMode": "RCIM_Constant",
              "TangentMode": "RCTM_Auto",
              "PaddingByte": 0
            }
          ],
          "DefaultValue": 0.0,
          "bHasDefaultValue": false,
          "TickResolution": {
            "Numerator": 60000,
            "Denominator": 1
          }
        },
        "Scale": [
          {
            "PreInfinityExtrap": "RCCE_Constant",
            "PostInfinityExtrap": "RCCE_Constant",
            "Times": [
              {
                "Value": 0
              },
              {
                "Value": 15000
              }
            ],
            "Values": [
              {
                "Value": 1.0,
                "Tangent": {
                  "ArriveTangent": 0.0,
                  "LeaveTangent": 0.0,
                  "ArriveTangentWeight": 0.0,
                  "LeaveTangentWeight": 0.0,
                  "TangentWeightMode": "RCTWM_WeightedNone"
                },
                "InterpMode": "RCIM_Constant",
                "TangentMode": "RCTM_Auto",
                "PaddingByte": 0
              },
              {
                "Value": 1.1,
                "Tangent": {
                  "ArriveTangent": 0.0,
                  "LeaveTangent": 0.0,
                  "ArriveTangentWeight": 0.0,
                  "LeaveTangentWeight": 0.0,
                  "TangentWeightMode": "RCTWM_WeightedNone"
                },
                "InterpMode": "RCIM_Constant",
                "TangentMode": "RCTM_Auto",
                "PaddingByte": 0
              }
            ],
            "DefaultValue": 0.0,
            "bHasDefaultValue": false,
            "TickResolution": {
              "Numerator": 60000,
              "Denominator": 1
            }
          },
          {
            "PreInfinityExtrap": "RCCE_Constant",
            "PostInfinityExtrap": "RCCE_Constant",
            "Times": [
              {
                "Value": 0
              },
              {
                "Value": 15000
              }
            ],
            "Values": [
              {
                "Value": 1.0,
                "Tangent": {
                  "ArriveTangent": 0.0,
                  "LeaveTangent": 0.0,
                  "ArriveTangentWeight": 0.0,
                  "LeaveTangentWeight": 0.0,
                  "TangentWeightMode": "RCTWM_WeightedNone"
                },
                "InterpMode": "RCIM_Constant",
                "TangentMode": "RCTM_Auto",
                "PaddingByte": 0
              },
              {
                "Value": 1.1,
                "Tangent": {
                  "ArriveTangent": 0.0,
                  "LeaveTangent": 0.0,
                  "ArriveTangentWeight": 0.0,
                  "LeaveTangentWeight": 0.0,
                  "TangentWeightMode": "RCTWM_WeightedNone"
                },
                "InterpMode": "RCIM_Constant",
                "TangentMode": "RCTM_Auto",
                "PaddingByte": 0
              }
            ],
            "DefaultValue": 0.0,
            "bHasDefaultValue": false,
            "TickResolution": {
              "Numerator": 60000,
              "Denominator": 1
            }
          }
        ],
        "SectionRange": {
          "LowerBound": {
            "Type": "Inclusive",
            "Value": 0
          },
          "UpperBound": {
            "Type": "Exclusive",
            "Value": 30000
          }
        },
        "Signature": {
          "A": 1793248374,
          "B": 1225201680,
          "C": -459874392,
          "D": -1263294759
        },
        "$ReferencedObjects": [
          79,
          80
        ]
      }
    },
    {
      "ObjectIndex": 78,
      "Type": "Export",
      "ObjectClass": 12,
      "Outer": 76,
      "ObjectName": "MovieScene2DTransformTrack_0",
      "ObjectFlags": 8,
      "Properties": {
        "PropertyBinding": {
          "PropertyName": "RenderTransform",
          "PropertyPath": "RenderTransform",
          "bCanUseClassLookup": true
        },
        "Sections": [
          77
        ],
        "EvaluationFieldGuid": {
          "A": -1746597550,
          "B": 1263667606,
          "C": -1199932997,
          "D": 302085245
        },
        "EvaluationField": {
          "Entries": [
            {
              "Section": 77,
              "Range": {
                "LowerBound": {
                  "Type": "ERangeBoundTypes::Inclusive",
                  "Value": {
                    "Value": 0
                  }
                },
                "UpperBound": {
                  "Type": "ERangeBoundTypes::Exclusive",
                  "Value": {
                    "Value": 30000
                  }
                }
              },
              "ForcedTime": {
                "Value": -2147483648
              },
              "Flags": "ESectionEvaluationFlags::None",
              "LegacySortOrder": 0
            }
          ]
        },
        "Signature": {
          "A": -1746597550,
          "B": 1263667606,
          "C": -1199932997,
          "D": 302085245
        },
        "$ReferencedObjects": [
          77
        ]
      }
    },
    {
      "ObjectIndex": 79,
      "Type": "Export",
      "ObjectClass": 5,
      "Outer": 77,
      "ObjectName": "EaseInFunction",
      "ObjectFlags": 262153,
      "Properties": {
        "$ReferencedObjects": []
      }
    },
    {
      "ObjectIndex": 80,
      "Type": "Export",
      "ObjectClass": 5,
      "Outer": 77,
      "ObjectName": "EaseOutFunction",
      "ObjectFlags": 262153,
      "Properties": {
        "$ReferencedObjects": []
      }
    },
    {
      "ObjectIndex": 81,
      "Type": "Export",
      "ObjectClass": 6,
      "Outer": 117,
      "ObjectName": "CompiledData",
      "ObjectFlags": 0,
      "Properties": {
        "EntityComponentField": {
          "PersistentEntityTree": {
            "SerializedData": {
              "RootNode": {
                "Range": {
                  "LowerBound": {
                    "Type": "Open",
                    "Value": {
                      "Value": 0
                    }
                  },
                  "UpperBound": {
                    "Type": "Open",
                    "Value": {
                      "Value": 0
                    }
                  }
                },
                "Parent": {
                  "ChildrenHandle": {
                    "EntryIndex": -1
                  },
                  "Index": -1
                },
                "ChildrenID": {
                  "EntryIndex": 0
                },
                "DataID": {
                  "EntryIndex": -1
                }
              },
              "ChildNodes": {
                "Entries": [
                  {
                    "StartIndex": 0,
                    "Size": 1,
                    "Capacity": 1
                  }
                ],
                "Items": [
                  {
                    "Range": {
                      "LowerBound": {
                        "Type": "Inclusive",
                        "Value": {
                          "Value": 0
                        }
                      },
                      "UpperBound": {
                        "Type": "Exclusive",
                        "Value": {
                          "Value": 30000
                        }
                      }
                    },
                    "Parent": {
                      "ChildrenHandle": {
                        "EntryIndex": -1
                      },
                      "Index": 0
                    },
                    "ChildrenID": {
                      "EntryIndex": -1
                    },
                    "DataID": {
                      "EntryIndex": 0
                    }
                  }
                ]
              },
              "Data": {
                "Entries": [
                  {
                    "StartIndex": 0,
                    "Size": 1,
                    "Capacity": 1
                  }
                ],
                "Items": [
                  {
                    "EntityIndex": 0,
                    "MetaDataIndex": -1
                  }
                ]
              }
            }
          },
          "Entities": [
            {
              "Key": {
                "EntityOwner": 77,
                "EntityID": 0
              },
              "SharedMetaDataIndex": 0
            }
          ],
          "SharedMetaData": [
            {
              "ObjectBindingID": {
                "A": -575130166,
                "B": 1320680483,
                "C": -498216555,
                "D": 272692420
              }
            }
          ]
        },
        "DeterminismFences": [
          {
            "FrameNumber": {
              "Value": 30000
            },
            "SubFrame": 0.0
          }
        ],
        "CompiledSignature": {
          "A": -803666763,
          "B": 1247328808,
          "C": 1861624466,
          "D": -1241850993
        },
        "CompilerVersion": {
          "A": 2102106121,
          "B": 799820395,
          "C": -1773219982,
          "D": -668492040
        },
        "AccumulatedMask": {
          "bEntityComponentField": true
        },
        "AllocatedMask": {
          "bEntityComponentField": true
        },
        "$ReferencedObjects": [
          77
        ]
      }
    },
    {
      "ObjectIndex": 82,
      "Type": "Export",
      "ObjectClass": 13,
      "Outer": 118,
      "ObjectName": "Overlay_0",
      "ObjectFlags": 8,
      "Properties": {
        "Slots": [
          84,
          85
        ],
        "$ReferencedObjects": [
          84,
          85
        ]
      }
    },
    {
      "ObjectIndex": 83,
      "Type": "Export",
      "ObjectClass": 13,
      "Outer": 118,
      "ObjectName": "Overlay_2",
      "ObjectFlags": 8,
      "Properties": {
        "Slots": [
          87,
          86
        ],
        "Slot": 74,
        "$ReferencedObjects": [
          87,
          86,
          74
        ]
      }
    },
    {
      "ObjectIndex": 84,
      "Type": "Export",
      "ObjectClass": 14,
      "Outer": 82,
      "ObjectName": "OverlaySlot_0",
      "ObjectFlags": 8,
      "Properties": {
        "HorizontalAlignment": "HAlign_Fill",
        "VerticalAlignment": "VAlign_Fill",
        "Parent": 82,
        "Content": 102,
        "$ReferencedObjects": [
          82,
          102
        ]
      }
    },
    {
      "ObjectIndex": 85,
      "Type": "Export",
      "ObjectClass": 14,
      "Outer": 82,
      "ObjectName": "OverlaySlot_4",
      "ObjectFlags": 8,
      "Properties": {
        "HorizontalAlignment": "HAlign_Fill",
        "VerticalAlignment": "VAlign_Fill",
        "Parent": 82,
        "Content": 68,
        "$ReferencedObjects": [
          82,
          68
        ]
      }
    },
    {
      "ObjectIndex": 86,
      "Type": "Export",
      "ObjectClass": 14,
      "Outer": 83,
      "ObjectName": "OverlaySlot_0",
      "ObjectFlags": 8,
      "Properties": {
        "HorizontalAlignment": "HAlign_Fill",
        "VerticalAlignment": "VAlign_Fill",
        "Parent": 83,
        "Content": 100,
        "$ReferencedObjects": [
          83,
          100
        ]
      }
    },
    {
      "ObjectIndex": 87,
      "Type": "Export",
      "ObjectClass": 14,
      "Outer": 83,
      "ObjectName": "OverlaySlot_3",
      "ObjectFlags": 8,
      "Properties": {
        "HorizontalAlignment": "HAlign_Fill",
        "VerticalAlignment": "VAlign_Fill",
        "Parent": 83,
        "Content": 62,
        "$ReferencedObjects": [
          83,
          62
        ]
      }
    },
    {
      "ObjectIndex": 88,
      "Type": "Export",
      "ObjectClass": 15,
      "Outer": 118,
      "ObjectName": "TextBlock_1",
      "ObjectFlags": 8,
      "Properties": {
        "Text": "NSLOCTEXT(\"\" , \"5EEF0FA8425E600B8C0A98B40C82D95B\" , \"PLAY\")",
        "ColorAndOpacity": {
          "SpecifiedColor": {
            "R": 1.0,
            "G": 0.0,
            "B": 0.0,
            "A": 1.0
          }
        },
        "Font": {
          "FontObject": 23,
          "OutlineSettings": {
            "OutlineSize": 4
          },
          "TypefaceFontName": "Wide",
          "Size": 60
        },
        "ShadowOffset": {
          "X": 4.0,
          "Y": 4.0
        },
        "ShadowColorAndOpacity": {
          "R": 0.0,
          "G": 0.0,
          "B": 0.0,
          "A": 1.0
        },
        "Justification": "ETextJustify::Center",
        "Slot": 103,
        "bIsVariable": true,
        "$ReferencedObjects": [
          23,
          103
        ]
      }
    },
    {
      "ObjectIndex": 89,
      "Type": "Export",
      "ObjectClass": 15,
      "Outer": 118,
      "ObjectName": "TextBlock_10",
      "ObjectFlags": 8,
      "Properties": {
        "Text": "NSLOCTEXT(\"\" , \"D869403F42AEFFA0BC95228386ED1C2D\" , \"- Disco\")",
        "Font": {
          "FontObject": 23,
          "OutlineSettings": {
            "OutlineSize": 4
          },
          "TypefaceFontName": "Wide",
          "Size": 12
        },
        "ShadowOffset": {
          "X": 0.0,
          "Y": 0.0
        },
        "Slot": 107,
        "$ReferencedObjects": [
          23,
          107
        ]
      }
    },
    {
      "ObjectIndex": 90,
      "Type": "Export",
      "ObjectClass": 15,
      "Outer": 118,
      "ObjectName": "TextBlock_11",
      "ObjectFlags": 8,
      "Properties": {
        "Text": "NSLOCTEXT(\"\" , \"1B251CED4373DB99B19AF498B3C90EE5\" , \"- Hard Rock\")",
        "Font": {
          "FontObject": 23,
          "OutlineSettings": {
            "OutlineSize": 4
          },
          "TypefaceFontName": "Wide",
          "Size": 12
        },
        "ShadowOffset": {
          "X": 0.0,
          "Y": 0.0
        },
        "Slot": 112,
        "$ReferencedObjects": [
          23,
          112
        ]
      }
    },
    {
      "ObjectIndex": 91,
      "Type": "Export",
      "ObjectClass": 15,
      "Outer": 118,
      "ObjectName": "TextBlock_12",
      "ObjectFlags": 8,
      "Properties": {
        "Text": "NSLOCTEXT(\"\" , \"CF1B0DDB4B2D8D8096AC2181C18687D7\" , \"- Classical\")",
        "Font": {
          "FontObject": 23,
          "OutlineSettings": {
            "OutlineSize": 4
          },
          "TypefaceFontName": "Wide",
          "Size": 12
        },
        "ShadowOffset": {
          "X": 0.0,
          "Y": 0.0
        },
        "Slot": 108,
        "$ReferencedObjects": [
          23,
          108
        ]
      }
    },
    {
      "ObjectIndex": 92,
      "Type": "Export",
      "ObjectClass": 15,
      "Outer": 118,
      "ObjectName": "TextBlock_13",
      "ObjectFlags": 8,
      "Properties": {
        "Text": "NSLOCTEXT(\"\" , \"1B1E09ED44CF152CACD2049BFE13345E\" , \"- Jazz\")",
        "Font": {
          "FontObject": 23,
          "OutlineSettings": {
            "OutlineSize": 4
          },
          "TypefaceFontName": "Wide",
          "Size": 12
        },
        "ShadowOffset": {
          "X": 0.0,
          "Y": 0.0
        },
        "Slot": 109,
        "$ReferencedObjects": [
          23,
          109
        ]
      }
    },
    {
      "ObjectIndex": 93,
      "Type": "Export",
      "ObjectClass": 15,
      "Outer": 118,
      "ObjectName": "TextBlock_14",
      "ObjectFlags": 8,
      "Properties": {
        "Text": "NSLOCTEXT(\"\" , \"517692444C34C55F9F0E64A1EC429F23\" , \"- Country\")",
        "Font": {
          "FontObject": 23,
          "OutlineSettings": {
            "OutlineSize": 4
          },
          "TypefaceFontName": "Wide",
          "Size": 12
        },
        "ShadowOffset": {
          "X": 0.0,
          "Y": 0.0
        },
        "Slot": 110,
        "$ReferencedObjects": [
          23,
          110
        ]
      }
    },
    {
      "ObjectIndex": 94,
      "Type": "Export",
      "ObjectClass": 15,
      "Outer": 118,
      "ObjectName": "TextBlock_15",
      "ObjectFlags": 8,
      "Properties": {
        "Text": "NSLOCTEXT(\"\" , \"BC01E0204C939C37E3565CACD2F8CF4B\" , \"- Techno\")",
        "Font": {
          "FontObject": 23,
          "OutlineSettings": {
            "OutlineSize": 4
          },
          "TypefaceFontName": "Wide",
          "Size": 12
        },
        "ShadowOffset": {
          "X": 0.0,
          "Y": 0.0
        },
        "Slot": 111,
        "$ReferencedObjects": [
          23,
          111
        ]
      }
    },
    {
      "ObjectIndex": 95,
      "Type": "Export",
      "ObjectClass": 15,
      "Outer": 118,
      "ObjectName": "TextBlock_16",
      "ObjectFlags": 8,
      "Properties": {
        "Text": "NSLOCTEXT(\"\" , \"84FC1167418CEECD8D955488BF962A5D\" , \"GENRES\")",
        "ColorAndOpacity": {
          "SpecifiedColor": {
            "R": 1.0,
            "G": 0.890012,
            "B": 0.0,
            "A": 1.0
          }
        },
        "Font": {
          "FontObject": 23,
          "OutlineSettings": {
            "OutlineSize": 4
          },
          "TypefaceFontName": "Wide",
          "Size": 15
        },
        "ShadowOffset": {
          "X": 0.0,
          "Y": 0.0
        },
        "Margin": {
          "Top": 3.0
        },
        "Slot": 69,
        "$ReferencedObjects": [
          23,
          69
        ]
      }
    },
    {
      "ObjectIndex": 96,
      "Type": "Export",
      "ObjectClass": 15,
      "Outer": 118,
      "ObjectName": "TextBlock_17",
      "ObjectFlags": 8,
      "Properties": {
        "Text": "NSLOCTEXT(\"\" , \"FE8E507D421EF2DF84D70F8AB298ECBF\" , \"- DRG EMPLOYEE ACTIVATION TERMINAL. -\")",
        "ColorAndOpacity": {
          "SpecifiedColor": {
            "R": 0.885417,
            "G": 0.885417,
            "B": 0.885417,
            "A": 1.0
          }
        },
        "Font": {
          "FontObject": 23,
          "OutlineSettings": {
            "OutlineSize": 4
          },
          "TypefaceFontName": "Wide",
          "Size": 8
        },
        "ShadowOffset": {
          "X": 0.0,
          "Y": 0.0
        },
        "Slot": 71,
        "$ReferencedObjects": [
          23,
          71
        ]
      }
    },
    {
      "ObjectIndex": 97,
      "Type": "Export",
      "ObjectClass": 15,
      "Outer": 118,
      "ObjectName": "TextBlock_8",
      "ObjectFlags": 8,
      "Properties": {
        "Text": "NSLOCTEXT(\"\" , \"BE48CE5642A391F03ED36AAB2CDE9572\" , \"Just 2 credits!\")",
        "ColorAndOpacity": {
          "SpecifiedColor": {
            "R": 1.0,
            "G": 0.875272,
            "B": 0.275761,
            "A": 1.0
          }
        },
        "Font": {
          "FontObject": 23,
          "OutlineSettings": {
            "OutlineSize": 4
          },
          "TypefaceFontName": "Narrow",
          "Size": 20
        },
        "ShadowOffset": {
          "X": 4.0,
          "Y": 4.0
        },
        "ShadowColorAndOpacity": {
          "R": 0.0,
          "G": 0.0,
          "B": 0.0,
          "A": 1.0
        },
        "Justification": "ETextJustify::Center",
        "AutoWrapText": true,
        "Slot": 104,
        "$ReferencedObjects": [
          23,
          104
        ]
      }
    },
    {
      "ObjectIndex": 98,
      "Type": "Export",
      "ObjectClass": 15,
      "Outer": 118,
      "ObjectName": "TextBlock_9",
      "ObjectFlags": 8,
      "Properties": {
        "Text": "NSLOCTEXT(\"\" , \"1A7DF5824462730A8629DBAF7F45E12C\" , \"- Metal\")",
        "Font": {
          "FontObject": 23,
          "OutlineSettings": {
            "OutlineSize": 4
          },
          "TypefaceFontName": "Wide",
          "Size": 12
        },
        "ShadowOffset": {
          "X": 0.0,
          "Y": 0.0
        },
        "Slot": 113,
        "$ReferencedObjects": [
          23,
          113
        ]
      }
    },
    {
      "ObjectIndex": 99,
      "Type": "Export",
      "ObjectClass": 18,
      "Outer": 118,
      "ObjectName": "VerticalBox_1",
      "ObjectFlags": 8,
      "Properties": {
        "Slots": [
          103,
          104
        ],
        "Slot": 75,
        "$ReferencedObjects": [
          103,
          104,
          75
        ]
      }
    },
    {
      "ObjectIndex": 100,
      "Type": "Export",
      "ObjectClass": 18,
      "Outer": 118,
      "ObjectName": "VerticalBox_2",
      "ObjectFlags": 8,
      "Properties": {
        "Slots": [
          105,
          106
        ],
        "Slot": 86,
        "$ReferencedObjects": [
          105,
          106,
          86
        ]
      }
    },
    {
      "ObjectIndex": 101,
      "Type": "Export",
      "ObjectClass": 18,
      "Outer": 118,
      "ObjectName": "VerticalBox_3",
      "ObjectFlags": 8,
      "Properties": {
        "Slots": [
          113,
          107,
          112,
          108,
          109,
          110,
          111
        ],
        "Slot": 70,
        "$ReferencedObjects": [
          113,
          107,
          112,
          108,
          109,
          110,
          111,
          70
        ]
      }
    },
    {
      "ObjectIndex": 102,
      "Type": "Export",
      "ObjectClass": 18,
      "Outer": 118,
      "ObjectName": "VerticalBox_4",
      "ObjectFlags": 8,
      "Properties": {
        "Slots": [
          115,
          116,
          114
        ],
        "Slot": 84,
        "$ReferencedObjects": [
          115,
          116,
          114,
          84
        ]
      }
    },
    {
      "ObjectIndex": 103,
      "Type": "Export",
      "ObjectClass": 19,
      "Outer": 99,
      "ObjectName": "VerticalBoxSlot_0",
      "ObjectFlags": 8,
      "Properties": {
        "HorizontalAlignment": "HAlign_Center",
        "Parent": 99,
        "Content": 88,
        "$ReferencedObjects": [
          99,
          88
        ]
      }
    },
    {
      "ObjectIndex": 104,
      "Type": "Export",
      "ObjectClass": 19,
      "Outer": 99,
      "ObjectName": "VerticalBoxSlot_1",
      "ObjectFlags": 8,
      "Properties": {
        "Parent": 99,
        "Content": 97,
        "$ReferencedObjects": [
          99,
          97
        ]
      }
    },
    {
      "ObjectIndex": 105,
      "Type": "Export",
      "ObjectClass": 19,
      "Outer": 100,
      "ObjectName": "VerticalBoxSlot_0",
      "ObjectFlags": 8,
      "Properties": {
        "Parent": 100,
        "Content": 63,
        "$ReferencedObjects": [
          100,
          63
        ]
      }
    },
    {
      "ObjectIndex": 106,
      "Type": "Export",
      "ObjectClass": 19,
      "Outer": 100,
      "ObjectName": "VerticalBoxSlot_1",
      "ObjectFlags": 8,
      "Properties": {
        "Size": {
          "SizeRule": "ESlateSizeRule::Fill"
        },
        "Parent": 100,
        "Content": 64,
        "$ReferencedObjects": [
          100,
          64
        ]
      }
    },
    {
      "ObjectIndex": 107,
      "Type": "Export",
      "ObjectClass": 19,
      "Outer": 101,
      "ObjectName": "VerticalBoxSlot_0",
      "ObjectFlags": 8,
      "Properties": {
        "Size": {
          "SizeRule": "ESlateSizeRule::Fill"
        },
        "VerticalAlignment": "VAlign_Center",
        "Parent": 101,
        "Content": 89,
        "$ReferencedObjects": [
          101,
          89
        ]
      }
    },
    {
      "ObjectIndex": 108,
      "Type": "Export",
      "ObjectClass": 19,
      "Outer": 101,
      "ObjectName": "VerticalBoxSlot_1",
      "ObjectFlags": 8,
      "Properties": {
        "Size": {
          "SizeRule": "ESlateSizeRule::Fill"
        },
        "VerticalAlignment": "VAlign_Center",
        "Parent": 101,
        "Content": 91,
        "$ReferencedObjects": [
          101,
          91
        ]
      }
    },
    {
      "ObjectIndex": 109,
      "Type": "Export",
      "ObjectClass": 19,
      "Outer": 101,
      "ObjectName": "VerticalBoxSlot_2",
      "ObjectFlags": 8,
      "Properties": {
        "Size": {
          "SizeRule": "ESlateSizeRule::Fill"
        },
        "VerticalAlignment": "VAlign_Center",
        "Parent": 101,
        "Content": 92,
        "$ReferencedObjects": [
          101,
          92
        ]
      }
    },
    {
      "ObjectIndex": 110,
      "Type": "Export",
      "ObjectClass": 19,
      "Outer": 101,
      "ObjectName": "VerticalBoxSlot_3",
      "ObjectFlags": 8,
      "Properties": {
        "Size": {
          "SizeRule": "ESlateSizeRule::Fill"
        },
        "VerticalAlignment": "VAlign_Center",
        "Parent": 101,
        "Content": 93,
        "$ReferencedObjects": [
          101,
          93
        ]
      }
    },
    {
      "ObjectIndex": 111,
      "Type": "Export",
      "ObjectClass": 19,
      "Outer": 101,
      "ObjectName": "VerticalBoxSlot_4",
      "ObjectFlags": 8,
      "Properties": {
        "Size": {
          "SizeRule": "ESlateSizeRule::Fill"
        },
        "VerticalAlignment": "VAlign_Center",
        "Parent": 101,
        "Content": 94,
        "$ReferencedObjects": [
          101,
          94
        ]
      }
    },
    {
      "ObjectIndex": 112,
      "Type": "Export",
      "ObjectClass": 19,
      "Outer": 101,
      "ObjectName": "VerticalBoxSlot_5",
      "ObjectFlags": 8,
      "Properties": {
        "Size": {
          "SizeRule": "ESlateSizeRule::Fill"
        },
        "VerticalAlignment": "VAlign_Center",
        "Parent": 101,
        "Content": 90,
        "$ReferencedObjects": [
          101,
          90
        ]
      }
    },
    {
      "ObjectIndex": 113,
      "Type": "Export",
      "ObjectClass": 19,
      "Outer": 101,
      "ObjectName": "VerticalBoxSlot_7",
      "ObjectFlags": 8,
      "Properties": {
        "Size": {
          "SizeRule": "ESlateSizeRule::Fill"
        },
        "VerticalAlignment": "VAlign_Center",
        "Parent": 101,
        "Content": 98,
        "$ReferencedObjects": [
          101,
          98
        ]
      }
    },
    {
      "ObjectIndex": 114,
      "Type": "Export",
      "ObjectClass": 19,
      "Outer": 102,
      "ObjectName": "VerticalBoxSlot_0",
      "ObjectFlags": 8,
      "Properties": {
        "Size": {
          "SizeRule": "ESlateSizeRule::Fill"
        },
        "Parent": 102,
        "Content": 67,
        "$ReferencedObjects": [
          102,
          67
        ]
      }
    },
    {
      "ObjectIndex": 115,
      "Type": "Export",
      "ObjectClass": 19,
      "Outer": 102,
      "ObjectName": "VerticalBoxSlot_1",
      "ObjectFlags": 8,
      "Properties": {
        "Size": {
          "Value": 0.17
        },
        "Padding": {
          "Top": 15.0,
          "Bottom": -1.0
        },
        "Parent": 102,
        "Content": 65,
        "$ReferencedObjects": [
          102,
          65
        ]
      }
    },
    {
      "ObjectIndex": 116,
      "Type": "Export",
      "ObjectClass": 19,
      "Outer": 102,
      "ObjectName": "VerticalBoxSlot_2",
      "ObjectFlags": 8,
      "Properties": {
        "Size": {
          "Value": 0.15
        },
        "Parent": 102,
        "Content": 66,
        "$ReferencedObjects": [
          102,
          66
        ]
      }
    },
    {
      "ObjectIndex": 117,
      "Type": "Export",
      "ObjectClass": 20,
      "Outer": 60,
      "ObjectName": "PlayButton_INST",
      "ObjectFlags": 8,
      "Properties": {
        "MovieScene": 76,
        "AnimationBindings": [
          {
            "WidgetName": "VerticalBox_1",
            "SlotWidgetName": "None",
            "AnimationGuid": {
              "A": -575130166,
              "B": 1320680483,
              "C": -498216555,
              "D": 272692420
            },
            "bIsRootWidget": false
          }
        ],
        "DisplayLabel": "PlayButton",
        "CompiledData": 81,
        "Signature": {
          "A": -803666763,
          "B": 1247328808,
          "C": 1861624466,
          "D": -1241850993
        },
        "$ReferencedObjects": [
          76,
          81
        ]
      }
    },
    {
      "ObjectIndex": 118,
      "Type": "Export",
      "ObjectClass": 22,
      "Outer": 60,
      "ObjectName": "WidgetTree",
      "ObjectFlags": 8,
      "Properties": {
        "RootWidget": 82,
        "$ReferencedObjects": [
          82
        ]
      }
    }
  ]
}