{
  "AssetClass": "AnimSequence",
  "AssetPackage": "/Game/Art/Enemies/Barnacle/ANIM_Barnacle_Attack",
  "AssetName": "ANIM_Barnacle_Attack",
  "AssetSerializedData": {
    "SkipDependecies": false,
    "AssetObjectData": {
      "NumFrames": 100,
      "TrackToSkeletonMapTable": [
        {
          "BoneTreeIndex": 0
        },
        {
          "BoneTreeIndex": 1
        },
        {
          "BoneTreeIndex": 2
        },
        {
          "BoneTreeIndex": 3
        },
        {
          "BoneTreeIndex": 4
        },
        {
          "BoneTreeIndex": 5
        },
        {
          "BoneTreeIndex": 6
        },
        {
          "BoneTreeIndex": 7
        },
        {
          "BoneTreeIndex": 8
        },
        {
          "BoneTreeIndex": 9
        },
        {
          "BoneTreeIndex": 10
        },
        {
          "BoneTreeIndex": 11
        },
        {
          "BoneTreeIndex": 12
        },
        {
          "BoneTreeIndex": 13
        },
        {
          "BoneTreeIndex": 14
        },
        {
          "BoneTreeIndex": 15
        },
        {
          "BoneTreeIndex": 16
        },
        {
          "BoneTreeIndex": 17
        },
        {
          "BoneTreeIndex": 18
        },
        {
          "BoneTreeIndex": 19
        },
        {
          "BoneTreeIndex": 20
        },
        {
          "BoneTreeIndex": 21
        },
        {
          "BoneTreeIndex": 22
        },
        {
          "BoneTreeIndex": 23
        },
        {
          "BoneTreeIndex": 24
        },
        {
          "BoneTreeIndex": 25
        },
        {
          "BoneTreeIndex": 26
        },
        {
          "BoneTreeIndex": 27
        },
        {
          "BoneTreeIndex": 28
        },
        {
          "BoneTreeIndex": 29
        },
        {
          "BoneTreeIndex": 30
        },
        {
          "BoneTreeIndex": 31
        },
        {
          "BoneTreeIndex": 32
        },
        {
          "BoneTreeIndex": 33
        }
      ],
      "BoneCompressionSettings": 0,
      "CurveCompressionSettings": 1,
      "Notifies": [
        {
          "TriggerTimeOffset": 0.0,
          "EndTriggerTimeOffset": 0.0,
          "TriggerWeightThreshold": 1E-05,
          "NotifyName": "P_Barnacle_SlobberBurst",
          "Notify": 14,
          "NotifyStateClass": -1,
          "Duration": 0.0,
          "EndLink": {
            "LinkedMontage": -1,
            "SlotIndex": -1,
            "SegmentIndex": -1,
            "LinkMethod": "EAnimLinkMethod::Absolute",
            "CachedLinkMethod": "EAnimLinkMethod::Absolute",
            "SegmentBeginTime": 0.0,
            "SegmentLength": 0.0,
            "LinkValue": 1.2491078,
            "LinkedSequence": -1
          },
          "bConvertedFromBranchingPoint": false,
          "MontageTickType": "EMontageNotifyTickType::Queued",
          "NotifyTriggerChance": 1.0,
          "NotifyFilterType": "ENotifyFilterType::NoFiltering",
          "NotifyFilterLOD": 0,
          "bTriggerOnDedicatedServer": true,
          "bTriggerOnFollower": false,
          "TrackIndex": 1,
          "LinkedMontage": -1,
          "SlotIndex": -1,
          "SegmentIndex": 0,
          "LinkMethod": "EAnimLinkMethod::Absolute",
          "CachedLinkMethod": "EAnimLinkMethod::Absolute",
          "SegmentBeginTime": 0.0,
          "SegmentLength": 3.3333333,
          "LinkValue": 1.2491078,
          "LinkedSequence": 15
        },
        {
          "TriggerTimeOffset": 0.0,
          "EndTriggerTimeOffset": 0.0,
          "TriggerWeightThreshold": 1E-05,
          "NotifyName": "P_Barnacle_SlobberBurst",
          "Notify": 13,
          "NotifyStateClass": -1,
          "Duration": 0.0,
          "EndLink": {
            "LinkedMontage": -1,
            "SlotIndex": -1,
            "SegmentIndex": -1,
            "LinkMethod": "EAnimLinkMethod::Absolute",
            "CachedLinkMethod": "EAnimLinkMethod::Absolute",
            "SegmentBeginTime": 0.0,
            "SegmentLength": 0.0,
            "LinkValue": 1.6345469,
            "LinkedSequence": -1
          },
          "bConvertedFromBranchingPoint": false,
          "MontageTickType": "EMontageNotifyTickType::Queued",
          "NotifyTriggerChance": 1.0,
          "NotifyFilterType": "ENotifyFilterType::NoFiltering",
          "NotifyFilterLOD": 0,
          "bTriggerOnDedicatedServer": true,
          "bTriggerOnFollower": false,
          "TrackIndex": 2,
          "LinkedMontage": -1,
          "SlotIndex": -1,
          "SegmentIndex": 0,
          "LinkMethod": "EAnimLinkMethod::Absolute",
          "CachedLinkMethod": "EAnimLinkMethod::Absolute",
          "SegmentBeginTime": 0.0,
          "SegmentLength": 3.3333333,
          "LinkValue": 1.6345469,
          "LinkedSequence": 15
        }
      ],
      "SequenceLength": 3.3333333,
      "Skeleton": 12,
      "$ReferencedObjects": []
    }
  },
  "ObjectHierarchy": [
    {
      "ObjectIndex": 0,
      "Type": "Import",
      "ClassPackage": "/Script/Engine",
      "ClassName": "AnimBoneCompressionSettings",
      "Outer": 6,
      "ObjectName": "DefaultAnimBoneCompressionSettings"
    },
    {
      "ObjectIndex": 1,
      "Type": "Import",
      "ClassPackage": "/Script/Engine",
      "ClassName": "AnimCurveCompressionSettings",
      "Outer": 7,
      "ObjectName": "DefaultAnimCurveCompressionSettings"
    },
    {
      "ObjectIndex": 2,
      "Type": "Import",
      "ClassPackage": "/Script/Engine",
      "ClassName": "AnimNotify_PlayParticleEffect",
      "Outer": 10,
      "ObjectName": "Default__AnimNotify_PlayParticleEffect"
    },
    {
      "ObjectIndex": 3,
      "Type": "Import",
      "ClassPackage": "/Script/Engine",
      "ClassName": "AnimSequence",
      "Outer": 10,
      "ObjectName": "Default__AnimSequence"
    },
    {
      "ObjectIndex": 4,
      "Type": "Import",
      "ClassPackage": "/Script/CoreUObject",
      "ClassName": "Class",
      "Outer": 10,
      "ObjectName": "AnimNotify_PlayParticleEffect"
    },
    {
      "ObjectIndex": 5,
      "Type": "Import",
      "ClassPackage": "/Script/CoreUObject",
      "ClassName": "Class",
      "Outer": 10,
      "ObjectName": "AnimSequence"
    },
    {
      "ObjectIndex": 6,
      "Type": "Import",
      "ClassPackage": "/Script/CoreUObject",
      "ClassName": "Package",
      "ObjectName": "/Engine/Animation/DefaultAnimBoneCompressionSettings"
    },
    {
      "ObjectIndex": 7,
      "Type": "Import",
      "ClassPackage": "/Script/CoreUObject",
      "ClassName": "Package",
      "ObjectName": "/Engine/Animation/DefaultAnimCurveCompressionSettings"
    },
    {
      "ObjectIndex": 8,
      "Type": "Import",
      "ClassPackage": "/Script/CoreUObject",
      "ClassName": "Package",
      "ObjectName": "/Game/Art/Enemies/Barnacle/P_Barnacle_SlobberBurst"
    },
    {
      "ObjectIndex": 9,
      "Type": "Import",
      "ClassPackage": "/Script/CoreUObject",
      "ClassName": "Package",
      "ObjectName": "/Game/Art/Enemies/Barnacle/SK_Barnacle_Skeleton"
    },
    {
      "ObjectIndex": 10,
      "Type": "Import",
      "ClassPackage": "/Script/CoreUObject",
      "ClassName": "Package",
      "ObjectName": "/Script/Engine"
    },
    {
      "ObjectIndex": 11,
      "Type": "Import",
      "ClassPackage": "/Script/Engine",
      "ClassName": "ParticleSystem",
      "Outer": 8,
      "ObjectName": "P_Barnacle_SlobberBurst"
    },
    {
      "ObjectIndex": 12,
      "Type": "Import",
      "ClassPackage": "/Script/Engine",
      "ClassName": "Skeleton",
      "Outer": 9,
      "ObjectName": "SK_Barnacle_Skeleton"
    },
    {
      "ObjectIndex": 13,
      "Type": "Export",
      "ObjectClass": 4,
      "Outer": 15,
      "ObjectName": "AnimNotify_PlayParticleEffect_1",
      "ObjectFlags": 8,
      "Properties": {
        "PSTemplate": 11,
        "SocketName": "S_Slobber",
        "$ReferencedObjects": [
          11
        ]
      }
    },
    {
      "ObjectIndex": 14,
      "Type": "Export",
      "ObjectClass": 4,
      "Outer": 15,
      "ObjectName": "AnimNotify_PlayParticleEffect_2",
      "ObjectFlags": 8,
      "Properties": {
        "PSTemplate": 11,
        "SocketName": "S_Slobber",
        "$ReferencedObjects": [
          11
        ]
      }
    },
    {
      "ObjectIndex": 15,
      "Type": "Export",
      "ObjectMark": "$AssetObject$"
    }
  ]
}