{
  "AssetClass": "SimpleAsset",
  "AssetPackage": "/Game/Art/_TestingGrounds/ShapeGenerator/MF_Polygon_01",
  "AssetName": "MF_Polygon_01",
  "AssetSerializedData": {
    "SkipDependecies": false,
    "AssetClass": "/Script/Engine.MaterialFunction",
    "AssetObjectData": {
      "StateId": {
        "A": -1373687397,
        "B": 1136363263,
        "C": -1906785117,
        "D": -2081930617
      },
      "$ReferencedObjects": []
    }
  },
  "ObjectHierarchy": [
    {
      "ObjectIndex": 0,
      "Type": "Import",
      "ClassPackage": "/Script/CoreUObject",
      "ClassName": "Class",
      "Outer": 2,
      "ObjectName": "MaterialFunction"
    },
    {
      "ObjectIndex": 1,
      "Type": "Import",
      "ClassPackage": "/Script/Engine",
      "ClassName": "MaterialFunction",
      "Outer": 2,
      "ObjectName": "Default__MaterialFunction"
    },
    {
      "ObjectIndex": 2,
      "Type": "Import",
      "ClassPackage": "/Script/CoreUObject",
      "ClassName": "Package",
      "ObjectName": "/Script/Engine"
    },
    {
      "ObjectIndex": 3,
      "Type": "Export",
      "ObjectMark": "$AssetObject$"
    }
  ]
}