{
  "AssetClass": "SoundCue",
  "AssetPackage": "/Game/Audio/Characters/Voices/Dwarves/Dwarf_01/DwarfJuly2018/Dwarf_FriendlyFire_02nd_Round_05_Cue",
  "AssetName": "Dwarf_FriendlyFire_02nd_Round_05_Cue",
  "AssetSerializedData": {
    "SkipDependecies": false,
    "SoundCueGraph": "Begin Object Class=/Script/AudioEditor.SoundCueGraphNode Name=\"SoundCueGraphNode_1\"\r\n\tBegin Object Class=/Script/Engine.SoundNodeWavePlayer Name=\"SoundNodeWavePlayer_0\"\r\n\tEnd Object\r\n\tBegin Object Name=\"SoundNodeWavePlayer_0\"\r\n\t\tSoundWaveAssetPtr=/Game/Audio/Characters/Voices/Dwarves/Dwarf_01/DwarfJuly2018/Dwarf_FriendlyFire_02nd_Round_05.Dwarf_FriendlyFire_02nd_Round_05\r\n\t\tGraphNode=SoundCueGraphNode'\"SoundCueGraphNode_1\"'\r\n\tEnd Object\r\n\tSoundNode=SoundNodeWavePlayer'\"SoundNodeWavePlayer_0\"'\r\n\tNodePosX=0\r\n\tNodePosY=0\r\n\tNodeGuid=99ade7c0126a423a904c07ee62dde4a2\r\n\tCustomProperties Pin (PinId=e0f1be7a616f4f20b743ce34cb89bc0e,PinName=\"Output\",Direction=\"EGPD_Output\",)\r\nEnd Object",
    "AssetObjectData": {
      "VolumeMultiplier": 0.5,
      "SoundClassObject": 9,
      "bOverrideConcurrency": true,
      "ConcurrencySet": [
        10
      ],
      "ConcurrencyOverrides": {
        "MaxCount": 1,
        "bLimitToOwner": true,
        "ResolutionRule": "EMaxConcurrentResolutionRule::StopOldest"
      },
      "Duration": 3.2855418,
      "MaxDistance": 11100.0,
      "AttenuationSettings": 8,
      "SoundSubmixObject": 13,
      "$ReferencedObjects": [
        9,
        10,
        8,
        13
      ]
    }
  },
  "ObjectHierarchy": [
    {
      "ObjectIndex": 0,
      "Type": "Import",
      "ClassPackage": "/Script/CoreUObject",
      "ClassName": "Class",
      "Outer": 7,
      "ObjectName": "SoundCue"
    },
    {
      "ObjectIndex": 1,
      "Type": "Import",
      "ClassPackage": "/Script/CoreUObject",
      "ClassName": "Class",
      "Outer": 7,
      "ObjectName": "SoundNodeWavePlayer"
    },
    {
      "ObjectIndex": 2,
      "Type": "Import",
      "ClassPackage": "/Script/CoreUObject",
      "ClassName": "Package",
      "ObjectName": "/Game/Audio/Characters/Voices/Dwarves/Dwarf_01/DwarfJuly2018/Dwarf_FriendlyFire_02nd_Round_05"
    },
    {
      "ObjectIndex": 3,
      "Type": "Import",
      "ClassPackage": "/Script/CoreUObject",
      "ClassName": "Package",
      "ObjectName": "/Game/Audio/SoundControl/AttenuationGroups/SpeakAttenation"
    },
    {
      "ObjectIndex": 4,
      "Type": "Import",
      "ClassPackage": "/Script/CoreUObject",
      "ClassName": "Package",
      "ObjectName": "/Game/Audio/SoundControl/SoundClasses/SpeakDwarf"
    },
    {
      "ObjectIndex": 5,
      "Type": "Import",
      "ClassPackage": "/Script/CoreUObject",
      "ClassName": "Package",
      "ObjectName": "/Game/Audio/SoundControl/SoundConcurrencyFire4"
    },
    {
      "ObjectIndex": 6,
      "Type": "Import",
      "ClassPackage": "/Script/CoreUObject",
      "ClassName": "Package",
      "ObjectName": "/Game/Audio/SoundControl/SubMixes/DwarfSpeakSubmix"
    },
    {
      "ObjectIndex": 7,
      "Type": "Import",
      "ClassPackage": "/Script/CoreUObject",
      "ClassName": "Package",
      "ObjectName": "/Script/Engine"
    },
    {
      "ObjectIndex": 8,
      "Type": "Import",
      "ClassPackage": "/Script/Engine",
      "ClassName": "SoundAttenuation",
      "Outer": 3,
      "ObjectName": "SpeakAttenation"
    },
    {
      "ObjectIndex": 9,
      "Type": "Import",
      "ClassPackage": "/Script/Engine",
      "ClassName": "SoundClass",
      "Outer": 4,
      "ObjectName": "SpeakDwarf"
    },
    {
      "ObjectIndex": 10,
      "Type": "Import",
      "ClassPackage": "/Script/Engine",
      "ClassName": "SoundConcurrency",
      "Outer": 5,
      "ObjectName": "SoundConcurrencyFire4"
    },
    {
      "ObjectIndex": 11,
      "Type": "Import",
      "ClassPackage": "/Script/Engine",
      "ClassName": "SoundCue",
      "Outer": 7,
      "ObjectName": "Default__SoundCue"
    },
    {
      "ObjectIndex": 12,
      "Type": "Import",
      "ClassPackage": "/Script/Engine",
      "ClassName": "SoundNodeWavePlayer",
      "Outer": 7,
      "ObjectName": "Default__SoundNodeWavePlayer"
    },
    {
      "ObjectIndex": 13,
      "Type": "Import",
      "ClassPackage": "/Script/Engine",
      "ClassName": "SoundSubmix",
      "Outer": 6,
      "ObjectName": "DwarfSpeakSubmix"
    },
    {
      "ObjectIndex": 14,
      "Type": "Import",
      "ClassPackage": "/Script/Engine",
      "ClassName": "SoundWave",
      "Outer": 2,
      "ObjectName": "Dwarf_FriendlyFire_02nd_Round_05"
    },
    {
      "ObjectIndex": 15,
      "Type": "Export",
      "ObjectMark": "$AssetObject$"
    }
  ]
}