{
  "AssetClass": "Blueprint",
  "AssetPackage": "/Game/Art/DropPod/Widgets/BP_Widget_DropPod_GarbageGen",
  "AssetName": "BP_Widget_DropPod_GarbageGen",
  "AssetSerializedData": {
    "SkipDependecies": false,
    "SuperStruct": 3,
    "Children": [],
    "ChildProperties": [
      {
        "FieldKind": "Property",
        "ObjectClass": "ObjectProperty",
        "ObjectName": "Widget1",
        "ArrayDim": 1,
        "PropertyFlags": "17180393476",
        "RepNotifyFunc": "None",
        "BlueprintReplicationCondition": 0,
        "PropertyClass": 8
      },
      {
        "FieldKind": "Property",
        "ObjectClass": "ObjectProperty",
        "ObjectName": "DefaultSceneRoot",
        "ArrayDim": 1,
        "PropertyFlags": "17180393476",
        "RepNotifyFunc": "None",
        "BlueprintReplicationCondition": 0,
        "PropertyClass": 5
      },
      {
        "FieldKind": "Property",
        "ObjectClass": "ObjectProperty",
        "ObjectName": "Widget",
        "ArrayDim": 1,
        "PropertyFlags": "589829",
        "RepNotifyFunc": "None",
        "BlueprintReplicationCondition": 0,
        "PropertyClass": 21
      },
      {
        "FieldKind": "Property",
        "ObjectClass": "FloatProperty",
        "ObjectName": "Duration",
        "ArrayDim": 1,
        "PropertyFlags": "5",
        "RepNotifyFunc": "None",
        "BlueprintReplicationCondition": 0
      },
      {
        "FieldKind": "Property",
        "ObjectClass": "FloatProperty",
        "ObjectName": "Start",
        "ArrayDim": 1,
        "PropertyFlags": "65541",
        "RepNotifyFunc": "None",
        "BlueprintReplicationCondition": 0
      },
      {
        "FieldKind": "Property",
        "ObjectClass": "FloatProperty",
        "ObjectName": "End",
        "ArrayDim": 1,
        "PropertyFlags": "65541",
        "RepNotifyFunc": "None",
        "BlueprintReplicationCondition": 0
      },
      {
        "FieldKind": "Property",
        "ObjectClass": "FloatProperty",
        "ObjectName": "DepthArrivalVariable",
        "ArrayDim": 1,
        "PropertyFlags": "65541",
        "RepNotifyFunc": "None",
        "BlueprintReplicationCondition": 0
      }
    ],
    "ClassFlags": "8652820",
    "ClassWithin": 2,
    "ClassConfigName": "Engine",
    "Interfaces": [],
    "ClassDefaultObject": 25,
    "AssetObjectData": {
      "SimpleConstructionScript": 29,
      "$ReferencedObjects": [
        29
      ]
    },
    "GeneratedVariableNames": [
      "DefaultSceneRoot",
      "Widget1"
    ]
  },
  "ObjectHierarchy": [
    {
      "ObjectIndex": 0,
      "Type": "Import",
      "ClassPackage": "/Script/Engine",
      "ClassName": "Actor",
      "Outer": 14,
      "ObjectName": "Default__Actor"
    },
    {
      "ObjectIndex": 1,
      "Type": "Import",
      "ClassPackage": "/Script/Engine",
      "ClassName": "BlueprintGeneratedClass",
      "Outer": 14,
      "ObjectName": "Default__BlueprintGeneratedClass"
    },
    {
      "ObjectIndex": 2,
      "Type": "Import",
      "ClassPackage": "/Script/CoreUObject",
      "ClassName": "Class",
      "Outer": 13,
      "ObjectName": "Object"
    },
    {
      "ObjectIndex": 3,
      "Type": "Import",
      "ClassPackage": "/Script/CoreUObject",
      "ClassName": "Class",
      "Outer": 14,
      "ObjectName": "Actor"
    },
    {
      "ObjectIndex": 4,
      "Type": "Import",
      "ClassPackage": "/Script/CoreUObject",
      "ClassName": "Class",
      "Outer": 14,
      "ObjectName": "BlueprintGeneratedClass"
    },
    {
      "ObjectIndex": 5,
      "Type": "Import",
      "ClassPackage": "/Script/CoreUObject",
      "ClassName": "Class",
      "Outer": 14,
      "ObjectName": "SceneComponent"
    },
    {
      "ObjectIndex": 6,
      "Type": "Import",
      "ClassPackage": "/Script/CoreUObject",
      "ClassName": "Class",
      "Outer": 14,
      "ObjectName": "SCS_Node"
    },
    {
      "ObjectIndex": 7,
      "Type": "Import",
      "ClassPackage": "/Script/CoreUObject",
      "ClassName": "Class",
      "Outer": 14,
      "ObjectName": "SimpleConstructionScript"
    },
    {
      "ObjectIndex": 8,
      "Type": "Import",
      "ClassPackage": "/Script/CoreUObject",
      "ClassName": "Class",
      "Outer": 15,
      "ObjectName": "WidgetComponent"
    },
    {
      "ObjectIndex": 9,
      "Type": "Import",
      "ClassPackage": "/Script/Engine",
      "ClassName": "MaterialInstanceConstant",
      "Outer": 12,
      "ObjectName": "M_Widget_LCD_Scanlines100"
    },
    {
      "ObjectIndex": 10,
      "Type": "Import",
      "ClassPackage": "/Script/CoreUObject",
      "ClassName": "Package",
      "ObjectName": "/Game/Art/DropPod/Widgets/Widget_DropPod_AltitudeMeter"
    },
    {
      "ObjectIndex": 11,
      "Type": "Import",
      "ClassPackage": "/Script/CoreUObject",
      "ClassName": "Package",
      "ObjectName": "/Game/Art/DropPod/Widgets/Widget_DropPod_GarbageGen"
    },
    {
      "ObjectIndex": 12,
      "Type": "Import",
      "ClassPackage": "/Script/CoreUObject",
      "ClassName": "Package",
      "ObjectName": "/Game/Art/WidgetMaterials/M_Widget_LCD_Scanlines100"
    },
    {
      "ObjectIndex": 13,
      "Type": "Import",
      "ClassPackage": "/Script/CoreUObject",
      "ClassName": "Package",
      "ObjectName": "/Script/CoreUObject"
    },
    {
      "ObjectIndex": 14,
      "Type": "Import",
      "ClassPackage": "/Script/CoreUObject",
      "ClassName": "Package",
      "ObjectName": "/Script/Engine"
    },
    {
      "ObjectIndex": 15,
      "Type": "Import",
      "ClassPackage": "/Script/CoreUObject",
      "ClassName": "Package",
      "ObjectName": "/Script/UMG"
    },
    {
      "ObjectIndex": 16,
      "Type": "Import",
      "ClassPackage": "/Script/Engine",
      "ClassName": "SceneComponent",
      "Outer": 14,
      "ObjectName": "Default__SceneComponent"
    },
    {
      "ObjectIndex": 17,
      "Type": "Import",
      "ClassPackage": "/Script/Engine",
      "ClassName": "SCS_Node",
      "Outer": 14,
      "ObjectName": "Default__SCS_Node"
    },
    {
      "ObjectIndex": 18,
      "Type": "Import",
      "ClassPackage": "/Script/Engine",
      "ClassName": "SimpleConstructionScript",
      "Outer": 14,
      "ObjectName": "Default__SimpleConstructionScript"
    },
    {
      "ObjectIndex": 19,
      "Type": "Import",
      "ClassPackage": "/Game/Art/DropPod/Widgets/Widget_DropPod_AltitudeMeter",
      "ClassName": "Widget_DropPod_AltitudeMeter_C",
      "Outer": 10,
      "ObjectName": "Default__Widget_DropPod_AltitudeMeter_C"
    },
    {
      "ObjectIndex": 20,
      "Type": "Import",
      "ClassPackage": "/Game/Art/DropPod/Widgets/Widget_DropPod_GarbageGen",
      "ClassName": "Widget_DropPod_GarbageGen_C",
      "Outer": 11,
      "ObjectName": "Default__Widget_DropPod_GarbageGen_C"
    },
    {
      "ObjectIndex": 21,
      "Type": "Import",
      "ClassPackage": "/Script/UMG",
      "ClassName": "WidgetBlueprintGeneratedClass",
      "Outer": 10,
      "ObjectName": "Widget_DropPod_AltitudeMeter_C"
    },
    {
      "ObjectIndex": 22,
      "Type": "Import",
      "ClassPackage": "/Script/UMG",
      "ClassName": "WidgetBlueprintGeneratedClass",
      "Outer": 11,
      "ObjectName": "Widget_DropPod_GarbageGen_C"
    },
    {
      "ObjectIndex": 23,
      "Type": "Import",
      "ClassPackage": "/Script/UMG",
      "ClassName": "WidgetComponent",
      "Outer": 15,
      "ObjectName": "Default__WidgetComponent"
    },
    {
      "ObjectIndex": 24,
      "Type": "Export",
      "ObjectMark": "$AssetObject$"
    },
    {
      "ObjectIndex": 25,
      "Type": "Export",
      "ObjectClass": 24,
      "Outer": -1,
      "ObjectName": "Default__BP_Widget_DropPod_GarbageGen_C",
      "ObjectFlags": 49,
      "Properties": {
        "Duration": 5.0,
        "Start": 3500.0,
        "End": -2000.0,
        "$ReferencedObjects": []
      }
    },
    {
      "ObjectIndex": 26,
      "Type": "Export",
      "ObjectClass": 5,
      "Outer": 24,
      "ObjectName": "DefaultSceneRoot_GEN_VARIABLE",
      "ObjectFlags": 41,
      "Properties": {
        "$ReferencedObjects": []
      }
    },
    {
      "ObjectIndex": 27,
      "Type": "Export",
      "ObjectClass": 6,
      "Outer": 29,
      "ObjectName": "SCS_Node_0",
      "ObjectFlags": 8,
      "Properties": {
        "ComponentClass": 8,
        "ComponentTemplate": 30,
        "VariableGuid": {
          "A": -1539252804,
          "B": 1191884632,
          "C": -2031625312,
          "D": -690814418
        },
        "InternalVariableName": "Widget1",
        "$ReferencedObjects": [
          8,
          30
        ]
      }
    },
    {
      "ObjectIndex": 28,
      "Type": "Export",
      "ObjectClass": 6,
      "Outer": 29,
      "ObjectName": "SCS_Node_1",
      "ObjectFlags": 8,
      "Properties": {
        "ComponentClass": 5,
        "ComponentTemplate": 26,
        "ChildNodes": [
          27
        ],
        "VariableGuid": {
          "A": 1374938573,
          "B": 1229289892,
          "C": -958784080,
          "D": -1420559232
        },
        "InternalVariableName": "DefaultSceneRoot",
        "$ReferencedObjects": [
          5,
          26,
          27
        ]
      }
    },
    {
      "ObjectIndex": 29,
      "Type": "Export",
      "ObjectClass": 7,
      "Outer": 24,
      "ObjectName": "SimpleConstructionScript_1",
      "ObjectFlags": 8,
      "Properties": {
        "RootNodes": [
          28
        ],
        "AllNodes": [
          28,
          27
        ],
        "DefaultSceneRootNode": 28,
        "$ReferencedObjects": [
          28,
          27
        ]
      }
    },
    {
      "ObjectIndex": 30,
      "Type": "Export",
      "ObjectClass": 8,
      "Outer": 24,
      "ObjectName": "Widget1_GEN_VARIABLE",
      "ObjectFlags": 41,
      "Properties": {
        "WidgetClass": 22,
        "DrawSize": {
          "X": 200,
          "Y": 320
        },
        "WindowVisibility": "EWindowVisibility::Visible",
        "OverrideMaterials": [
          9
        ],
        "$ReferencedObjects": [
          22,
          9
        ]
      }
    }
  ]
}