{
  "AssetClass": "Blueprint",
  "AssetPackage": "/Game/Art/DropPod/Widgets/BP_Widget_DropPod_Complexity",
  "AssetName": "BP_Widget_DropPod_Complexity",
  "AssetSerializedData": {
    "SkipDependecies": false,
    "SuperStruct": 3,
    "Children": [],
    "ChildProperties": [
      {
        "FieldKind": "Property",
        "ObjectClass": "ObjectProperty",
        "ObjectName": "WidgetComponentCustomMaterial",
        "ArrayDim": 1,
        "PropertyFlags": "17180393476",
        "RepNotifyFunc": "None",
        "BlueprintReplicationCondition": 0,
        "PropertyClass": 8
      },
      {
        "FieldKind": "Property",
        "ObjectClass": "ObjectProperty",
        "ObjectName": "DefaultSceneRoot",
        "ArrayDim": 1,
        "PropertyFlags": "17180393476",
        "RepNotifyFunc": "None",
        "BlueprintReplicationCondition": 0,
        "PropertyClass": 5
      },
      {
        "FieldKind": "Property",
        "ObjectClass": "ObjectProperty",
        "ObjectName": "Widget",
        "ArrayDim": 1,
        "PropertyFlags": "589829",
        "RepNotifyFunc": "None",
        "BlueprintReplicationCondition": 0,
        "PropertyClass": 23
      },
      {
        "FieldKind": "Property",
        "ObjectClass": "FloatProperty",
        "ObjectName": "Duration",
        "ArrayDim": 1,
        "PropertyFlags": "5",
        "RepNotifyFunc": "None",
        "BlueprintReplicationCondition": 0
      },
      {
        "FieldKind": "Property",
        "ObjectClass": "FloatProperty",
        "ObjectName": "Start",
        "ArrayDim": 1,
        "PropertyFlags": "65541",
        "RepNotifyFunc": "None",
        "BlueprintReplicationCondition": 0
      },
      {
        "FieldKind": "Property",
        "ObjectClass": "FloatProperty",
        "ObjectName": "End",
        "ArrayDim": 1,
        "PropertyFlags": "65541",
        "RepNotifyFunc": "None",
        "BlueprintReplicationCondition": 0
      },
      {
        "FieldKind": "Property",
        "ObjectClass": "FloatProperty",
        "ObjectName": "DepthArrivalVariable",
        "ArrayDim": 1,
        "PropertyFlags": "65541",
        "RepNotifyFunc": "None",
        "BlueprintReplicationCondition": 0
      }
    ],
    "ClassFlags": "8652820",
    "ClassWithin": 2,
    "ClassConfigName": "Engine",
    "Interfaces": [],
    "ClassDefaultObject": 27,
    "AssetObjectData": {
      "SimpleConstructionScript": 31,
      "$ReferencedObjects": [
        31
      ]
    },
    "GeneratedVariableNames": [
      "DefaultSceneRoot",
      "WidgetComponentCustomMaterial"
    ]
  },
  "ObjectHierarchy": [
    {
      "ObjectIndex": 0,
      "Type": "Import",
      "ClassPackage": "/Script/Engine",
      "ClassName": "Actor",
      "Outer": 16,
      "ObjectName": "Default__Actor"
    },
    {
      "ObjectIndex": 1,
      "Type": "Import",
      "ClassPackage": "/Script/Engine",
      "ClassName": "BlueprintGeneratedClass",
      "Outer": 16,
      "ObjectName": "Default__BlueprintGeneratedClass"
    },
    {
      "ObjectIndex": 2,
      "Type": "Import",
      "ClassPackage": "/Script/CoreUObject",
      "ClassName": "Class",
      "Outer": 15,
      "ObjectName": "Object"
    },
    {
      "ObjectIndex": 3,
      "Type": "Import",
      "ClassPackage": "/Script/CoreUObject",
      "ClassName": "Class",
      "Outer": 16,
      "ObjectName": "Actor"
    },
    {
      "ObjectIndex": 4,
      "Type": "Import",
      "ClassPackage": "/Script/CoreUObject",
      "ClassName": "Class",
      "Outer": 16,
      "ObjectName": "BlueprintGeneratedClass"
    },
    {
      "ObjectIndex": 5,
      "Type": "Import",
      "ClassPackage": "/Script/CoreUObject",
      "ClassName": "Class",
      "Outer": 16,
      "ObjectName": "SceneComponent"
    },
    {
      "ObjectIndex": 6,
      "Type": "Import",
      "ClassPackage": "/Script/CoreUObject",
      "ClassName": "Class",
      "Outer": 16,
      "ObjectName": "SCS_Node"
    },
    {
      "ObjectIndex": 7,
      "Type": "Import",
      "ClassPackage": "/Script/CoreUObject",
      "ClassName": "Class",
      "Outer": 16,
      "ObjectName": "SimpleConstructionScript"
    },
    {
      "ObjectIndex": 8,
      "Type": "Import",
      "ClassPackage": "/Script/CoreUObject",
      "ClassName": "Class",
      "Outer": 17,
      "ObjectName": "WidgetComponentCustomMaterial"
    },
    {
      "ObjectIndex": 9,
      "Type": "Import",
      "ClassPackage": "/Script/Engine",
      "ClassName": "Material",
      "Outer": 11,
      "ObjectName": "NoisyScreenMaterial"
    },
    {
      "ObjectIndex": 10,
      "Type": "Import",
      "ClassPackage": "/Script/Engine",
      "ClassName": "MaterialInstanceConstant",
      "Outer": 14,
      "ObjectName": "M_Widget_LCD_Scanlines100"
    },
    {
      "ObjectIndex": 11,
      "Type": "Import",
      "ClassPackage": "/Script/CoreUObject",
      "ClassName": "Package",
      "ObjectName": "/Game/Art/DropPod/Assets/_Materials/NoisyScreenMaterial"
    },
    {
      "ObjectIndex": 12,
      "Type": "Import",
      "ClassPackage": "/Script/CoreUObject",
      "ClassName": "Package",
      "ObjectName": "/Game/Art/DropPod/Widgets/Widget_DropPod_AltitudeMeter"
    },
    {
      "ObjectIndex": 13,
      "Type": "Import",
      "ClassPackage": "/Script/CoreUObject",
      "ClassName": "Package",
      "ObjectName": "/Game/Art/DropPod/Widgets/Widget_DropPod_Complexity"
    },
    {
      "ObjectIndex": 14,
      "Type": "Import",
      "ClassPackage": "/Script/CoreUObject",
      "ClassName": "Package",
      "ObjectName": "/Game/Art/WidgetMaterials/M_Widget_LCD_Scanlines100"
    },
    {
      "ObjectIndex": 15,
      "Type": "Import",
      "ClassPackage": "/Script/CoreUObject",
      "ClassName": "Package",
      "ObjectName": "/Script/CoreUObject"
    },
    {
      "ObjectIndex": 16,
      "Type": "Import",
      "ClassPackage": "/Script/CoreUObject",
      "ClassName": "Package",
      "ObjectName": "/Script/Engine"
    },
    {
      "ObjectIndex": 17,
      "Type": "Import",
      "ClassPackage": "/Script/CoreUObject",
      "ClassName": "Package",
      "ObjectName": "/Script/FSD"
    },
    {
      "ObjectIndex": 18,
      "Type": "Import",
      "ClassPackage": "/Script/Engine",
      "ClassName": "SceneComponent",
      "Outer": 16,
      "ObjectName": "Default__SceneComponent"
    },
    {
      "ObjectIndex": 19,
      "Type": "Import",
      "ClassPackage": "/Script/Engine",
      "ClassName": "SCS_Node",
      "Outer": 16,
      "ObjectName": "Default__SCS_Node"
    },
    {
      "ObjectIndex": 20,
      "Type": "Import",
      "ClassPackage": "/Script/Engine",
      "ClassName": "SimpleConstructionScript",
      "Outer": 16,
      "ObjectName": "Default__SimpleConstructionScript"
    },
    {
      "ObjectIndex": 21,
      "Type": "Import",
      "ClassPackage": "/Game/Art/DropPod/Widgets/Widget_DropPod_AltitudeMeter",
      "ClassName": "Widget_DropPod_AltitudeMeter_C",
      "Outer": 12,
      "ObjectName": "Default__Widget_DropPod_AltitudeMeter_C"
    },
    {
      "ObjectIndex": 22,
      "Type": "Import",
      "ClassPackage": "/Game/Art/DropPod/Widgets/Widget_DropPod_Complexity",
      "ClassName": "Widget_DropPod_Complexity_C",
      "Outer": 13,
      "ObjectName": "Default__Widget_DropPod_Complexity_C"
    },
    {
      "ObjectIndex": 23,
      "Type": "Import",
      "ClassPackage": "/Script/UMG",
      "ClassName": "WidgetBlueprintGeneratedClass",
      "Outer": 12,
      "ObjectName": "Widget_DropPod_AltitudeMeter_C"
    },
    {
      "ObjectIndex": 24,
      "Type": "Import",
      "ClassPackage": "/Script/UMG",
      "ClassName": "WidgetBlueprintGeneratedClass",
      "Outer": 13,
      "ObjectName": "Widget_DropPod_Complexity_C"
    },
    {
      "ObjectIndex": 25,
      "Type": "Import",
      "ClassPackage": "/Script/FSD",
      "ClassName": "WidgetComponentCustomMaterial",
      "Outer": 17,
      "ObjectName": "Default__WidgetComponentCustomMaterial"
    },
    {
      "ObjectIndex": 26,
      "Type": "Export",
      "ObjectMark": "$AssetObject$"
    },
    {
      "ObjectIndex": 27,
      "Type": "Export",
      "ObjectClass": 26,
      "Outer": -1,
      "ObjectName": "Default__BP_Widget_DropPod_Complexity_C",
      "ObjectFlags": 49,
      "Properties": {
        "Duration": 5.0,
        "Start": 3500.0,
        "End": -2000.0,
        "$ReferencedObjects": []
      }
    },
    {
      "ObjectIndex": 28,
      "Type": "Export",
      "ObjectClass": 5,
      "Outer": 26,
      "ObjectName": "DefaultSceneRoot_GEN_VARIABLE",
      "ObjectFlags": 41,
      "Properties": {
        "$ReferencedObjects": []
      }
    },
    {
      "ObjectIndex": 29,
      "Type": "Export",
      "ObjectClass": 6,
      "Outer": 31,
      "ObjectName": "SCS_Node_1",
      "ObjectFlags": 8,
      "Properties": {
        "ComponentClass": 5,
        "ComponentTemplate": 28,
        "ChildNodes": [
          30
        ],
        "VariableGuid": {
          "A": 1374938573,
          "B": 1229289892,
          "C": -958784080,
          "D": -1420559232
        },
        "InternalVariableName": "DefaultSceneRoot",
        "$ReferencedObjects": [
          5,
          28,
          30
        ]
      }
    },
    {
      "ObjectIndex": 30,
      "Type": "Export",
      "ObjectClass": 6,
      "Outer": 31,
      "ObjectName": "SCS_Node_2",
      "ObjectFlags": 8,
      "Properties": {
        "ComponentClass": 8,
        "ComponentTemplate": 32,
        "VariableGuid": {
          "A": 1785798583,
          "B": 1105387186,
          "C": 1983906693,
          "D": -512795255
        },
        "InternalVariableName": "WidgetComponentCustomMaterial",
        "$ReferencedObjects": [
          8,
          32
        ]
      }
    },
    {
      "ObjectIndex": 31,
      "Type": "Export",
      "ObjectClass": 7,
      "Outer": 26,
      "ObjectName": "SimpleConstructionScript_1",
      "ObjectFlags": 8,
      "Properties": {
        "RootNodes": [
          29
        ],
        "AllNodes": [
          29,
          30
        ],
        "DefaultSceneRootNode": 29,
        "$ReferencedObjects": [
          29,
          30
        ]
      }
    },
    {
      "ObjectIndex": 32,
      "Type": "Export",
      "ObjectClass": 8,
      "Outer": 26,
      "ObjectName": "WidgetComponentCustomMaterial_GEN_VARIABLE",
      "ObjectFlags": 41,
      "Properties": {
        "CustomMaterial": 9,
        "WidgetClass": 24,
        "DrawSize": {
          "X": 850,
          "Y": 500
        },
        "WindowVisibility": "EWindowVisibility::Visible",
        "OverrideMaterials": [
          10
        ],
        "bGenerateOverlapEvents": false,
        "BodyInstance": {
          "ObjectType": "ECC_WorldStatic",
          "CollisionEnabled": "ECollisionEnabled::NoCollision",
          "CollisionProfileName": "NoCollision",
          "CollisionResponses": {
            "ResponseArray": [
              {
                "Channel": "Visibility",
                "Response": "ECR_Ignore"
              },
              {
                "Channel": "Camera",
                "Response": "ECR_Ignore"
              },
              {
                "Channel": "HitScan",
                "Response": "ECR_Ignore"
              },
              {
                "Channel": "PenetratingHitScan",
                "Response": "ECR_Ignore"
              },
              {
                "Channel": "TerrainPenetratingHitScan",
                "Response": "ECR_Ignore"
              }
            ]
          },
          "MassInKgOverride": 105.73713
        },
        "$ReferencedObjects": [
          9,
          24,
          10
        ]
      }
    }
  ]
}