{
  "AssetClass": "WidgetBlueprint",
  "AssetPackage": "/Game/Art/DropPod/Widgets/Widget_DropPod_SeatMonitor",
  "AssetName": "Widget_DropPod_SeatMonitor",
  "AssetSerializedData": {
    "SkipDependecies": false,
    "SuperStruct": 21,
    "Children": [
      {
        "FieldKind": "Function",
        "ObjectClass": "Function",
        "ObjectName": "Construct",
        "SuperStruct": 34,
        "Children": [],
        "ChildProperties": [],
        "Script": [
          {
            "Inst": "LocalFinalFunction",
            "Function": "ExecuteUbergraph_Widget_DropPod_SeatMonitor",
            "Parameters": [
              {
                "Inst": "IntConst",
                "Value": 10
              }
            ],
            "StatementIndex": 0
          },
          {
            "Inst": "Return",
            "Expression": {
              "Inst": "Nothing"
            },
            "StatementIndex": 15
          },
          {
            "Inst": "EndOfScript",
            "StatementIndex": 17
          }
        ],
        "FunctionFlags": "134350856"
      },
      {
        "FieldKind": "Function",
        "ObjectClass": "Function",
        "ObjectName": "OnGeneratedMissionChanged",
        "SuperStruct": -1,
        "Children": [],
        "ChildProperties": [
          {
            "FieldKind": "Property",
            "ObjectClass": "ObjectProperty",
            "ObjectName": "OutGeneratedMission",
            "ArrayDim": 1,
            "PropertyFlags": "148",
            "RepNotifyFunc": "None",
            "BlueprintReplicationCondition": 0,
            "PropertyClass": 8
          }
        ],
        "Script": [
          {
            "Inst": "LetValueOnPersistentFrame",
            "PropertyName": "K2Node_CustomEvent_OutGeneratedMission",
            "PropertyType": {
              "PinCategory": "Object",
              "PinSubCategory": "Object",
              "PinSubCategoryObject": "/Script/FSD.GeneratedMission"
            },
            "Expression": {
              "Inst": "LocalVariable",
              "VariableType": {
                "PinCategory": "Object",
                "PinSubCategory": "Object",
                "PinSubCategoryObject": "/Script/FSD.GeneratedMission"
              },
              "VariableName": "OutGeneratedMission"
            },
            "StatementIndex": 0
          },
          {
            "Inst": "LocalFinalFunction",
            "Function": "ExecuteUbergraph_Widget_DropPod_SeatMonitor",
            "Parameters": [
              {
                "Inst": "IntConst",
                "Value": 213
              }
            ],
            "StatementIndex": 18
          },
          {
            "Inst": "Return",
            "Expression": {
              "Inst": "Nothing"
            },
            "StatementIndex": 33
          },
          {
            "Inst": "EndOfScript",
            "StatementIndex": 35
          }
        ],
        "FunctionFlags": "201326592"
      },
      {
        "FieldKind": "Function",
        "ObjectClass": "Function",
        "ObjectName": "ExecuteUbergraph_Widget_DropPod_SeatMonitor",
        "SuperStruct": -1,
        "Children": [],
        "ChildProperties": [
          {
            "FieldKind": "Property",
            "ObjectClass": "IntProperty",
            "ObjectName": "EntryPoint",
            "ArrayDim": 1,
            "PropertyFlags": "148",
            "RepNotifyFunc": "None",
            "BlueprintReplicationCondition": 0
          },
          {
            "FieldKind": "Property",
            "ObjectClass": "ObjectProperty",
            "ObjectName": "CallFunc_PlayAnimation_ReturnValue",
            "ArrayDim": 1,
            "PropertyFlags": "0",
            "RepNotifyFunc": "None",
            "BlueprintReplicationCondition": 0,
            "PropertyClass": 20
          },
          {
            "FieldKind": "Property",
            "ObjectClass": "ObjectProperty",
            "ObjectName": "CallFunc_GetFSDGameInstance_ReturnValue",
            "ArrayDim": 1,
            "PropertyFlags": "0",
            "RepNotifyFunc": "None",
            "BlueprintReplicationCondition": 0,
            "PropertyClass": 6
          },
          {
            "FieldKind": "Property",
            "ObjectClass": "ObjectProperty",
            "ObjectName": "CallFunc_GetFSDGameInstance_ReturnValue_1",
            "ArrayDim": 1,
            "PropertyFlags": "0",
            "RepNotifyFunc": "None",
            "BlueprintReplicationCondition": 0,
            "PropertyClass": 6
          },
          {
            "FieldKind": "Property",
            "ObjectClass": "ObjectProperty",
            "ObjectName": "K2Node_CustomEvent_OutGeneratedMission",
            "ArrayDim": 1,
            "PropertyFlags": "0",
            "RepNotifyFunc": "None",
            "BlueprintReplicationCondition": 0,
            "PropertyClass": 8
          },
          {
            "FieldKind": "Property",
            "ObjectClass": "BoolProperty",
            "ObjectName": "CallFunc_IsValid_ReturnValue",
            "ArrayDim": 1,
            "PropertyFlags": "0",
            "RepNotifyFunc": "None",
            "BlueprintReplicationCondition": 0,
            "BoolSize": 1,
            "NativeBool": true
          },
          {
            "FieldKind": "Property",
            "ObjectClass": "BoolProperty",
            "ObjectName": "CallFunc_IsDeepDive_ReturnValue",
            "ArrayDim": 1,
            "PropertyFlags": "0",
            "RepNotifyFunc": "None",
            "BlueprintReplicationCondition": 0,
            "BoolSize": 1,
            "NativeBool": true
          },
          {
            "FieldKind": "Property",
            "ObjectClass": "StructProperty",
            "ObjectName": "K2Node_MakeStruct_SlateColor",
            "ArrayDim": 1,
            "PropertyFlags": "0",
            "RepNotifyFunc": "None",
            "BlueprintReplicationCondition": 0,
            "Struct": 58
          },
          {
            "FieldKind": "Property",
            "ObjectClass": "DelegateProperty",
            "ObjectName": "K2Node_CreateDelegate_OutputDelegate",
            "ArrayDim": 1,
            "PropertyFlags": "0",
            "RepNotifyFunc": "None",
            "BlueprintReplicationCondition": 0,
            "SignatureFunction": "GeneratedMissionSignature__DelegateSignature"
          },
          {
            "FieldKind": "Property",
            "ObjectClass": "StructProperty",
            "ObjectName": "K2Node_MakeStruct_SlateColor_1",
            "ArrayDim": 1,
            "PropertyFlags": "0",
            "RepNotifyFunc": "None",
            "BlueprintReplicationCondition": 0,
            "Struct": 58
          }
        ],
        "Script": [
          {
            "Inst": "ComputedJump",
            "OffsetExpression": {
              "Inst": "LocalVariable",
              "VariableType": {
                "PinCategory": "int",
                "PinSubCategory": "int"
              },
              "VariableName": "EntryPoint"
            },
            "StatementIndex": 0
          },
          {
            "Inst": "LetObj",
            "Variable": {
              "Inst": "LocalVariable",
              "VariableType": {
                "PinCategory": "Object",
                "PinSubCategory": "Object",
                "PinSubCategoryObject": "/Script/UMG.UMGSequencePlayer"
              },
              "VariableName": "CallFunc_PlayAnimation_ReturnValue"
            },
            "Expression": {
              "Inst": "FinalFunction",
              "Function": "PlayAnimation",
              "Parameters": [
                {
                  "Inst": "InstanceVariable",
                  "VariableType": {
                    "PinCategory": "Object",
                    "PinSubCategory": "Object",
                    "PinSubCategoryObject": "/Script/UMG.WidgetAnimation"
                  },
                  "VariableName": "NewAnimation"
                },
                {
                  "Inst": "FloatConst",
                  "Value": 0.0
                },
                {
                  "Inst": "IntConst",
                  "Value": 0
                },
                {
                  "Inst": "ByteConst",
                  "Value": 0
                },
                {
                  "Inst": "FloatConst",
                  "Value": 1.0
                },
                {
                  "Inst": "False"
                }
              ]
            },
            "StatementIndex": 10
          },
          {
            "Inst": "LetObj",
            "Variable": {
              "Inst": "LocalVariable",
              "VariableType": {
                "PinCategory": "Object",
                "PinSubCategory": "Object",
                "PinSubCategoryObject": "/Script/FSD.FSDGameInstance"
              },
              "VariableName": "CallFunc_GetFSDGameInstance_ReturnValue"
            },
            "Expression": {
              "Inst": "CallMath",
              "Function": "GetFSDGameInstance",
              "ContextClass": "/Script/FSD.GameFunctionLibrary",
              "Parameters": [
                {
                  "Inst": "Self"
                }
              ]
            },
            "StatementIndex": 57
          },
          {
            "Inst": "BindDelegate",
            "FunctionName": "OnGeneratedMissionChanged",
            "Delegate": {
              "Inst": "LocalVariable",
              "VariableType": {
                "PinCategory": "Delegate",
                "PinSubCategory": "Delegate"
              },
              "VariableName": "K2Node_CreateDelegate_OutputDelegate"
            },
            "Object": {
              "Inst": "Self"
            },
            "StatementIndex": 78
          },
          {
            "Inst": "AddMulticastDelegate",
            "MulticastDelegate": {
              "Inst": "Context",
              "Context": {
                "Inst": "LocalVariable",
                "VariableType": {
                  "PinCategory": "Object",
                  "PinSubCategory": "Object",
                  "PinSubCategoryObject": "/Script/FSD.FSDGameInstance"
                },
                "VariableName": "CallFunc_GetFSDGameInstance_ReturnValue"
              },
              "SkipOffsetForNull": 9,
              "RValuePropertyType": "##NOT SERIALIZED##",
              "RValuePropertyName": "OnGeneratedMissionChanged",
              "Expression": {
                "Inst": "InstanceVariable",
                "VariableType": "##NOT SERIALIZED##",
                "VariableName": "OnGeneratedMissionChanged"
              }
            },
            "Delegate": {
              "Inst": "LocalVariable",
              "VariableType": {
                "PinCategory": "Delegate",
                "PinSubCategory": "Delegate"
              },
              "VariableName": "K2Node_CreateDelegate_OutputDelegate"
            },
            "StatementIndex": 101
          },
          {
            "Inst": "LetObj",
            "Variable": {
              "Inst": "LocalVariable",
              "VariableType": {
                "PinCategory": "Object",
                "PinSubCategory": "Object",
                "PinSubCategoryObject": "/Script/FSD.FSDGameInstance"
              },
              "VariableName": "CallFunc_GetFSDGameInstance_ReturnValue_1"
            },
            "Expression": {
              "Inst": "CallMath",
              "Function": "GetFSDGameInstance",
              "ContextClass": "/Script/FSD.GameFunctionLibrary",
              "Parameters": [
                {
                  "Inst": "Self"
                }
              ]
            },
            "StatementIndex": 142
          },
          {
            "Inst": "LocalVirtualFunction",
            "FunctionName": "OnGeneratedMissionChanged",
            "Parameters": [
              {
                "Inst": "Context",
                "Context": {
                  "Inst": "LocalVariable",
                  "VariableType": {
                    "PinCategory": "Object",
                    "PinSubCategory": "Object",
                    "PinSubCategoryObject": "/Script/FSD.FSDGameInstance"
                  },
                  "VariableName": "CallFunc_GetFSDGameInstance_ReturnValue_1"
                },
                "SkipOffsetForNull": 9,
                "RValuePropertyType": "##NOT SERIALIZED##",
                "RValuePropertyName": "GeneratedMission",
                "Expression": {
                  "Inst": "InstanceVariable",
                  "VariableType": "##NOT SERIALIZED##",
                  "VariableName": "GeneratedMission"
                }
              }
            ],
            "StatementIndex": 163
          },
          {
            "Inst": "Jump",
            "Offset": 849,
            "StatementIndex": 208
          },
          {
            "Inst": "LetBool",
            "Variable": {
              "Inst": "LocalVariable",
              "VariableType": {
                "PinCategory": "bool",
                "PinSubCategory": "bool"
              },
              "VariableName": "CallFunc_IsValid_ReturnValue"
            },
            "Expression": {
              "Inst": "CallMath",
              "Function": "IsValid",
              "ContextClass": "/Script/Engine.KismetSystemLibrary",
              "Parameters": [
                {
                  "Inst": "LocalVariable",
                  "VariableType": {
                    "PinCategory": "Object",
                    "PinSubCategory": "Object",
                    "PinSubCategoryObject": "/Script/FSD.GeneratedMission"
                  },
                  "VariableName": "K2Node_CustomEvent_OutGeneratedMission"
                }
              ]
            },
            "StatementIndex": 213
          },
          {
            "Inst": "JumpIfNot",
            "Offset": 849,
            "Condition": {
              "Inst": "LocalVariable",
              "VariableType": {
                "PinCategory": "bool",
                "PinSubCategory": "bool"
              },
              "VariableName": "CallFunc_IsValid_ReturnValue"
            },
            "StatementIndex": 242
          },
          {
            "Inst": "LetBool",
            "Variable": {
              "Inst": "LocalVariable",
              "VariableType": {
                "PinCategory": "bool",
                "PinSubCategory": "bool"
              },
              "VariableName": "CallFunc_IsDeepDive_ReturnValue"
            },
            "Expression": {
              "Inst": "Context",
              "Context": {
                "Inst": "LocalVariable",
                "VariableType": {
                  "PinCategory": "Object",
                  "PinSubCategory": "Object",
                  "PinSubCategoryObject": "/Script/FSD.GeneratedMission"
                },
                "VariableName": "K2Node_CustomEvent_OutGeneratedMission"
              },
              "SkipOffsetForNull": 10,
              "RValuePropertyType": {
                "PinCategory": "bool",
                "PinSubCategory": "bool"
              },
              "RValuePropertyName": "CallFunc_IsDeepDive_ReturnValue",
              "Expression": {
                "Inst": "FinalFunction",
                "Function": "IsDeepDive",
                "Parameters": []
              }
            },
            "StatementIndex": 256
          },
          {
            "Inst": "JumpIfNot",
            "Offset": 584,
            "Condition": {
              "Inst": "LocalVariable",
              "VariableType": {
                "PinCategory": "bool",
                "PinSubCategory": "bool"
              },
              "VariableName": "CallFunc_IsDeepDive_ReturnValue"
            },
            "StatementIndex": 298
          },
          {
            "Inst": "Let",
            "Variable": {
              "Inst": "StructMemberContext",
              "PropertyType": "##NOT SERIALIZED##",
              "PropertyName": "SpecifiedColor",
              "StructExpression": {
                "Inst": "LocalVariable",
                "VariableType": {
                  "PinCategory": "Struct",
                  "PinSubCategory": "Struct",
                  "PinSubCategoryObject": "/Script/SlateCore.SlateColor"
                },
                "VariableName": "K2Node_MakeStruct_SlateColor"
              }
            },
            "Expression": {
              "Inst": "StructConst",
              "Struct": "/Script/CoreUObject.LinearColor",
              "Properties": {
                "Missing property name0": [
                  {
                    "Inst": "FloatConst",
                    "Value": 1.0
                  }
                ],
                "Missing property name1": [
                  {
                    "Inst": "FloatConst",
                    "Value": 0.0
                  }
                ],
                "Missing property name2": [
                  {
                    "Inst": "FloatConst",
                    "Value": 0.0
                  }
                ],
                "Missing property name3": [
                  {
                    "Inst": "FloatConst",
                    "Value": 1.0
                  }
                ]
              }
            },
            "StatementIndex": 312
          },
          {
            "Inst": "Let",
            "Variable": {
              "Inst": "StructMemberContext",
              "PropertyType": "##NOT SERIALIZED##",
              "PropertyName": "ColorUseRule",
              "StructExpression": {
                "Inst": "LocalVariable",
                "VariableType": {
                  "PinCategory": "Struct",
                  "PinSubCategory": "Struct",
                  "PinSubCategoryObject": "/Script/SlateCore.SlateColor"
                },
                "VariableName": "K2Node_MakeStruct_SlateColor"
              }
            },
            "Expression": {
              "Inst": "ByteConst",
              "Value": 0
            },
            "StatementIndex": 373
          },
          {
            "Inst": "Context",
            "Context": {
              "Inst": "InstanceVariable",
              "VariableType": {
                "PinCategory": "Object",
                "PinSubCategory": "Object",
                "PinSubCategoryObject": "/Script/UMG.Image"
              },
              "VariableName": "Image_41"
            },
            "SkipOffsetForNull": 19,
            "Expression": {
              "Inst": "FinalFunction",
              "Function": "SetBrushTintColor",
              "Parameters": [
                {
                  "Inst": "LocalVariable",
                  "VariableType": {
                    "PinCategory": "Struct",
                    "PinSubCategory": "Struct",
                    "PinSubCategoryObject": "/Script/SlateCore.SlateColor"
                  },
                  "VariableName": "K2Node_MakeStruct_SlateColor"
                }
              ]
            },
            "StatementIndex": 402
          },
          {
            "Inst": "Context",
            "Context": {
              "Inst": "InstanceVariable",
              "VariableType": {
                "PinCategory": "Object",
                "PinSubCategory": "Object",
                "PinSubCategoryObject": "/Script/UMG.TextBlock"
              },
              "VariableName": "TextBlock_39"
            },
            "SkipOffsetForNull": 63,
            "Expression": {
              "Inst": "VirtualFunction",
              "Function": "SetText",
              "Parameters": [
                {
                  "Inst": "TextConst",
                  "TextLiteralType": "LocalizedText",
                  "SourceString": "DEEP DIVE",
                  "LocalizationKey": "2A3CCB494414004F319C08BB2ED555F2",
                  "LocalizationNamespace": ""
                }
              ]
            },
            "StatementIndex": 443
          },
          {
            "Inst": "Context",
            "Context": {
              "Inst": "ObjectConst",
              "Object": "/Game/Game/Text/LIB_Text.Default__LIB_Text_C"
            },
            "SkipOffsetForNull": 29,
            "Expression": {
              "Inst": "LocalVirtualFunction",
              "FunctionName": "SetFontSize",
              "Parameters": [
                {
                  "Inst": "InstanceVariable",
                  "VariableType": {
                    "PinCategory": "Object",
                    "PinSubCategory": "Object",
                    "PinSubCategoryObject": "/Script/UMG.TextBlock"
                  },
                  "VariableName": "TextBlock_39"
                },
                {
                  "Inst": "IntConst",
                  "Value": 20
                },
                {
                  "Inst": "Self"
                }
              ]
            },
            "StatementIndex": 528
          },
          {
            "Inst": "Jump",
            "Offset": 849,
            "StatementIndex": 579
          },
          {
            "Inst": "Let",
            "Variable": {
              "Inst": "StructMemberContext",
              "PropertyType": "##NOT SERIALIZED##",
              "PropertyName": "SpecifiedColor",
              "StructExpression": {
                "Inst": "LocalVariable",
                "VariableType": {
                  "PinCategory": "Struct",
                  "PinSubCategory": "Struct",
                  "PinSubCategoryObject": "/Script/SlateCore.SlateColor"
                },
                "VariableName": "K2Node_MakeStruct_SlateColor_1"
              }
            },
            "Expression": {
              "Inst": "StructConst",
              "Struct": "/Script/CoreUObject.LinearColor",
              "Properties": {
                "Missing property name0": [
                  {
                    "Inst": "FloatConst",
                    "Value": 1.0
                  }
                ],
                "Missing property name1": [
                  {
                    "Inst": "FloatConst",
                    "Value": 1.0
                  }
                ],
                "Missing property name2": [
                  {
                    "Inst": "FloatConst",
                    "Value": 1.0
                  }
                ],
                "Missing property name3": [
                  {
                    "Inst": "FloatConst",
                    "Value": 1.0
                  }
                ]
              }
            },
            "StatementIndex": 584
          },
          {
            "Inst": "Let",
            "Variable": {
              "Inst": "StructMemberContext",
              "PropertyType": "##NOT SERIALIZED##",
              "PropertyName": "ColorUseRule",
              "StructExpression": {
                "Inst": "LocalVariable",
                "VariableType": {
                  "PinCategory": "Struct",
                  "PinSubCategory": "Struct",
                  "PinSubCategoryObject": "/Script/SlateCore.SlateColor"
                },
                "VariableName": "K2Node_MakeStruct_SlateColor_1"
              }
            },
            "Expression": {
              "Inst": "ByteConst",
              "Value": 0
            },
            "StatementIndex": 645
          },
          {
            "Inst": "Context",
            "Context": {
              "Inst": "InstanceVariable",
              "VariableType": {
                "PinCategory": "Object",
                "PinSubCategory": "Object",
                "PinSubCategoryObject": "/Script/UMG.Image"
              },
              "VariableName": "Image_41"
            },
            "SkipOffsetForNull": 19,
            "Expression": {
              "Inst": "FinalFunction",
              "Function": "SetBrushTintColor",
              "Parameters": [
                {
                  "Inst": "LocalVariable",
                  "VariableType": {
                    "PinCategory": "Struct",
                    "PinSubCategory": "Struct",
                    "PinSubCategoryObject": "/Script/SlateCore.SlateColor"
                  },
                  "VariableName": "K2Node_MakeStruct_SlateColor_1"
                }
              ]
            },
            "StatementIndex": 674
          },
          {
            "Inst": "Context",
            "Context": {
              "Inst": "InstanceVariable",
              "VariableType": {
                "PinCategory": "Object",
                "PinSubCategory": "Object",
                "PinSubCategoryObject": "/Script/UMG.TextBlock"
              },
              "VariableName": "TextBlock_39"
            },
            "SkipOffsetForNull": 61,
            "Expression": {
              "Inst": "VirtualFunction",
              "Function": "SetText",
              "Parameters": [
                {
                  "Inst": "TextConst",
                  "TextLiteralType": "LocalizedText",
                  "SourceString": "MISSION",
                  "LocalizationKey": "891AF5B24DD2D88682DCF085ACB26991",
                  "LocalizationNamespace": ""
                }
              ]
            },
            "StatementIndex": 715
          },
          {
            "Inst": "Context",
            "Context": {
              "Inst": "ObjectConst",
              "Object": "/Game/Game/Text/LIB_Text.Default__LIB_Text_C"
            },
            "SkipOffsetForNull": 29,
            "Expression": {
              "Inst": "LocalVirtualFunction",
              "FunctionName": "SetFontSize",
              "Parameters": [
                {
                  "Inst": "InstanceVariable",
                  "VariableType": {
                    "PinCategory": "Object",
                    "PinSubCategory": "Object",
                    "PinSubCategoryObject": "/Script/UMG.TextBlock"
                  },
                  "VariableName": "TextBlock_39"
                },
                {
                  "Inst": "IntConst",
                  "Value": 22
                },
                {
                  "Inst": "Self"
                }
              ]
            },
            "StatementIndex": 798
          },
          {
            "Inst": "Return",
            "Expression": {
              "Inst": "Nothing"
            },
            "StatementIndex": 849
          },
          {
            "Inst": "EndOfScript",
            "StatementIndex": 851
          }
        ],
        "FunctionFlags": "8421377"
      }
    ],
    "ChildProperties": [
      {
        "FieldKind": "Property",
        "ObjectClass": "StructProperty",
        "ObjectName": "UberGraphFrame",
        "ArrayDim": 1,
        "PropertyFlags": "2105344",
        "RepNotifyFunc": "None",
        "BlueprintReplicationCondition": 0,
        "Struct": 57
      },
      {
        "FieldKind": "Property",
        "ObjectClass": "ObjectProperty",
        "ObjectName": "NewAnimation",
        "ArrayDim": 1,
        "PropertyFlags": "2147491860",
        "RepNotifyFunc": "None",
        "BlueprintReplicationCondition": 0,
        "PropertyClass": 24
      },
      {
        "FieldKind": "Property",
        "ObjectClass": "ObjectProperty",
        "ObjectName": "Image_41",
        "ArrayDim": 1,
        "PropertyFlags": "562952101429260",
        "RepNotifyFunc": "None",
        "BlueprintReplicationCondition": 0,
        "PropertyClass": 14
      },
      {
        "FieldKind": "Property",
        "ObjectClass": "ObjectProperty",
        "ObjectName": "Image_155",
        "ArrayDim": 1,
        "PropertyFlags": "562952101429260",
        "RepNotifyFunc": "None",
        "BlueprintReplicationCondition": 0,
        "PropertyClass": 14
      },
      {
        "FieldKind": "Property",
        "ObjectClass": "ObjectProperty",
        "ObjectName": "TextBlock_39",
        "ArrayDim": 1,
        "PropertyFlags": "562952101429260",
        "RepNotifyFunc": "None",
        "BlueprintReplicationCondition": 0,
        "PropertyClass": 19
      }
    ],
    "ClassFlags": "10754064",
    "ClassWithin": 4,
    "ClassConfigName": "Engine",
    "Interfaces": [],
    "ClassDefaultObject": 69,
    "AssetObjectData": {
      "WidgetTree": 94,
      "Animations": [
        93
      ],
      "SimpleConstructionScript": -1,
      "$ReferencedObjects": [
        94,
        93
      ]
    },
    "GeneratedVariableNames": [
      "Image_41",
      "Image_155",
      "TextBlock_39",
      "NewAnimation"
    ]
  },
  "ObjectHierarchy": [
    {
      "ObjectIndex": 0,
      "Type": "Import",
      "ClassPackage": "/Script/Engine",
      "ClassName": "BlueprintGeneratedClass",
      "Outer": 46,
      "ObjectName": "LIB_Text_C"
    },
    {
      "ObjectIndex": 1,
      "Type": "Import",
      "ClassPackage": "/Script/UMG",
      "ClassName": "CanvasPanel",
      "Outer": 53,
      "ObjectName": "Default__CanvasPanel"
    },
    {
      "ObjectIndex": 2,
      "Type": "Import",
      "ClassPackage": "/Script/UMG",
      "ClassName": "CanvasPanelSlot",
      "Outer": 53,
      "ObjectName": "Default__CanvasPanelSlot"
    },
    {
      "ObjectIndex": 3,
      "Type": "Import",
      "ClassPackage": "/Script/CoreUObject",
      "ClassName": "Class",
      "Outer": 48,
      "ObjectName": "Function"
    },
    {
      "ObjectIndex": 4,
      "Type": "Import",
      "ClassPackage": "/Script/CoreUObject",
      "ClassName": "Class",
      "Outer": 48,
      "ObjectName": "Object"
    },
    {
      "ObjectIndex": 5,
      "Type": "Import",
      "ClassPackage": "/Script/CoreUObject",
      "ClassName": "Class",
      "Outer": 49,
      "ObjectName": "KismetSystemLibrary"
    },
    {
      "ObjectIndex": 6,
      "Type": "Import",
      "ClassPackage": "/Script/CoreUObject",
      "ClassName": "Class",
      "Outer": 50,
      "ObjectName": "FSDGameInstance"
    },
    {
      "ObjectIndex": 7,
      "Type": "Import",
      "ClassPackage": "/Script/CoreUObject",
      "ClassName": "Class",
      "Outer": 50,
      "ObjectName": "GameFunctionLibrary"
    },
    {
      "ObjectIndex": 8,
      "Type": "Import",
      "ClassPackage": "/Script/CoreUObject",
      "ClassName": "Class",
      "Outer": 50,
      "ObjectName": "GeneratedMission"
    },
    {
      "ObjectIndex": 9,
      "Type": "Import",
      "ClassPackage": "/Script/CoreUObject",
      "ClassName": "Class",
      "Outer": 51,
      "ObjectName": "MovieScene"
    },
    {
      "ObjectIndex": 10,
      "Type": "Import",
      "ClassPackage": "/Script/CoreUObject",
      "ClassName": "Class",
      "Outer": 51,
      "ObjectName": "MovieSceneBuiltInEasingFunction"
    },
    {
      "ObjectIndex": 11,
      "Type": "Import",
      "ClassPackage": "/Script/CoreUObject",
      "ClassName": "Class",
      "Outer": 51,
      "ObjectName": "MovieSceneCompiledData"
    },
    {
      "ObjectIndex": 12,
      "Type": "Import",
      "ClassPackage": "/Script/CoreUObject",
      "ClassName": "Class",
      "Outer": 53,
      "ObjectName": "CanvasPanel"
    },
    {
      "ObjectIndex": 13,
      "Type": "Import",
      "ClassPackage": "/Script/CoreUObject",
      "ClassName": "Class",
      "Outer": 53,
      "ObjectName": "CanvasPanelSlot"
    },
    {
      "ObjectIndex": 14,
      "Type": "Import",
      "ClassPackage": "/Script/CoreUObject",
      "ClassName": "Class",
      "Outer": 53,
      "ObjectName": "Image"
    },
    {
      "ObjectIndex": 15,
      "Type": "Import",
      "ClassPackage": "/Script/CoreUObject",
      "ClassName": "Class",
      "Outer": 53,
      "ObjectName": "MovieScene2DTransformSection"
    },
    {
      "ObjectIndex": 16,
      "Type": "Import",
      "ClassPackage": "/Script/CoreUObject",
      "ClassName": "Class",
      "Outer": 53,
      "ObjectName": "MovieScene2DTransformTrack"
    },
    {
      "ObjectIndex": 17,
      "Type": "Import",
      "ClassPackage": "/Script/CoreUObject",
      "ClassName": "Class",
      "Outer": 53,
      "ObjectName": "ScaleBox"
    },
    {
      "ObjectIndex": 18,
      "Type": "Import",
      "ClassPackage": "/Script/CoreUObject",
      "ClassName": "Class",
      "Outer": 53,
      "ObjectName": "ScaleBoxSlot"
    },
    {
      "ObjectIndex": 19,
      "Type": "Import",
      "ClassPackage": "/Script/CoreUObject",
      "ClassName": "Class",
      "Outer": 53,
      "ObjectName": "TextBlock"
    },
    {
      "ObjectIndex": 20,
      "Type": "Import",
      "ClassPackage": "/Script/CoreUObject",
      "ClassName": "Class",
      "Outer": 53,
      "ObjectName": "UMGSequencePlayer"
    },
    {
      "ObjectIndex": 21,
      "Type": "Import",
      "ClassPackage": "/Script/CoreUObject",
      "ClassName": "Class",
      "Outer": 53,
      "ObjectName": "UserWidget"
    },
    {
      "ObjectIndex": 22,
      "Type": "Import",
      "ClassPackage": "/Script/CoreUObject",
      "ClassName": "Class",
      "Outer": 53,
      "ObjectName": "VerticalBox"
    },
    {
      "ObjectIndex": 23,
      "Type": "Import",
      "ClassPackage": "/Script/CoreUObject",
      "ClassName": "Class",
      "Outer": 53,
      "ObjectName": "VerticalBoxSlot"
    },
    {
      "ObjectIndex": 24,
      "Type": "Import",
      "ClassPackage": "/Script/CoreUObject",
      "ClassName": "Class",
      "Outer": 53,
      "ObjectName": "WidgetAnimation"
    },
    {
      "ObjectIndex": 25,
      "Type": "Import",
      "ClassPackage": "/Script/CoreUObject",
      "ClassName": "Class",
      "Outer": 53,
      "ObjectName": "WidgetBlueprintGeneratedClass"
    },
    {
      "ObjectIndex": 26,
      "Type": "Import",
      "ClassPackage": "/Script/CoreUObject",
      "ClassName": "Class",
      "Outer": 53,
      "ObjectName": "WidgetTree"
    },
    {
      "ObjectIndex": 27,
      "Type": "Import",
      "ClassPackage": "/Script/CoreUObject",
      "ClassName": "DelegateFunction",
      "Outer": 50,
      "ObjectName": "GeneratedMissionSignature__DelegateSignature"
    },
    {
      "ObjectIndex": 28,
      "Type": "Import",
      "ClassPackage": "/Script/Engine",
      "ClassName": "Font",
      "Outer": 44,
      "ObjectName": "Carbon"
    },
    {
      "ObjectIndex": 29,
      "Type": "Import",
      "ClassPackage": "/Script/CoreUObject",
      "ClassName": "Function",
      "Outer": 48,
      "ObjectName": "Default__Function"
    },
    {
      "ObjectIndex": 30,
      "Type": "Import",
      "ClassPackage": "/Script/CoreUObject",
      "ClassName": "Function",
      "Outer": 5,
      "ObjectName": "IsValid"
    },
    {
      "ObjectIndex": 31,
      "Type": "Import",
      "ClassPackage": "/Script/CoreUObject",
      "ClassName": "Function",
      "Outer": 7,
      "ObjectName": "GetFSDGameInstance"
    },
    {
      "ObjectIndex": 32,
      "Type": "Import",
      "ClassPackage": "/Script/CoreUObject",
      "ClassName": "Function",
      "Outer": 8,
      "ObjectName": "IsDeepDive"
    },
    {
      "ObjectIndex": 33,
      "Type": "Import",
      "ClassPackage": "/Script/CoreUObject",
      "ClassName": "Function",
      "Outer": 14,
      "ObjectName": "SetBrushTintColor"
    },
    {
      "ObjectIndex": 34,
      "Type": "Import",
      "ClassPackage": "/Script/CoreUObject",
      "ClassName": "Function",
      "Outer": 21,
      "ObjectName": "Construct"
    },
    {
      "ObjectIndex": 35,
      "Type": "Import",
      "ClassPackage": "/Script/CoreUObject",
      "ClassName": "Function",
      "Outer": 21,
      "ObjectName": "PlayAnimation"
    },
    {
      "ObjectIndex": 36,
      "Type": "Import",
      "ClassPackage": "/Script/UMG",
      "ClassName": "Image",
      "Outer": 53,
      "ObjectName": "Default__Image"
    },
    {
      "ObjectIndex": 37,
      "Type": "Import",
      "ClassPackage": "/Game/Game/Text/LIB_Text",
      "ClassName": "LIB_Text_C",
      "Outer": 46,
      "ObjectName": "Default__LIB_Text_C"
    },
    {
      "ObjectIndex": 38,
      "Type": "Import",
      "ClassPackage": "/Script/MovieScene",
      "ClassName": "MovieScene",
      "Outer": 51,
      "ObjectName": "Default__MovieScene"
    },
    {
      "ObjectIndex": 39,
      "Type": "Import",
      "ClassPackage": "/Script/UMG",
      "ClassName": "MovieScene2DTransformSection",
      "Outer": 53,
      "ObjectName": "Default__MovieScene2DTransformSection"
    },
    {
      "ObjectIndex": 40,
      "Type": "Import",
      "ClassPackage": "/Script/UMG",
      "ClassName": "MovieScene2DTransformTrack",
      "Outer": 53,
      "ObjectName": "Default__MovieScene2DTransformTrack"
    },
    {
      "ObjectIndex": 41,
      "Type": "Import",
      "ClassPackage": "/Script/MovieScene",
      "ClassName": "MovieSceneBuiltInEasingFunction",
      "Outer": 39,
      "ObjectName": "EaseInFunction"
    },
    {
      "ObjectIndex": 42,
      "Type": "Import",
      "ClassPackage": "/Script/MovieScene",
      "ClassName": "MovieSceneBuiltInEasingFunction",
      "Outer": 39,
      "ObjectName": "EaseOutFunction"
    },
    {
      "ObjectIndex": 43,
      "Type": "Import",
      "ClassPackage": "/Script/MovieScene",
      "ClassName": "MovieSceneCompiledData",
      "Outer": 51,
      "ObjectName": "Default__MovieSceneCompiledData"
    },
    {
      "ObjectIndex": 44,
      "Type": "Import",
      "ClassPackage": "/Script/CoreUObject",
      "ClassName": "Package",
      "ObjectName": "/Game/Art/Fonts/Carbon"
    },
    {
      "ObjectIndex": 45,
      "Type": "Import",
      "ClassPackage": "/Script/CoreUObject",
      "ClassName": "Package",
      "ObjectName": "/Game/Art/UI/T_DisplayBG2"
    },
    {
      "ObjectIndex": 46,
      "Type": "Import",
      "ClassPackage": "/Script/CoreUObject",
      "ClassName": "Package",
      "ObjectName": "/Game/Game/Text/LIB_Text"
    },
    {
      "ObjectIndex": 47,
      "Type": "Import",
      "ClassPackage": "/Script/CoreUObject",
      "ClassName": "Package",
      "ObjectName": "/Game/UI/Art/Icons/Icons_Upgrades/Icon_Upgrade_Building"
    },
    {
      "ObjectIndex": 48,
      "Type": "Import",
      "ClassPackage": "/Script/CoreUObject",
      "ClassName": "Package",
      "ObjectName": "/Script/CoreUObject"
    },
    {
      "ObjectIndex": 49,
      "Type": "Import",
      "ClassPackage": "/Script/CoreUObject",
      "ClassName": "Package",
      "ObjectName": "/Script/Engine"
    },
    {
      "ObjectIndex": 50,
      "Type": "Import",
      "ClassPackage": "/Script/CoreUObject",
      "ClassName": "Package",
      "ObjectName": "/Script/FSD"
    },
    {
      "ObjectIndex": 51,
      "Type": "Import",
      "ClassPackage": "/Script/CoreUObject",
      "ClassName": "Package",
      "ObjectName": "/Script/MovieScene"
    },
    {
      "ObjectIndex": 52,
      "Type": "Import",
      "ClassPackage": "/Script/CoreUObject",
      "ClassName": "Package",
      "ObjectName": "/Script/SlateCore"
    },
    {
      "ObjectIndex": 53,
      "Type": "Import",
      "ClassPackage": "/Script/CoreUObject",
      "ClassName": "Package",
      "ObjectName": "/Script/UMG"
    },
    {
      "ObjectIndex": 54,
      "Type": "Import",
      "ClassPackage": "/Script/UMG",
      "ClassName": "ScaleBox",
      "Outer": 53,
      "ObjectName": "Default__ScaleBox"
    },
    {
      "ObjectIndex": 55,
      "Type": "Import",
      "ClassPackage": "/Script/UMG",
      "ClassName": "ScaleBoxSlot",
      "Outer": 53,
      "ObjectName": "Default__ScaleBoxSlot"
    },
    {
      "ObjectIndex": 56,
      "Type": "Import",
      "ClassPackage": "/Script/CoreUObject",
      "ClassName": "ScriptStruct",
      "Outer": 48,
      "ObjectName": "LinearColor"
    },
    {
      "ObjectIndex": 57,
      "Type": "Import",
      "ClassPackage": "/Script/CoreUObject",
      "ClassName": "ScriptStruct",
      "Outer": 49,
      "ObjectName": "PointerToUberGraphFrame"
    },
    {
      "ObjectIndex": 58,
      "Type": "Import",
      "ClassPackage": "/Script/CoreUObject",
      "ClassName": "ScriptStruct",
      "Outer": 52,
      "ObjectName": "SlateColor"
    },
    {
      "ObjectIndex": 59,
      "Type": "Import",
      "ClassPackage": "/Script/UMG",
      "ClassName": "TextBlock",
      "Outer": 53,
      "ObjectName": "Default__TextBlock"
    },
    {
      "ObjectIndex": 60,
      "Type": "Import",
      "ClassPackage": "/Script/Engine",
      "ClassName": "Texture2D",
      "Outer": 45,
      "ObjectName": "T_DisplayBG2"
    },
    {
      "ObjectIndex": 61,
      "Type": "Import",
      "ClassPackage": "/Script/Engine",
      "ClassName": "Texture2D",
      "Outer": 47,
      "ObjectName": "Icon_Upgrade_Building"
    },
    {
      "ObjectIndex": 62,
      "Type": "Import",
      "ClassPackage": "/Script/UMG",
      "ClassName": "UserWidget",
      "Outer": 53,
      "ObjectName": "Default__UserWidget"
    },
    {
      "ObjectIndex": 63,
      "Type": "Import",
      "ClassPackage": "/Script/UMG",
      "ClassName": "VerticalBox",
      "Outer": 53,
      "ObjectName": "Default__VerticalBox"
    },
    {
      "ObjectIndex": 64,
      "Type": "Import",
      "ClassPackage": "/Script/UMG",
      "ClassName": "VerticalBoxSlot",
      "Outer": 53,
      "ObjectName": "Default__VerticalBoxSlot"
    },
    {
      "ObjectIndex": 65,
      "Type": "Import",
      "ClassPackage": "/Script/UMG",
      "ClassName": "WidgetAnimation",
      "Outer": 53,
      "ObjectName": "Default__WidgetAnimation"
    },
    {
      "ObjectIndex": 66,
      "Type": "Import",
      "ClassPackage": "/Script/UMG",
      "ClassName": "WidgetBlueprintGeneratedClass",
      "Outer": 53,
      "ObjectName": "Default__WidgetBlueprintGeneratedClass"
    },
    {
      "ObjectIndex": 67,
      "Type": "Import",
      "ClassPackage": "/Script/UMG",
      "ClassName": "WidgetTree",
      "Outer": 53,
      "ObjectName": "Default__WidgetTree"
    },
    {
      "ObjectIndex": 68,
      "Type": "Export",
      "ObjectMark": "$AssetObject$"
    },
    {
      "ObjectIndex": 69,
      "Type": "Export",
      "ObjectClass": 68,
      "Outer": -1,
      "ObjectName": "Default__Widget_DropPod_SeatMonitor_C",
      "ObjectFlags": 49,
      "Properties": {
        "UberGraphFrame": {},
        "$ReferencedObjects": []
      }
    },
    {
      "ObjectIndex": 70,
      "Type": "Export",
      "ObjectClass": 12,
      "Outer": 94,
      "ObjectName": "CanvasPanel_0",
      "ObjectFlags": 8,
      "Properties": {
        "Slots": [
          72,
          73,
          71
        ],
        "$ReferencedObjects": [
          72,
          73,
          71
        ]
      }
    },
    {
      "ObjectIndex": 71,
      "Type": "Export",
      "ObjectClass": 13,
      "Outer": 70,
      "ObjectName": "CanvasPanelSlot_122",
      "ObjectFlags": 8,
      "Properties": {
        "LayoutData": {
          "Offsets": {
            "Right": 0.0,
            "Bottom": 0.0
          },
          "Anchors": {
            "Minimum": {
              "X": 0.0,
              "Y": 0.5
            },
            "Maximum": {
              "X": 1.0,
              "Y": 0.5
            }
          },
          "Alignment": {
            "X": 0.5,
            "Y": 0.5
          }
        },
        "bAutoSize": true,
        "Parent": 70,
        "Content": 90,
        "$ReferencedObjects": [
          70,
          90
        ]
      }
    },
    {
      "ObjectIndex": 72,
      "Type": "Export",
      "ObjectClass": 13,
      "Outer": 70,
      "ObjectName": "CanvasPanelSlot_3",
      "ObjectFlags": 8,
      "Properties": {
        "LayoutData": {
          "Offsets": {
            "Right": 0.0,
            "Bottom": 0.0
          },
          "Anchors": {
            "Maximum": {
              "X": 1.0,
              "Y": 1.0
            }
          }
        },
        "ZOrder": -10,
        "Parent": 70,
        "Content": 75,
        "$ReferencedObjects": [
          70,
          75
        ]
      }
    },
    {
      "ObjectIndex": 73,
      "Type": "Export",
      "ObjectClass": 13,
      "Outer": 70,
      "ObjectName": "CanvasPanelSlot_7",
      "ObjectFlags": 8,
      "Properties": {
        "LayoutData": {
          "Offsets": {
            "Left": 8.0,
            "Top": 8.0,
            "Right": 8.0,
            "Bottom": 8.0
          },
          "Anchors": {
            "Maximum": {
              "X": 1.0,
              "Y": 1.0
            }
          }
        },
        "Parent": 70,
        "Content": 84,
        "$ReferencedObjects": [
          70,
          84
        ]
      }
    },
    {
      "ObjectIndex": 74,
      "Type": "Export",
      "ObjectClass": 14,
      "Outer": 94,
      "ObjectName": "Image_155",
      "ObjectFlags": 8,
      "Properties": {
        "Brush": {
          "ImageSize": {
            "X": 512.0,
            "Y": 512.0
          },
          "ResourceObject": 61
        },
        "ColorAndOpacity": {
          "R": 0.271362,
          "G": 1.0,
          "B": 0.0,
          "A": 0.1
        },
        "Slot": 87,
        "$ReferencedObjects": [
          61,
          87
        ]
      }
    },
    {
      "ObjectIndex": 75,
      "Type": "Export",
      "ObjectClass": 14,
      "Outer": 94,
      "ObjectName": "Image_41",
      "ObjectFlags": 8,
      "Properties": {
        "Brush": {
          "ImageSize": {
            "X": 1000.0,
            "Y": 500.0
          },
          "TintColor": {
            "SpecifiedColor": {
              "R": 0.44,
              "G": 0.44,
              "B": 0.44,
              "A": 1.0
            }
          },
          "ResourceObject": 60
        },
        "Slot": 72,
        "$ReferencedObjects": [
          60,
          72
        ]
      }
    },
    {
      "ObjectIndex": 76,
      "Type": "Export",
      "ObjectClass": 9,
      "Outer": 93,
      "ObjectName": "NewAnimation",
      "ObjectFlags": 8,
      "Properties": {
        "Possessables": [
          {
            "Tags": [],
            "Guid": {
              "A": 1705250278,
              "B": 1152585984,
              "C": -1008421185,
              "D": -937822450
            },
            "Name": "Image_155",
            "PossessedObjectClass": 14,
            "ParentGuid": {
              "A": 0,
              "B": 0,
              "C": 0,
              "D": 0
            }
          }
        ],
        "ObjectBindings": [
          {
            "ObjectGuid": {
              "A": 1705250278,
              "B": 1152585984,
              "C": -1008421185,
              "D": -937822450
            },
            "BindingName": "Image_155",
            "Tracks": [
              78
            ]
          }
        ],
        "PlaybackRange": {
          "LowerBound": {
            "Type": "Inclusive",
            "Value": 0
          },
          "UpperBound": {
            "Type": "Exclusive",
            "Value": 243001
          }
        },
        "DisplayRate": {
          "Numerator": 20
        },
        "Signature": {
          "A": 1960881299,
          "B": 1248793620,
          "C": -1886632799,
          "D": -333281785
        },
        "$ReferencedObjects": [
          14,
          78
        ]
      }
    },
    {
      "ObjectIndex": 77,
      "Type": "Export",
      "ObjectClass": 15,
      "Outer": 78,
      "ObjectName": "MovieScene2DTransformSection_0",
      "ObjectFlags": 8,
      "Properties": {
        "Easing": {
          "EaseIn": 79,
          "EaseOut": 80
        },
        "EvalOptions": {
          "CompletionMode": "EMovieSceneCompletionMode::RestoreState"
        },
        "Rotation": {
          "PreInfinityExtrap": "RCCE_Constant",
          "PostInfinityExtrap": "RCCE_Constant",
          "Times": [
            {
              "Value": 0
            }
          ],
          "Values": [
            {
              "Value": 0.0,
              "Tangent": {
                "ArriveTangent": 0.0,
                "LeaveTangent": 0.0,
                "ArriveTangentWeight": 0.0,
                "LeaveTangentWeight": 0.0,
                "TangentWeightMode": "RCTWM_WeightedNone"
              },
              "InterpMode": "RCIM_Cubic",
              "TangentMode": "RCTM_Auto",
              "PaddingByte": 0
            }
          ],
          "DefaultValue": 0.0,
          "bHasDefaultValue": false,
          "TickResolution": {
            "Numerator": 60000,
            "Denominator": 1
          }
        },
        "Scale": [
          {
            "PreInfinityExtrap": "RCCE_Constant",
            "PostInfinityExtrap": "RCCE_Constant",
            "Times": [
              {
                "Value": 0
              },
              {
                "Value": 60000
              },
              {
                "Value": 120000
              },
              {
                "Value": 180000
              },
              {
                "Value": 240000
              }
            ],
            "Values": [
              {
                "Value": 1.0,
                "Tangent": {
                  "ArriveTangent": 0.0,
                  "LeaveTangent": 0.0,
                  "ArriveTangentWeight": 0.0,
                  "LeaveTangentWeight": 0.0,
                  "TangentWeightMode": "RCTWM_WeightedNone"
                },
                "InterpMode": "RCIM_Cubic",
                "TangentMode": "RCTM_Auto",
                "PaddingByte": 0
              },
              {
                "Value": 0.0,
                "Tangent": {
                  "ArriveTangent": -1.7E-05,
                  "LeaveTangent": -1.7E-05,
                  "ArriveTangentWeight": 0.0,
                  "LeaveTangentWeight": 0.0,
                  "TangentWeightMode": "RCTWM_WeightedNone"
                },
                "InterpMode": "RCIM_Cubic",
                "TangentMode": "RCTM_Auto",
                "PaddingByte": 0
              },
              {
                "Value": -1.0,
                "Tangent": {
                  "ArriveTangent": 0.0,
                  "LeaveTangent": 0.0,
                  "ArriveTangentWeight": 0.0,
                  "LeaveTangentWeight": 0.0,
                  "TangentWeightMode": "RCTWM_WeightedNone"
                },
                "InterpMode": "RCIM_Cubic",
                "TangentMode": "RCTM_Auto",
                "PaddingByte": 0
              },
              {
                "Value": 0.0,
                "Tangent": {
                  "ArriveTangent": 1.7E-05,
                  "LeaveTangent": 1.7E-05,
                  "ArriveTangentWeight": 0.0,
                  "LeaveTangentWeight": 0.0,
                  "TangentWeightMode": "RCTWM_WeightedNone"
                },
                "InterpMode": "RCIM_Cubic",
                "TangentMode": "RCTM_Auto",
                "PaddingByte": 0
              },
              {
                "Value": 1.0,
                "Tangent": {
                  "ArriveTangent": 0.0,
                  "LeaveTangent": 0.0,
                  "ArriveTangentWeight": 0.0,
                  "LeaveTangentWeight": 0.0,
                  "TangentWeightMode": "RCTWM_WeightedNone"
                },
                "InterpMode": "RCIM_Cubic",
                "TangentMode": "RCTM_Auto",
                "PaddingByte": 0
              }
            ],
            "DefaultValue": 0.0,
            "bHasDefaultValue": false,
            "TickResolution": {
              "Numerator": 60000,
              "Denominator": 1
            }
          },
          {
            "PreInfinityExtrap": "RCCE_Constant",
            "PostInfinityExtrap": "RCCE_Constant",
            "Times": [
              {
                "Value": 0
              }
            ],
            "Values": [
              {
                "Value": 1.0,
                "Tangent": {
                  "ArriveTangent": 0.0,
                  "LeaveTangent": 0.0,
                  "ArriveTangentWeight": 0.0,
                  "LeaveTangentWeight": 0.0,
                  "TangentWeightMode": "RCTWM_WeightedNone"
                },
                "InterpMode": "RCIM_Cubic",
                "TangentMode": "RCTM_Auto",
                "PaddingByte": 0
              }
            ],
            "DefaultValue": 0.0,
            "bHasDefaultValue": false,
            "TickResolution": {
              "Numerator": 60000,
              "Denominator": 1
            }
          }
        ],
        "SectionRange": {
          "LowerBound": {
            "Type": "Inclusive",
            "Value": 0
          },
          "UpperBound": {
            "Type": "Exclusive",
            "Value": 243001
          }
        },
        "Signature": {
          "A": -994112043,
          "B": 1089911747,
          "C": -808126071,
          "D": 729214743
        },
        "Translation": [
          {
            "PreInfinityExtrap": "RCCE_Constant",
            "PostInfinityExtrap": "RCCE_Constant",
            "Times": [
              {
                "Value": 0
              }
            ],
            "Values": [
              {
                "Value": 0.0,
                "Tangent": {
                  "ArriveTangent": 0.0,
                  "LeaveTangent": 0.0,
                  "ArriveTangentWeight": 0.0,
                  "LeaveTangentWeight": 0.0,
                  "TangentWeightMode": "RCTWM_WeightedNone"
                },
                "InterpMode": "RCIM_Cubic",
                "TangentMode": "RCTM_Auto",
                "PaddingByte": 0
              }
            ],
            "DefaultValue": 0.0,
            "bHasDefaultValue": false,
            "TickResolution": {
              "Numerator": 60000,
              "Denominator": 1
            }
          },
          {
            "PreInfinityExtrap": "RCCE_Constant",
            "PostInfinityExtrap": "RCCE_Constant",
            "Times": [
              {
                "Value": 0
              }
            ],
            "Values": [
              {
                "Value": 0.0,
                "Tangent": {
                  "ArriveTangent": 0.0,
                  "LeaveTangent": 0.0,
                  "ArriveTangentWeight": 0.0,
                  "LeaveTangentWeight": 0.0,
                  "TangentWeightMode": "RCTWM_WeightedNone"
                },
                "InterpMode": "RCIM_Cubic",
                "TangentMode": "RCTM_Auto",
                "PaddingByte": 0
              }
            ],
            "DefaultValue": 0.0,
            "bHasDefaultValue": false,
            "TickResolution": {
              "Numerator": 60000,
              "Denominator": 1
            }
          }
        ],
        "$ReferencedObjects": [
          79,
          80
        ]
      }
    },
    {
      "ObjectIndex": 78,
      "Type": "Export",
      "ObjectClass": 16,
      "Outer": 76,
      "ObjectName": "MovieScene2DTransformTrack_0",
      "ObjectFlags": 8,
      "Properties": {
        "PropertyBinding": {
          "PropertyName": "RenderTransform",
          "PropertyPath": "RenderTransform",
          "bCanUseClassLookup": true
        },
        "Sections": [
          77
        ],
        "EvaluationFieldGuid": {
          "A": -463982328,
          "B": 1216811182,
          "C": 1107469971,
          "D": 1906214860
        },
        "EvaluationField": {
          "Entries": [
            {
              "Section": 77,
              "Range": {
                "LowerBound": {
                  "Type": "ERangeBoundTypes::Inclusive",
                  "Value": {
                    "Value": 0
                  }
                },
                "UpperBound": {
                  "Type": "ERangeBoundTypes::Exclusive",
                  "Value": {
                    "Value": 243001
                  }
                }
              },
              "ForcedTime": {
                "Value": -2147483648
              },
              "Flags": "ESectionEvaluationFlags::None",
              "LegacySortOrder": 0
            }
          ]
        },
        "Signature": {
          "A": -463982328,
          "B": 1216811182,
          "C": 1107469971,
          "D": 1906214860
        },
        "$ReferencedObjects": [
          77
        ]
      }
    },
    {
      "ObjectIndex": 79,
      "Type": "Export",
      "ObjectClass": 10,
      "Outer": 77,
      "ObjectName": "EaseInFunction",
      "ObjectFlags": 262153,
      "Properties": {
        "$ReferencedObjects": []
      }
    },
    {
      "ObjectIndex": 80,
      "Type": "Export",
      "ObjectClass": 10,
      "Outer": 77,
      "ObjectName": "EaseOutFunction",
      "ObjectFlags": 262153,
      "Properties": {
        "$ReferencedObjects": []
      }
    },
    {
      "ObjectIndex": 81,
      "Type": "Export",
      "ObjectClass": 11,
      "Outer": 93,
      "ObjectName": "CompiledData",
      "ObjectFlags": 0,
      "Properties": {
        "EntityComponentField": {
          "PersistentEntityTree": {
            "SerializedData": {
              "RootNode": {
                "Range": {
                  "LowerBound": {
                    "Type": "Open",
                    "Value": {
                      "Value": 0
                    }
                  },
                  "UpperBound": {
                    "Type": "Open",
                    "Value": {
                      "Value": 0
                    }
                  }
                },
                "Parent": {
                  "ChildrenHandle": {
                    "EntryIndex": -1
                  },
                  "Index": -1
                },
                "ChildrenID": {
                  "EntryIndex": 0
                },
                "DataID": {
                  "EntryIndex": -1
                }
              },
              "ChildNodes": {
                "Entries": [
                  {
                    "StartIndex": 0,
                    "Size": 1,
                    "Capacity": 1
                  }
                ],
                "Items": [
                  {
                    "Range": {
                      "LowerBound": {
                        "Type": "Inclusive",
                        "Value": {
                          "Value": 0
                        }
                      },
                      "UpperBound": {
                        "Type": "Exclusive",
                        "Value": {
                          "Value": 243001
                        }
                      }
                    },
                    "Parent": {
                      "ChildrenHandle": {
                        "EntryIndex": -1
                      },
                      "Index": 0
                    },
                    "ChildrenID": {
                      "EntryIndex": -1
                    },
                    "DataID": {
                      "EntryIndex": 0
                    }
                  }
                ]
              },
              "Data": {
                "Entries": [
                  {
                    "StartIndex": 0,
                    "Size": 1,
                    "Capacity": 1
                  }
                ],
                "Items": [
                  {
                    "EntityIndex": 0,
                    "MetaDataIndex": -1
                  }
                ]
              }
            }
          },
          "Entities": [
            {
              "Key": {
                "EntityOwner": 77,
                "EntityID": 0
              },
              "SharedMetaDataIndex": 0
            }
          ],
          "SharedMetaData": [
            {
              "ObjectBindingID": {
                "A": 1705250278,
                "B": 1152585984,
                "C": -1008421185,
                "D": -937822450
              }
            }
          ]
        },
        "CompiledSignature": {
          "A": 1109706750,
          "B": 1310636292,
          "C": -1456378219,
          "D": -897084282
        },
        "CompilerVersion": {
          "A": 2102106121,
          "B": 799820395,
          "C": -1773219982,
          "D": -668492040
        },
        "AccumulatedMask": {
          "bEntityComponentField": true
        },
        "AllocatedMask": {
          "bEntityComponentField": true
        },
        "$ReferencedObjects": [
          77
        ]
      }
    },
    {
      "ObjectIndex": 82,
      "Type": "Export",
      "ObjectClass": 17,
      "Outer": 94,
      "ObjectName": "ScaleBox_0",
      "ObjectFlags": 8,
      "Properties": {
        "StretchDirection": "EStretchDirection::DownOnly",
        "Slots": [
          85
        ],
        "Slot": 92,
        "$ReferencedObjects": [
          85,
          92
        ]
      }
    },
    {
      "ObjectIndex": 83,
      "Type": "Export",
      "ObjectClass": 17,
      "Outer": 94,
      "ObjectName": "ScaleBox_1",
      "ObjectFlags": 8,
      "Properties": {
        "StretchDirection": "EStretchDirection::DownOnly",
        "Slots": [
          86
        ],
        "Slot": 91,
        "$ReferencedObjects": [
          86,
          91
        ]
      }
    },
    {
      "ObjectIndex": 84,
      "Type": "Export",
      "ObjectClass": 17,
      "Outer": 94,
      "ObjectName": "ScaleBox_2",
      "ObjectFlags": 8,
      "Properties": {
        "Slots": [
          87
        ],
        "Slot": 73,
        "$ReferencedObjects": [
          87,
          73
        ]
      }
    },
    {
      "ObjectIndex": 85,
      "Type": "Export",
      "ObjectClass": 18,
      "Outer": 82,
      "ObjectName": "ScaleBoxSlot_0",
      "ObjectFlags": 8,
      "Properties": {
        "HorizontalAlignment": "HAlign_Fill",
        "Parent": 82,
        "Content": 89,
        "$ReferencedObjects": [
          82,
          89
        ]
      }
    },
    {
      "ObjectIndex": 86,
      "Type": "Export",
      "ObjectClass": 18,
      "Outer": 83,
      "ObjectName": "ScaleBoxSlot_0",
      "ObjectFlags": 8,
      "Properties": {
        "Parent": 83,
        "Content": 88,
        "$ReferencedObjects": [
          83,
          88
        ]
      }
    },
    {
      "ObjectIndex": 87,
      "Type": "Export",
      "ObjectClass": 18,
      "Outer": 84,
      "ObjectName": "ScaleBoxSlot_0",
      "ObjectFlags": 8,
      "Properties": {
        "Parent": 84,
        "Content": 74,
        "$ReferencedObjects": [
          84,
          74
        ]
      }
    },
    {
      "ObjectIndex": 88,
      "Type": "Export",
      "ObjectClass": 19,
      "Outer": 94,
      "ObjectName": "TextBlock_125",
      "ObjectFlags": 8,
      "Properties": {
        "Text": "NSLOCTEXT(\"\" , \"53A3869C46FDC214B30DCB94F26CEE23\" , \"IN PROGRESS\")",
        "ColorAndOpacity": {
          "SpecifiedColor": {
            "R": 1.0,
            "G": 0.0,
            "B": 0.0,
            "A": 1.0
          }
        },
        "Font": {
          "FontObject": 28,
          "OutlineSettings": {
            "OutlineSize": 2
          },
          "TypefaceFontName": "2. Bold",
          "Size": 9
        },
        "Justification": "ETextJustify::Center",
        "Slot": 86,
        "$ReferencedObjects": [
          28,
          86
        ]
      }
    },
    {
      "ObjectIndex": 89,
      "Type": "Export",
      "ObjectClass": 19,
      "Outer": 94,
      "ObjectName": "TextBlock_39",
      "ObjectFlags": 8,
      "Properties": {
        "Text": "NSLOCTEXT(\"\" , \"F899FA724DF619F09C95108C12FEDAC5\" , \"MISSION\")",
        "Font": {
          "FontObject": 28,
          "OutlineSettings": {
            "OutlineSize": 2
          },
          "TypefaceFontName": "2. Bold",
          "Size": 17
        },
        "Justification": "ETextJustify::Center",
        "Slot": 85,
        "bIsVariable": true,
        "$ReferencedObjects": [
          28,
          85
        ]
      }
    },
    {
      "ObjectIndex": 90,
      "Type": "Export",
      "ObjectClass": 22,
      "Outer": 94,
      "ObjectName": "VerticalBox_0",
      "ObjectFlags": 8,
      "Properties": {
        "Slots": [
          92,
          91
        ],
        "Slot": 71,
        "$ReferencedObjects": [
          92,
          91,
          71
        ]
      }
    },
    {
      "ObjectIndex": 91,
      "Type": "Export",
      "ObjectClass": 23,
      "Outer": 90,
      "ObjectName": "VerticalBoxSlot_0",
      "ObjectFlags": 8,
      "Properties": {
        "Parent": 90,
        "Content": 83,
        "$ReferencedObjects": [
          90,
          83
        ]
      }
    },
    {
      "ObjectIndex": 92,
      "Type": "Export",
      "ObjectClass": 23,
      "Outer": 90,
      "ObjectName": "VerticalBoxSlot_1",
      "ObjectFlags": 8,
      "Properties": {
        "Parent": 90,
        "Content": 82,
        "$ReferencedObjects": [
          90,
          82
        ]
      }
    },
    {
      "ObjectIndex": 93,
      "Type": "Export",
      "ObjectClass": 24,
      "Outer": 68,
      "ObjectName": "NewAnimation_INST",
      "ObjectFlags": 8,
      "Properties": {
        "MovieScene": 76,
        "AnimationBindings": [
          {
            "WidgetName": "Image_155",
            "SlotWidgetName": "None",
            "AnimationGuid": {
              "A": 1705250278,
              "B": 1152585984,
              "C": -1008421185,
              "D": -937822450
            },
            "bIsRootWidget": false
          }
        ],
        "DisplayLabel": "NewAnimation",
        "CompiledData": 81,
        "Signature": {
          "A": 1109706750,
          "B": 1310636292,
          "C": -1456378219,
          "D": -897084282
        },
        "$ReferencedObjects": [
          76,
          81
        ]
      }
    },
    {
      "ObjectIndex": 94,
      "Type": "Export",
      "ObjectClass": 26,
      "Outer": 68,
      "ObjectName": "WidgetTree",
      "ObjectFlags": 8,
      "Properties": {
        "RootWidget": 70,
        "$ReferencedObjects": [
          70
        ]
      }
    }
  ]
}