{
  "AssetClass": "WidgetBlueprint",
  "AssetPackage": "/Game/Art/_TestingGrounds/TextField/TextField_SeeThrough",
  "AssetName": "TextField_SeeThrough",
  "AssetSerializedData": {
    "SkipDependecies": false,
    "SuperStruct": 21,
    "Children": [
      {
        "FieldKind": "Function",
        "ObjectClass": "Function",
        "ObjectName": "SetShowBG",
        "SuperStruct": -1,
        "Children": [],
        "ChildProperties": [
          {
            "FieldKind": "Property",
            "ObjectClass": "BoolProperty",
            "ObjectName": "ShowBG",
            "ArrayDim": 1,
            "PropertyFlags": "148",
            "RepNotifyFunc": "None",
            "BlueprintReplicationCondition": 0,
            "BoolSize": 1,
            "NativeBool": true
          },
          {
            "FieldKind": "Property",
            "ObjectClass": "BoolProperty",
            "ObjectName": "Temp_bool_Variable",
            "ArrayDim": 1,
            "PropertyFlags": "0",
            "RepNotifyFunc": "None",
            "BlueprintReplicationCondition": 0,
            "BoolSize": 1,
            "NativeBool": true
          },
          {
            "FieldKind": "Property",
            "ObjectClass": "EnumProperty",
            "ObjectName": "Temp_byte_Variable",
            "ArrayDim": 1,
            "PropertyFlags": "0",
            "RepNotifyFunc": "None",
            "BlueprintReplicationCondition": 0,
            "Enum": 25,
            "UnderlyingProp": {
              "ObjectClass": "ByteProperty",
              "ObjectName": "UnderlyingType",
              "ArrayDim": 1,
              "PropertyFlags": "0",
              "RepNotifyFunc": "None",
              "BlueprintReplicationCondition": 0,
              "Enum": -1
            }
          },
          {
            "FieldKind": "Property",
            "ObjectClass": "EnumProperty",
            "ObjectName": "Temp_byte_Variable_1",
            "ArrayDim": 1,
            "PropertyFlags": "0",
            "RepNotifyFunc": "None",
            "BlueprintReplicationCondition": 0,
            "Enum": 25,
            "UnderlyingProp": {
              "ObjectClass": "ByteProperty",
              "ObjectName": "UnderlyingType",
              "ArrayDim": 1,
              "PropertyFlags": "0",
              "RepNotifyFunc": "None",
              "BlueprintReplicationCondition": 0,
              "Enum": -1
            }
          },
          {
            "FieldKind": "Property",
            "ObjectClass": "EnumProperty",
            "ObjectName": "K2Node_Select_Default",
            "ArrayDim": 1,
            "PropertyFlags": "0",
            "RepNotifyFunc": "None",
            "BlueprintReplicationCondition": 0,
            "Enum": 25,
            "UnderlyingProp": {
              "ObjectClass": "ByteProperty",
              "ObjectName": "UnderlyingType",
              "ArrayDim": 1,
              "PropertyFlags": "0",
              "RepNotifyFunc": "None",
              "BlueprintReplicationCondition": 0,
              "Enum": -1
            }
          }
        ],
        "Script": [
          {
            "Inst": "LetBool",
            "Variable": {
              "Inst": "InstanceVariable",
              "VariableType": {
                "PinCategory": "bool",
                "PinSubCategory": "bool"
              },
              "VariableName": "ShowBG"
            },
            "Expression": {
              "Inst": "LocalVariable",
              "VariableType": {
                "PinCategory": "bool",
                "PinSubCategory": "bool"
              },
              "VariableName": "ShowBG"
            },
            "StatementIndex": 0
          },
          {
            "Inst": "LetBool",
            "Variable": {
              "Inst": "LocalVariable",
              "VariableType": {
                "PinCategory": "bool",
                "PinSubCategory": "bool"
              },
              "VariableName": "Temp_bool_Variable"
            },
            "Expression": {
              "Inst": "InstanceVariable",
              "VariableType": {
                "PinCategory": "bool",
                "PinSubCategory": "bool"
              },
              "VariableName": "ShowBG"
            },
            "StatementIndex": 19
          },
          {
            "Inst": "Let",
            "Variable": {
              "Inst": "LocalVariable",
              "VariableType": {
                "PinCategory": "byte",
                "PinSubCategory": "byte",
                "PinSubCategoryObject": "/Script/UMG.ESlateVisibility"
              },
              "VariableName": "Temp_byte_Variable"
            },
            "Expression": {
              "Inst": "ByteConst",
              "Value": 0
            },
            "StatementIndex": 38
          },
          {
            "Inst": "Let",
            "Variable": {
              "Inst": "LocalVariable",
              "VariableType": {
                "PinCategory": "byte",
                "PinSubCategory": "byte",
                "PinSubCategoryObject": "/Script/UMG.ESlateVisibility"
              },
              "VariableName": "Temp_byte_Variable_1"
            },
            "Expression": {
              "Inst": "ByteConst",
              "Value": 1
            },
            "StatementIndex": 58
          },
          {
            "Inst": "Context",
            "Context": {
              "Inst": "InstanceVariable",
              "VariableType": {
                "PinCategory": "Object",
                "PinSubCategory": "Object",
                "PinSubCategoryObject": "/Script/UMG.Border"
              },
              "VariableName": "Border_0"
            },
            "SkipOffsetForNull": 67,
            "Expression": {
              "Inst": "VirtualFunction",
              "Function": "SetVisibility",
              "Parameters": [
                {
                  "Inst": "SwitchValue",
                  "Expression": {
                    "Inst": "LocalVariable",
                    "VariableType": {
                      "PinCategory": "bool",
                      "PinSubCategory": "bool"
                    },
                    "VariableName": "Temp_bool_Variable"
                  },
                  "OffsetToSwitchEnd": 166,
                  "Cases": [
                    {
                      "CaseValue": {
                        "Inst": "False"
                      },
                      "OffsetToNextCase": 143,
                      "CaseResult": {
                        "Inst": "LocalVariable",
                        "VariableType": {
                          "PinCategory": "byte",
                          "PinSubCategory": "byte",
                          "PinSubCategoryObject": "/Script/UMG.ESlateVisibility"
                        },
                        "VariableName": "Temp_byte_Variable_1"
                      }
                    },
                    {
                      "CaseValue": {
                        "Inst": "True"
                      },
                      "OffsetToNextCase": 157,
                      "CaseResult": {
                        "Inst": "LocalVariable",
                        "VariableType": {
                          "PinCategory": "byte",
                          "PinSubCategory": "byte",
                          "PinSubCategoryObject": "/Script/UMG.ESlateVisibility"
                        },
                        "VariableName": "Temp_byte_Variable"
                      }
                    }
                  ],
                  "DefaultResult": {
                    "Inst": "LocalVariable",
                    "VariableType": {
                      "PinCategory": "byte",
                      "PinSubCategory": "byte",
                      "PinSubCategoryObject": "/Script/UMG.ESlateVisibility"
                    },
                    "VariableName": "K2Node_Select_Default"
                  }
                }
              ]
            },
            "StatementIndex": 78
          },
          {
            "Inst": "Return",
            "Expression": {
              "Inst": "Nothing"
            },
            "StatementIndex": 167
          },
          {
            "Inst": "EndOfScript",
            "StatementIndex": 169
          }
        ],
        "FunctionFlags": "201457664"
      },
      {
        "FieldKind": "Function",
        "ObjectClass": "Function",
        "ObjectName": "SetTextSize",
        "SuperStruct": -1,
        "Children": [],
        "ChildProperties": [
          {
            "FieldKind": "Property",
            "ObjectClass": "IntProperty",
            "ObjectName": "TextSize",
            "ArrayDim": 1,
            "PropertyFlags": "148",
            "RepNotifyFunc": "None",
            "BlueprintReplicationCondition": 0
          }
        ],
        "Script": [
          {
            "Inst": "Let",
            "Variable": {
              "Inst": "InstanceVariable",
              "VariableType": {
                "PinCategory": "int",
                "PinSubCategory": "int"
              },
              "VariableName": "TextSize"
            },
            "Expression": {
              "Inst": "LocalVariable",
              "VariableType": {
                "PinCategory": "int",
                "PinSubCategory": "int"
              },
              "VariableName": "TextSize"
            },
            "StatementIndex": 0
          },
          {
            "Inst": "Context",
            "Context": {
              "Inst": "ObjectConst",
              "Object": "/Game/Game/Text/LIB_Text.Default__LIB_Text_C"
            },
            "SkipOffsetForNull": 33,
            "Expression": {
              "Inst": "LocalVirtualFunction",
              "FunctionName": "SetFontSize",
              "Parameters": [
                {
                  "Inst": "InstanceVariable",
                  "VariableType": {
                    "PinCategory": "Object",
                    "PinSubCategory": "Object",
                    "PinSubCategoryObject": "/Script/UMG.TextBlock"
                  },
                  "VariableName": "TXT_Main"
                },
                {
                  "Inst": "InstanceVariable",
                  "VariableType": {
                    "PinCategory": "int",
                    "PinSubCategory": "int"
                  },
                  "VariableName": "TextSize"
                },
                {
                  "Inst": "Self"
                }
              ]
            },
            "StatementIndex": 27
          },
          {
            "Inst": "Return",
            "Expression": {
              "Inst": "Nothing"
            },
            "StatementIndex": 82
          },
          {
            "Inst": "EndOfScript",
            "StatementIndex": 84
          }
        ],
        "FunctionFlags": "201457664"
      },
      {
        "FieldKind": "Function",
        "ObjectClass": "Function",
        "ObjectName": "SetText",
        "SuperStruct": -1,
        "Children": [],
        "ChildProperties": [
          {
            "FieldKind": "Property",
            "ObjectClass": "TextProperty",
            "ObjectName": "InText",
            "ArrayDim": 1,
            "PropertyFlags": "148",
            "RepNotifyFunc": "None",
            "BlueprintReplicationCondition": 0
          }
        ],
        "Script": [
          {
            "Inst": "Context",
            "Context": {
              "Inst": "InstanceVariable",
              "VariableType": {
                "PinCategory": "Object",
                "PinSubCategory": "Object",
                "PinSubCategoryObject": "/Script/UMG.TextBlock"
              },
              "VariableName": "TXT_Main"
            },
            "SkipOffsetForNull": 23,
            "Expression": {
              "Inst": "VirtualFunction",
              "Function": "SetText",
              "Parameters": [
                {
                  "Inst": "LocalVariable",
                  "VariableType": {
                    "PinCategory": "Text",
                    "PinSubCategory": "Text"
                  },
                  "VariableName": "InText"
                }
              ]
            },
            "StatementIndex": 0
          },
          {
            "Inst": "Return",
            "Expression": {
              "Inst": "Nothing"
            },
            "StatementIndex": 45
          },
          {
            "Inst": "EndOfScript",
            "StatementIndex": 47
          }
        ],
        "FunctionFlags": "201457664"
      },
      {
        "FieldKind": "Function",
        "ObjectClass": "Function",
        "ObjectName": "PreConstruct",
        "SuperStruct": 28,
        "Children": [],
        "ChildProperties": [
          {
            "FieldKind": "Property",
            "ObjectClass": "BoolProperty",
            "ObjectName": "IsDesignTime",
            "ArrayDim": 1,
            "PropertyFlags": "148",
            "RepNotifyFunc": "None",
            "BlueprintReplicationCondition": 0,
            "BoolSize": 1,
            "NativeBool": true
          }
        ],
        "Script": [
          {
            "Inst": "LetValueOnPersistentFrame",
            "PropertyName": "K2Node_Event_IsDesignTime",
            "PropertyType": {
              "PinCategory": "bool",
              "PinSubCategory": "bool"
            },
            "Expression": {
              "Inst": "LocalVariable",
              "VariableType": {
                "PinCategory": "bool",
                "PinSubCategory": "bool"
              },
              "VariableName": "IsDesignTime"
            },
            "StatementIndex": 0
          },
          {
            "Inst": "LocalFinalFunction",
            "Function": "ExecuteUbergraph_TextField_SeeThrough",
            "Parameters": [
              {
                "Inst": "IntConst",
                "Value": 38
              }
            ],
            "StatementIndex": 18
          },
          {
            "Inst": "Return",
            "Expression": {
              "Inst": "Nothing"
            },
            "StatementIndex": 33
          },
          {
            "Inst": "EndOfScript",
            "StatementIndex": 35
          }
        ],
        "FunctionFlags": "134350856"
      },
      {
        "FieldKind": "Function",
        "ObjectClass": "Function",
        "ObjectName": "ExecuteUbergraph_TextField_SeeThrough",
        "SuperStruct": -1,
        "Children": [],
        "ChildProperties": [
          {
            "FieldKind": "Property",
            "ObjectClass": "IntProperty",
            "ObjectName": "EntryPoint",
            "ArrayDim": 1,
            "PropertyFlags": "148",
            "RepNotifyFunc": "None",
            "BlueprintReplicationCondition": 0
          },
          {
            "FieldKind": "Property",
            "ObjectClass": "BoolProperty",
            "ObjectName": "K2Node_Event_IsDesignTime",
            "ArrayDim": 1,
            "PropertyFlags": "0",
            "RepNotifyFunc": "None",
            "BlueprintReplicationCondition": 0,
            "BoolSize": 1,
            "NativeBool": true
          }
        ],
        "Script": [
          {
            "Inst": "ComputedJump",
            "OffsetExpression": {
              "Inst": "LocalVariable",
              "VariableType": {
                "PinCategory": "int",
                "PinSubCategory": "int"
              },
              "VariableName": "EntryPoint"
            },
            "StatementIndex": 0
          },
          {
            "Inst": "LocalVirtualFunction",
            "FunctionName": "SetShowBG",
            "Parameters": [
              {
                "Inst": "InstanceVariable",
                "VariableType": {
                  "PinCategory": "bool",
                  "PinSubCategory": "bool"
                },
                "VariableName": "ShowBG"
              }
            ],
            "StatementIndex": 10
          },
          {
            "Inst": "Jump",
            "Offset": 66,
            "StatementIndex": 33
          },
          {
            "Inst": "LocalVirtualFunction",
            "FunctionName": "SetTextSize",
            "Parameters": [
              {
                "Inst": "InstanceVariable",
                "VariableType": {
                  "PinCategory": "int",
                  "PinSubCategory": "int"
                },
                "VariableName": "TextSize"
              }
            ],
            "StatementIndex": 38
          },
          {
            "Inst": "Jump",
            "Offset": 10,
            "StatementIndex": 61
          },
          {
            "Inst": "Return",
            "Expression": {
              "Inst": "Nothing"
            },
            "StatementIndex": 66
          },
          {
            "Inst": "EndOfScript",
            "StatementIndex": 68
          }
        ],
        "FunctionFlags": "32769"
      }
    ],
    "ChildProperties": [
      {
        "FieldKind": "Property",
        "ObjectClass": "StructProperty",
        "ObjectName": "UberGraphFrame",
        "ArrayDim": 1,
        "PropertyFlags": "2105344",
        "RepNotifyFunc": "None",
        "BlueprintReplicationCondition": 0,
        "Struct": 51
      },
      {
        "FieldKind": "Property",
        "ObjectClass": "ObjectProperty",
        "ObjectName": "TextAnim",
        "ArrayDim": 1,
        "PropertyFlags": "2147491860",
        "RepNotifyFunc": "None",
        "BlueprintReplicationCondition": 0,
        "PropertyClass": 22
      },
      {
        "FieldKind": "Property",
        "ObjectClass": "ObjectProperty",
        "ObjectName": "Border_0",
        "ArrayDim": 1,
        "PropertyFlags": "562952101429260",
        "RepNotifyFunc": "None",
        "BlueprintReplicationCondition": 0,
        "PropertyClass": 11
      },
      {
        "FieldKind": "Property",
        "ObjectClass": "ObjectProperty",
        "ObjectName": "TXT_Main",
        "ArrayDim": 1,
        "PropertyFlags": "562952101429260",
        "RepNotifyFunc": "None",
        "BlueprintReplicationCondition": 0,
        "PropertyClass": 20
      },
      {
        "FieldKind": "Property",
        "ObjectClass": "ArrayProperty",
        "ObjectName": "Texts",
        "ArrayDim": 1,
        "PropertyFlags": "65541",
        "RepNotifyFunc": "None",
        "BlueprintReplicationCondition": 0,
        "Inner": {
          "ObjectClass": "TextProperty",
          "ObjectName": "Texts",
          "ArrayDim": 1,
          "PropertyFlags": "0",
          "RepNotifyFunc": "None",
          "BlueprintReplicationCondition": 0
        }
      },
      {
        "FieldKind": "Property",
        "ObjectClass": "IntProperty",
        "ObjectName": "TextSize",
        "ArrayDim": 1,
        "PropertyFlags": "5",
        "RepNotifyFunc": "None",
        "BlueprintReplicationCondition": 0
      },
      {
        "FieldKind": "Property",
        "ObjectClass": "BoolProperty",
        "ObjectName": "ShowBG",
        "ArrayDim": 1,
        "PropertyFlags": "65541",
        "RepNotifyFunc": "None",
        "BlueprintReplicationCondition": 0,
        "BoolSize": 1,
        "NativeBool": true
      }
    ],
    "ClassFlags": "10754064",
    "ClassWithin": 5,
    "ClassConfigName": "Engine",
    "Interfaces": [],
    "ClassDefaultObject": 58,
    "AssetObjectData": {
      "WidgetTree": 79,
      "Animations": [
        78
      ],
      "SimpleConstructionScript": -1,
      "$ReferencedObjects": [
        79,
        78
      ]
    },
    "GeneratedVariableNames": [
      "Border_0",
      "TXT_Main",
      "TextAnim"
    ]
  },
  "ObjectHierarchy": [
    {
      "ObjectIndex": 0,
      "Type": "Import",
      "ClassPackage": "/Script/Engine",
      "ClassName": "BlueprintGeneratedClass",
      "Outer": 43,
      "ObjectName": "LIB_Text_C"
    },
    {
      "ObjectIndex": 1,
      "Type": "Import",
      "ClassPackage": "/Script/UMG",
      "ClassName": "Border",
      "Outer": 48,
      "ObjectName": "Default__Border"
    },
    {
      "ObjectIndex": 2,
      "Type": "Import",
      "ClassPackage": "/Script/UMG",
      "ClassName": "CanvasPanel",
      "Outer": 48,
      "ObjectName": "Default__CanvasPanel"
    },
    {
      "ObjectIndex": 3,
      "Type": "Import",
      "ClassPackage": "/Script/UMG",
      "ClassName": "CanvasPanelSlot",
      "Outer": 48,
      "ObjectName": "Default__CanvasPanelSlot"
    },
    {
      "ObjectIndex": 4,
      "Type": "Import",
      "ClassPackage": "/Script/CoreUObject",
      "ClassName": "Class",
      "Outer": 44,
      "ObjectName": "Function"
    },
    {
      "ObjectIndex": 5,
      "Type": "Import",
      "ClassPackage": "/Script/CoreUObject",
      "ClassName": "Class",
      "Outer": 44,
      "ObjectName": "Object"
    },
    {
      "ObjectIndex": 6,
      "Type": "Import",
      "ClassPackage": "/Script/CoreUObject",
      "ClassName": "Class",
      "Outer": 46,
      "ObjectName": "MovieScene"
    },
    {
      "ObjectIndex": 7,
      "Type": "Import",
      "ClassPackage": "/Script/CoreUObject",
      "ClassName": "Class",
      "Outer": 46,
      "ObjectName": "MovieSceneBuiltInEasingFunction"
    },
    {
      "ObjectIndex": 8,
      "Type": "Import",
      "ClassPackage": "/Script/CoreUObject",
      "ClassName": "Class",
      "Outer": 46,
      "ObjectName": "MovieSceneCompiledData"
    },
    {
      "ObjectIndex": 9,
      "Type": "Import",
      "ClassPackage": "/Script/CoreUObject",
      "ClassName": "Class",
      "Outer": 47,
      "ObjectName": "MovieSceneColorSection"
    },
    {
      "ObjectIndex": 10,
      "Type": "Import",
      "ClassPackage": "/Script/CoreUObject",
      "ClassName": "Class",
      "Outer": 47,
      "ObjectName": "MovieSceneColorTrack"
    },
    {
      "ObjectIndex": 11,
      "Type": "Import",
      "ClassPackage": "/Script/CoreUObject",
      "ClassName": "Class",
      "Outer": 48,
      "ObjectName": "Border"
    },
    {
      "ObjectIndex": 12,
      "Type": "Import",
      "ClassPackage": "/Script/CoreUObject",
      "ClassName": "Class",
      "Outer": 48,
      "ObjectName": "CanvasPanel"
    },
    {
      "ObjectIndex": 13,
      "Type": "Import",
      "ClassPackage": "/Script/CoreUObject",
      "ClassName": "Class",
      "Outer": 48,
      "ObjectName": "CanvasPanelSlot"
    },
    {
      "ObjectIndex": 14,
      "Type": "Import",
      "ClassPackage": "/Script/CoreUObject",
      "ClassName": "Class",
      "Outer": 48,
      "ObjectName": "MovieScene2DTransformSection"
    },
    {
      "ObjectIndex": 15,
      "Type": "Import",
      "ClassPackage": "/Script/CoreUObject",
      "ClassName": "Class",
      "Outer": 48,
      "ObjectName": "MovieScene2DTransformTrack"
    },
    {
      "ObjectIndex": 16,
      "Type": "Import",
      "ClassPackage": "/Script/CoreUObject",
      "ClassName": "Class",
      "Outer": 48,
      "ObjectName": "Overlay"
    },
    {
      "ObjectIndex": 17,
      "Type": "Import",
      "ClassPackage": "/Script/CoreUObject",
      "ClassName": "Class",
      "Outer": 48,
      "ObjectName": "OverlaySlot"
    },
    {
      "ObjectIndex": 18,
      "Type": "Import",
      "ClassPackage": "/Script/CoreUObject",
      "ClassName": "Class",
      "Outer": 48,
      "ObjectName": "ScaleBox"
    },
    {
      "ObjectIndex": 19,
      "Type": "Import",
      "ClassPackage": "/Script/CoreUObject",
      "ClassName": "Class",
      "Outer": 48,
      "ObjectName": "ScaleBoxSlot"
    },
    {
      "ObjectIndex": 20,
      "Type": "Import",
      "ClassPackage": "/Script/CoreUObject",
      "ClassName": "Class",
      "Outer": 48,
      "ObjectName": "TextBlock"
    },
    {
      "ObjectIndex": 21,
      "Type": "Import",
      "ClassPackage": "/Script/CoreUObject",
      "ClassName": "Class",
      "Outer": 48,
      "ObjectName": "UserWidget"
    },
    {
      "ObjectIndex": 22,
      "Type": "Import",
      "ClassPackage": "/Script/CoreUObject",
      "ClassName": "Class",
      "Outer": 48,
      "ObjectName": "WidgetAnimation"
    },
    {
      "ObjectIndex": 23,
      "Type": "Import",
      "ClassPackage": "/Script/CoreUObject",
      "ClassName": "Class",
      "Outer": 48,
      "ObjectName": "WidgetBlueprintGeneratedClass"
    },
    {
      "ObjectIndex": 24,
      "Type": "Import",
      "ClassPackage": "/Script/CoreUObject",
      "ClassName": "Class",
      "Outer": 48,
      "ObjectName": "WidgetTree"
    },
    {
      "ObjectIndex": 25,
      "Type": "Import",
      "ClassPackage": "/Script/CoreUObject",
      "ClassName": "Enum",
      "Outer": 48,
      "ObjectName": "ESlateVisibility"
    },
    {
      "ObjectIndex": 26,
      "Type": "Import",
      "ClassPackage": "/Script/Engine",
      "ClassName": "Font",
      "Outer": 42,
      "ObjectName": "Rift_Soft"
    },
    {
      "ObjectIndex": 27,
      "Type": "Import",
      "ClassPackage": "/Script/CoreUObject",
      "ClassName": "Function",
      "Outer": 44,
      "ObjectName": "Default__Function"
    },
    {
      "ObjectIndex": 28,
      "Type": "Import",
      "ClassPackage": "/Script/CoreUObject",
      "ClassName": "Function",
      "Outer": 21,
      "ObjectName": "PreConstruct"
    },
    {
      "ObjectIndex": 29,
      "Type": "Import",
      "ClassPackage": "/Game/Game/Text/LIB_Text",
      "ClassName": "LIB_Text_C",
      "Outer": 43,
      "ObjectName": "Default__LIB_Text_C"
    },
    {
      "ObjectIndex": 30,
      "Type": "Import",
      "ClassPackage": "/Script/MovieScene",
      "ClassName": "MovieScene",
      "Outer": 46,
      "ObjectName": "Default__MovieScene"
    },
    {
      "ObjectIndex": 31,
      "Type": "Import",
      "ClassPackage": "/Script/UMG",
      "ClassName": "MovieScene2DTransformSection",
      "Outer": 48,
      "ObjectName": "Default__MovieScene2DTransformSection"
    },
    {
      "ObjectIndex": 32,
      "Type": "Import",
      "ClassPackage": "/Script/UMG",
      "ClassName": "MovieScene2DTransformTrack",
      "Outer": 48,
      "ObjectName": "Default__MovieScene2DTransformTrack"
    },
    {
      "ObjectIndex": 33,
      "Type": "Import",
      "ClassPackage": "/Script/MovieScene",
      "ClassName": "MovieSceneBuiltInEasingFunction",
      "Outer": 37,
      "ObjectName": "EaseInFunction"
    },
    {
      "ObjectIndex": 34,
      "Type": "Import",
      "ClassPackage": "/Script/MovieScene",
      "ClassName": "MovieSceneBuiltInEasingFunction",
      "Outer": 37,
      "ObjectName": "EaseOutFunction"
    },
    {
      "ObjectIndex": 35,
      "Type": "Import",
      "ClassPackage": "/Script/MovieScene",
      "ClassName": "MovieSceneBuiltInEasingFunction",
      "Outer": 31,
      "ObjectName": "EaseInFunction"
    },
    {
      "ObjectIndex": 36,
      "Type": "Import",
      "ClassPackage": "/Script/MovieScene",
      "ClassName": "MovieSceneBuiltInEasingFunction",
      "Outer": 31,
      "ObjectName": "EaseOutFunction"
    },
    {
      "ObjectIndex": 37,
      "Type": "Import",
      "ClassPackage": "/Script/MovieSceneTracks",
      "ClassName": "MovieSceneColorSection",
      "Outer": 47,
      "ObjectName": "Default__MovieSceneColorSection"
    },
    {
      "ObjectIndex": 38,
      "Type": "Import",
      "ClassPackage": "/Script/MovieSceneTracks",
      "ClassName": "MovieSceneColorTrack",
      "Outer": 47,
      "ObjectName": "Default__MovieSceneColorTrack"
    },
    {
      "ObjectIndex": 39,
      "Type": "Import",
      "ClassPackage": "/Script/MovieScene",
      "ClassName": "MovieSceneCompiledData",
      "Outer": 46,
      "ObjectName": "Default__MovieSceneCompiledData"
    },
    {
      "ObjectIndex": 40,
      "Type": "Import",
      "ClassPackage": "/Script/UMG",
      "ClassName": "Overlay",
      "Outer": 48,
      "ObjectName": "Default__Overlay"
    },
    {
      "ObjectIndex": 41,
      "Type": "Import",
      "ClassPackage": "/Script/UMG",
      "ClassName": "OverlaySlot",
      "Outer": 48,
      "ObjectName": "Default__OverlaySlot"
    },
    {
      "ObjectIndex": 42,
      "Type": "Import",
      "ClassPackage": "/Script/CoreUObject",
      "ClassName": "Package",
      "ObjectName": "/Game/Art/Fonts/Rift_Soft"
    },
    {
      "ObjectIndex": 43,
      "Type": "Import",
      "ClassPackage": "/Script/CoreUObject",
      "ClassName": "Package",
      "ObjectName": "/Game/Game/Text/LIB_Text"
    },
    {
      "ObjectIndex": 44,
      "Type": "Import",
      "ClassPackage": "/Script/CoreUObject",
      "ClassName": "Package",
      "ObjectName": "/Script/CoreUObject"
    },
    {
      "ObjectIndex": 45,
      "Type": "Import",
      "ClassPackage": "/Script/CoreUObject",
      "ClassName": "Package",
      "ObjectName": "/Script/Engine"
    },
    {
      "ObjectIndex": 46,
      "Type": "Import",
      "ClassPackage": "/Script/CoreUObject",
      "ClassName": "Package",
      "ObjectName": "/Script/MovieScene"
    },
    {
      "ObjectIndex": 47,
      "Type": "Import",
      "ClassPackage": "/Script/CoreUObject",
      "ClassName": "Package",
      "ObjectName": "/Script/MovieSceneTracks"
    },
    {
      "ObjectIndex": 48,
      "Type": "Import",
      "ClassPackage": "/Script/CoreUObject",
      "ClassName": "Package",
      "ObjectName": "/Script/UMG"
    },
    {
      "ObjectIndex": 49,
      "Type": "Import",
      "ClassPackage": "/Script/UMG",
      "ClassName": "ScaleBox",
      "Outer": 48,
      "ObjectName": "Default__ScaleBox"
    },
    {
      "ObjectIndex": 50,
      "Type": "Import",
      "ClassPackage": "/Script/UMG",
      "ClassName": "ScaleBoxSlot",
      "Outer": 48,
      "ObjectName": "Default__ScaleBoxSlot"
    },
    {
      "ObjectIndex": 51,
      "Type": "Import",
      "ClassPackage": "/Script/CoreUObject",
      "ClassName": "ScriptStruct",
      "Outer": 45,
      "ObjectName": "PointerToUberGraphFrame"
    },
    {
      "ObjectIndex": 52,
      "Type": "Import",
      "ClassPackage": "/Script/UMG",
      "ClassName": "TextBlock",
      "Outer": 48,
      "ObjectName": "Default__TextBlock"
    },
    {
      "ObjectIndex": 53,
      "Type": "Import",
      "ClassPackage": "/Script/UMG",
      "ClassName": "UserWidget",
      "Outer": 48,
      "ObjectName": "Default__UserWidget"
    },
    {
      "ObjectIndex": 54,
      "Type": "Import",
      "ClassPackage": "/Script/UMG",
      "ClassName": "WidgetAnimation",
      "Outer": 48,
      "ObjectName": "Default__WidgetAnimation"
    },
    {
      "ObjectIndex": 55,
      "Type": "Import",
      "ClassPackage": "/Script/UMG",
      "ClassName": "WidgetBlueprintGeneratedClass",
      "Outer": 48,
      "ObjectName": "Default__WidgetBlueprintGeneratedClass"
    },
    {
      "ObjectIndex": 56,
      "Type": "Import",
      "ClassPackage": "/Script/UMG",
      "ClassName": "WidgetTree",
      "Outer": 48,
      "ObjectName": "Default__WidgetTree"
    },
    {
      "ObjectIndex": 57,
      "Type": "Export",
      "ObjectMark": "$AssetObject$"
    },
    {
      "ObjectIndex": 58,
      "Type": "Export",
      "ObjectClass": 57,
      "Outer": -1,
      "ObjectName": "Default__TextField_SeeThrough_C",
      "ObjectFlags": 57,
      "Properties": {
        "UberGraphFrame": {},
        "Texts": [
          "NSLOCTEXT(\"\" , \"659F86C14FC51F0A934A859EDA3ABAF2\" , \"DRG: Together, We Stand Tall!\")",
          "NSLOCTEXT(\"\" , \"363E701C4F810863EAECE5B33A2ED92D\" , \"\\\"Hard work is the at the core of every red-blooded dwarf. Are you the best dwarf you can be?\\\"\")",
          "NSLOCTEXT(\"\" , \"C140D1C4444CEEEB4F15769911184114\" , \"\\\"Dig together - or dig your own grave!\\\"\")",
          "NSLOCTEXT(\"\" , \"6F044BB848EBDA1BC56FFDB90965B4FA\" , \"PSA: The shooting range is currently closed for maintenance. Management urges employees not to train their firearms usage elsewhere on the station.\")",
          "NSLOCTEXT(\"\" , \"F5CFF694499CD7425AC544B56CEEEF7C\" , \"\\\"Nothing good ever comes easy!\\\"\")",
          "NSLOCTEXT(\"\" , \"2D1BCB69403D99F5ABA977A5E7B2369D\" , \"\\\"There can be no success where there is no pride!\\\"\")",
          "NSLOCTEXT(\"\" , \"AF7E17B94BEF9F5D2EC2C5AC298BCE5E\" , \"\\\"Work hard! Stay determined!\\\"\")",
          "NSLOCTEXT(\"\" , \"8C3323D3428700822F62DBBD02BD410D\" , \"\\\"Worse than failing is to never have tried in the first place!\\\"\")",
          "NSLOCTEXT(\"\" , \"7F51D56947605850904AA5B96ACE4C34\" , \"\\\"Yes, You Can!\\\"\")",
          "NSLOCTEXT(\"\" , \"F4DC306C4D7F88FE61461FBA54E280E9\" , \"\\\"A Dwarf sees farther while standing on the shoulders of Giants!\\\"\")",
          "NSLOCTEXT(\"\" , \"B022254E4A8509B5A4B60C88547933AD\" , \"DRG: Together, We Forge Tomorrow.\")",
          "NSLOCTEXT(\"\" , \"576744574A991EF34C550EAB593CBB7C\" , \"PSA: Remember, company resources are not to be spent frivolously! Conserve your ammunition! Maintain your gear!\")",
          "NSLOCTEXT(\"\" , \"E7463CB8457274C844EC6E82D93634CC\" , \"DRG: Brotherhood. Challenge. Profit.\")",
          "NSLOCTEXT(\"\" , \"0912E0854B479D44669586ABBD8F6FEA\" , \"\\\"Work together, or die alone. Hoxxes is not your friend!\\\"\")",
          "NSLOCTEXT(\"\" , \"4244CE9148B8905A6F7B8D87E8477672\" , \"PSA: Breakfast is cancelled. The bacon-shuttle is delayed.\")",
          "NSLOCTEXT(\"\" , \"BF335478440D95B87C4D7F9E7AEE9869\" , \"PSA: The L4 bathrooms remain closed for extensive maintenance. The clog is not yet cleared.\")",
          "NSLOCTEXT(\"\" , \"1B798D5E4B5DD828B8151A83C3E77B3F\" , \"PSA: A grenade launcher was found left behind in the mess hall. Be safe - please stow all heavy ordnance between missions.\")",
          "NSLOCTEXT(\"\" , \"2D6116584500D086F81045BB2C295021\" , \"PSA: All firearms are to remain holstered or stowed at all times on board the Space Rig.\")",
          "NSLOCTEXT(\"\" , \"DC7D27E1465D8DFE1A055FA92E6527D2\" , \"PSA: No loud music allowed between the hours 2200-0700.\")",
          "NSLOCTEXT(\"\" , \"0A65FD63403FF8E2E92DE29567655C46\" , \"PSA: Hygiene is important. Please shower at least once every 30 orbital cycles.\")",
          "NSLOCTEXT(\"\" , \"BC752D3842589EB58137D2B017CF5E33\" , \"PSA: Flush after going to the bathroom. Let us not have a repeat of the Incident.\")",
          "NSLOCTEXT(\"\" , \"79F55F3945D00CA3F38F98B8B2088EEC\" , \"PSA: Morkite Ale is once again stocked at the Abyss Bar!\")",
          "NSLOCTEXT(\"\" , \"0E9CBE1C48990EA84D67079DB5B1B126\" , \"PSA: The Employee of the Month Initiative is starting up again! Will it be you?\")",
          "NSLOCTEXT(\"\" , \"E82365B2495912F596DA23ABD0815AC7\" , \"PSA: Your Loadout can be customized and upgraded from the Select Class terminal in your personal quarters.\")",
          "NSLOCTEXT(\"\" , \"5BE527A9487ED7A461EAEC89D892C444\" , \"PSA: The M.U.L.E. units are neither sentient nor pets. Calling them \\\"Molly\\\" will not impact the MULE unit\\'s programming.\")",
          "NSLOCTEXT(\"\" , \"81BBB07C442CFF561D978D8518E85234\" , \"PSA: Maintenance urges employees to not attempt entering the exhaust port at the top of the hangar.\")",
          "NSLOCTEXT(\"\" , \"F62A6D90427540127B482092D4CF898C\" , \"PSA: Are you reading this? Then you\\'re the kind of player we want for the exclusive \\\"Regulars\\\"-group on Discord! Sign up now!\")",
          "NSLOCTEXT(\"\" , \"EE403E22403DE03A5E866EA8707694ED\" , \"PSA: Are you reading this? Then you\\'re the kind of player we want for the exclusive \\\"Regulars\\\"-group on Discord! Sign up now!\")",
          "NSLOCTEXT(\"\" , \"EE5660F842A7BB0B431F4D94F4CDB9DC\" , \"PSA: Morkite Ale! It\\'s got what dwarves crave!\")",
          "NSLOCTEXT(\"\" , \"B9B7138743DF6FFEFBDDA891F737F252\" , \"PSA: Thanks to the efforts of our employees, we are now serving Glyphid Omelettes in the mess hall!\")"
        ],
        "TextSize": 25,
        "$ReferencedObjects": []
      }
    },
    {
      "ObjectIndex": 59,
      "Type": "Export",
      "ObjectClass": 11,
      "Outer": 79,
      "ObjectName": "Border_0",
      "ObjectFlags": 8,
      "Properties": {
        "Padding": {
          "Left": 0.0,
          "Top": 0.0,
          "Right": 0.0,
          "Bottom": 0.0
        },
        "Background": {
          "ImageSize": {
            "X": 128.0,
            "Y": 128.0
          }
        },
        "BrushColor": {
          "R": 1.0,
          "G": 0.0,
          "B": 0.0,
          "A": 0.2
        },
        "Slot": 73,
        "bIsVariable": true,
        "$ReferencedObjects": [
          73
        ]
      }
    },
    {
      "ObjectIndex": 60,
      "Type": "Export",
      "ObjectClass": 12,
      "Outer": 79,
      "ObjectName": "CanvasPanel_0",
      "ObjectFlags": 8,
      "Properties": {
        "Slots": [
          61
        ],
        "$ReferencedObjects": [
          61
        ]
      }
    },
    {
      "ObjectIndex": 61,
      "Type": "Export",
      "ObjectClass": 13,
      "Outer": 60,
      "ObjectName": "CanvasPanelSlot_0",
      "ObjectFlags": 8,
      "Properties": {
        "LayoutData": {
          "Offsets": {
            "Left": 10.0,
            "Right": 10.0,
            "Bottom": 29.5
          },
          "Anchors": {
            "Minimum": {
              "X": 0.0,
              "Y": 0.5
            },
            "Maximum": {
              "X": 1.0,
              "Y": 0.5
            }
          },
          "Alignment": {
            "X": 0.5,
            "Y": 0.5
          }
        },
        "bAutoSize": true,
        "Parent": 60,
        "Content": 75,
        "$ReferencedObjects": [
          60,
          75
        ]
      }
    },
    {
      "ObjectIndex": 62,
      "Type": "Export",
      "ObjectClass": 6,
      "Outer": 78,
      "ObjectName": "TextAnim",
      "ObjectFlags": 8,
      "Properties": {
        "Possessables": [
          {
            "Tags": [],
            "Guid": {
              "A": 1956216125,
              "B": 1095899617,
              "C": -1196202837,
              "D": 463735284
            },
            "Name": "TXT_Main",
            "PossessedObjectClass": 20,
            "ParentGuid": {
              "A": 0,
              "B": 0,
              "C": 0,
              "D": 0
            }
          }
        ],
        "ObjectBindings": [
          {
            "ObjectGuid": {
              "A": 1956216125,
              "B": 1095899617,
              "C": -1196202837,
              "D": 463735284
            },
            "BindingName": "TextBlock_145",
            "Tracks": [
              64,
              70
            ]
          }
        ],
        "PlaybackRange": {
          "LowerBound": {
            "Type": "Inclusive",
            "Value": 0
          },
          "UpperBound": {
            "Type": "Exclusive",
            "Value": 480001
          }
        },
        "DisplayRate": {
          "Numerator": 20000,
          "Denominator": 1000
        },
        "Signature": {
          "A": 1327626195,
          "B": 1268537228,
          "C": -1630766975,
          "D": -43268364
        },
        "$ReferencedObjects": [
          20,
          64,
          70
        ]
      }
    },
    {
      "ObjectIndex": 63,
      "Type": "Export",
      "ObjectClass": 14,
      "Outer": 64,
      "ObjectName": "MovieScene2DTransformSection_0",
      "ObjectFlags": 8,
      "Properties": {
        "Easing": {
          "EaseIn": 65,
          "EaseOut": 66
        },
        "EvalOptions": {
          "CompletionMode": "EMovieSceneCompletionMode::KeepState"
        },
        "SectionRange": {
          "LowerBound": {
            "Type": "Inclusive",
            "Value": 0
          },
          "UpperBound": {
            "Type": "Exclusive",
            "Value": 480001
          }
        },
        "Signature": {
          "A": -1327165045,
          "B": 1127952066,
          "C": -761269314,
          "D": -1822252110
        },
        "Translation": [
          {
            "PreInfinityExtrap": "RCCE_Constant",
            "PostInfinityExtrap": "RCCE_Constant",
            "Times": [
              {
                "Value": 0
              },
              {
                "Value": 60000
              },
              {
                "Value": 419999
              },
              {
                "Value": 479999
              }
            ],
            "Values": [
              {
                "Value": -200.00002,
                "Tangent": {
                  "ArriveTangent": 0.0072085797,
                  "LeaveTangent": 0.0072078253,
                  "ArriveTangentWeight": 0.0,
                  "LeaveTangentWeight": 0.0,
                  "TangentWeightMode": "RCTWM_WeightedNone"
                },
                "InterpMode": "RCIM_Cubic",
                "TangentMode": "RCTM_User",
                "PaddingByte": 0
              },
              {
                "Value": 5.0,
                "Tangent": {
                  "ArriveTangent": 0.0,
                  "LeaveTangent": 0.0,
                  "ArriveTangentWeight": 0.0,
                  "LeaveTangentWeight": 0.0,
                  "TangentWeightMode": "RCTWM_WeightedNone"
                },
                "InterpMode": "RCIM_Cubic",
                "TangentMode": "RCTM_User",
                "PaddingByte": 0
              },
              {
                "Value": 5.0,
                "Tangent": {
                  "ArriveTangent": 0.0,
                  "LeaveTangent": 0.0,
                  "ArriveTangentWeight": 0.0,
                  "LeaveTangentWeight": 0.0,
                  "TangentWeightMode": "RCTWM_WeightedNone"
                },
                "InterpMode": "RCIM_Cubic",
                "TangentMode": "RCTM_User",
                "PaddingByte": 0
              },
              {
                "Value": 200.00002,
                "Tangent": {
                  "ArriveTangent": 0.007944228,
                  "LeaveTangent": 0.007944249,
                  "ArriveTangentWeight": 0.0,
                  "LeaveTangentWeight": 0.0,
                  "TangentWeightMode": "RCTWM_WeightedNone"
                },
                "InterpMode": "RCIM_Cubic",
                "TangentMode": "RCTM_User",
                "PaddingByte": 0
              }
            ],
            "DefaultValue": 0.0,
            "bHasDefaultValue": false,
            "TickResolution": {
              "Numerator": 60000,
              "Denominator": 1
            }
          },
          {
            "PreInfinityExtrap": "RCCE_Constant",
            "PostInfinityExtrap": "RCCE_Constant",
            "Times": [],
            "Values": [],
            "DefaultValue": 0.0,
            "bHasDefaultValue": false,
            "TickResolution": {
              "Numerator": 60000,
              "Denominator": 1
            }
          }
        ],
        "$ReferencedObjects": [
          65,
          66
        ]
      }
    },
    {
      "ObjectIndex": 64,
      "Type": "Export",
      "ObjectClass": 15,
      "Outer": 62,
      "ObjectName": "MovieScene2DTransformTrack_0",
      "ObjectFlags": 8,
      "Properties": {
        "PropertyBinding": {
          "PropertyName": "RenderTransform",
          "PropertyPath": "RenderTransform",
          "bCanUseClassLookup": true
        },
        "Sections": [
          63
        ],
        "EvalOptions": {
          "bEvalNearestSection": true
        },
        "EvaluationFieldGuid": {
          "A": -489710041,
          "B": 1289045264,
          "C": 1087535551,
          "D": -791808344
        },
        "EvaluationField": {
          "Entries": [
            {
              "Section": 63,
              "Range": {
                "LowerBound": {
                  "Type": "ERangeBoundTypes::Open",
                  "Value": {
                    "Value": 0
                  }
                },
                "UpperBound": {
                  "Type": "ERangeBoundTypes::Exclusive",
                  "Value": {
                    "Value": 0
                  }
                }
              },
              "ForcedTime": {
                "Value": -1
              },
              "Flags": "ESectionEvaluationFlags::None",
              "LegacySortOrder": 0
            },
            {
              "Section": 63,
              "Range": {
                "LowerBound": {
                  "Type": "ERangeBoundTypes::Inclusive",
                  "Value": {
                    "Value": 0
                  }
                },
                "UpperBound": {
                  "Type": "ERangeBoundTypes::Exclusive",
                  "Value": {
                    "Value": 480001
                  }
                }
              },
              "ForcedTime": {
                "Value": -2147483648
              },
              "Flags": "ESectionEvaluationFlags::None",
              "LegacySortOrder": 0
            },
            {
              "Section": 63,
              "Range": {
                "LowerBound": {
                  "Type": "ERangeBoundTypes::Inclusive",
                  "Value": {
                    "Value": 480001
                  }
                },
                "UpperBound": {
                  "Type": "ERangeBoundTypes::Open",
                  "Value": {
                    "Value": 0
                  }
                }
              },
              "ForcedTime": {
                "Value": 480001
              },
              "Flags": "ESectionEvaluationFlags::None",
              "LegacySortOrder": 0
            }
          ]
        },
        "Signature": {
          "A": -489710041,
          "B": 1289045264,
          "C": 1087535551,
          "D": -791808344
        },
        "$ReferencedObjects": [
          63
        ]
      }
    },
    {
      "ObjectIndex": 65,
      "Type": "Export",
      "ObjectClass": 7,
      "Outer": 63,
      "ObjectName": "EaseInFunction",
      "ObjectFlags": 262153,
      "Properties": {
        "$ReferencedObjects": []
      }
    },
    {
      "ObjectIndex": 66,
      "Type": "Export",
      "ObjectClass": 7,
      "Outer": 63,
      "ObjectName": "EaseOutFunction",
      "ObjectFlags": 262153,
      "Properties": {
        "$ReferencedObjects": []
      }
    },
    {
      "ObjectIndex": 67,
      "Type": "Export",
      "ObjectClass": 7,
      "Outer": 69,
      "ObjectName": "EaseInFunction",
      "ObjectFlags": 262153,
      "Properties": {
        "$ReferencedObjects": []
      }
    },
    {
      "ObjectIndex": 68,
      "Type": "Export",
      "ObjectClass": 7,
      "Outer": 69,
      "ObjectName": "EaseOutFunction",
      "ObjectFlags": 262153,
      "Properties": {
        "$ReferencedObjects": []
      }
    },
    {
      "ObjectIndex": 69,
      "Type": "Export",
      "ObjectClass": 9,
      "Outer": 70,
      "ObjectName": "MovieSceneColorSection_0",
      "ObjectFlags": 8,
      "Properties": {
        "AlphaCurve": {
          "PreInfinityExtrap": "RCCE_Constant",
          "PostInfinityExtrap": "RCCE_Constant",
          "Times": [
            {
              "Value": 18000
            },
            {
              "Value": 60000
            },
            {
              "Value": 419999
            },
            {
              "Value": 462000
            }
          ],
          "Values": [
            {
              "Value": 0.0,
              "Tangent": {
                "ArriveTangent": 3.8025166E-05,
                "LeaveTangent": 3.8025202E-05,
                "ArriveTangentWeight": 0.0,
                "LeaveTangentWeight": 0.0,
                "TangentWeightMode": "RCTWM_WeightedNone"
              },
              "InterpMode": "RCIM_Cubic",
              "TangentMode": "RCTM_User",
              "PaddingByte": 0
            },
            {
              "Value": 1.0,
              "Tangent": {
                "ArriveTangent": 0.0,
                "LeaveTangent": 0.0,
                "ArriveTangentWeight": 0.0,
                "LeaveTangentWeight": 0.0,
                "TangentWeightMode": "RCTWM_WeightedNone"
              },
              "InterpMode": "RCIM_Cubic",
              "TangentMode": "RCTM_User",
              "PaddingByte": 0
            },
            {
              "Value": 1.0075,
              "Tangent": {
                "ArriveTangent": 0.0,
                "LeaveTangent": 0.0,
                "ArriveTangentWeight": 0.0,
                "LeaveTangentWeight": 0.0,
                "TangentWeightMode": "RCTWM_WeightedNone"
              },
              "InterpMode": "RCIM_Cubic",
              "TangentMode": "RCTM_User",
              "PaddingByte": 0
            },
            {
              "Value": 0.0,
              "Tangent": {
                "ArriveTangent": -3.37237E-05,
                "LeaveTangent": -3.37237E-05,
                "ArriveTangentWeight": 0.0,
                "LeaveTangentWeight": 0.0,
                "TangentWeightMode": "RCTWM_WeightedNone"
              },
              "InterpMode": "RCIM_Cubic",
              "TangentMode": "RCTM_User",
              "PaddingByte": 0
            }
          ],
          "DefaultValue": 0.0,
          "bHasDefaultValue": false,
          "TickResolution": {
            "Numerator": 60000,
            "Denominator": 1
          }
        },
        "EvalOptions": {
          "CompletionMode": "EMovieSceneCompletionMode::KeepState"
        },
        "Easing": {
          "EaseIn": 67,
          "EaseOut": 68
        },
        "SectionRange": {
          "LowerBound": {
            "Type": "Inclusive",
            "Value": 0
          },
          "UpperBound": {
            "Type": "Exclusive",
            "Value": 480001
          }
        },
        "Signature": {
          "A": 115558901,
          "B": 1104459899,
          "C": -1843852127,
          "D": -1628592967
        },
        "$ReferencedObjects": [
          67,
          68
        ]
      }
    },
    {
      "ObjectIndex": 70,
      "Type": "Export",
      "ObjectClass": 10,
      "Outer": 62,
      "ObjectName": "MovieSceneColorTrack_0",
      "ObjectFlags": 8,
      "Properties": {
        "PropertyBinding": {
          "PropertyName": "ColorAndOpacity",
          "PropertyPath": "ColorAndOpacity",
          "bCanUseClassLookup": true
        },
        "Sections": [
          69
        ],
        "EvalOptions": {
          "bEvalNearestSection": true
        },
        "EvaluationFieldGuid": {
          "A": 515103164,
          "B": 1088955076,
          "C": -168380002,
          "D": 555961222
        },
        "EvaluationField": {
          "Entries": [
            {
              "Section": 69,
              "Range": {
                "LowerBound": {
                  "Type": "ERangeBoundTypes::Open",
                  "Value": {
                    "Value": 0
                  }
                },
                "UpperBound": {
                  "Type": "ERangeBoundTypes::Exclusive",
                  "Value": {
                    "Value": 0
                  }
                }
              },
              "ForcedTime": {
                "Value": -1
              },
              "Flags": "ESectionEvaluationFlags::None",
              "LegacySortOrder": 0
            },
            {
              "Section": 69,
              "Range": {
                "LowerBound": {
                  "Type": "ERangeBoundTypes::Inclusive",
                  "Value": {
                    "Value": 0
                  }
                },
                "UpperBound": {
                  "Type": "ERangeBoundTypes::Exclusive",
                  "Value": {
                    "Value": 480001
                  }
                }
              },
              "ForcedTime": {
                "Value": -2147483648
              },
              "Flags": "ESectionEvaluationFlags::None",
              "LegacySortOrder": 0
            },
            {
              "Section": 69,
              "Range": {
                "LowerBound": {
                  "Type": "ERangeBoundTypes::Inclusive",
                  "Value": {
                    "Value": 480001
                  }
                },
                "UpperBound": {
                  "Type": "ERangeBoundTypes::Open",
                  "Value": {
                    "Value": 0
                  }
                }
              },
              "ForcedTime": {
                "Value": 480001
              },
              "Flags": "ESectionEvaluationFlags::None",
              "LegacySortOrder": 0
            }
          ]
        },
        "Signature": {
          "A": 515103164,
          "B": 1088955076,
          "C": -168380002,
          "D": 555961222
        },
        "$ReferencedObjects": [
          69
        ]
      }
    },
    {
      "ObjectIndex": 71,
      "Type": "Export",
      "ObjectClass": 8,
      "Outer": 78,
      "ObjectName": "CompiledData",
      "ObjectFlags": 0,
      "Properties": {
        "EntityComponentField": {
          "PersistentEntityTree": {
            "SerializedData": {
              "RootNode": {
                "Range": {
                  "LowerBound": {
                    "Type": "Open",
                    "Value": {
                      "Value": 0
                    }
                  },
                  "UpperBound": {
                    "Type": "Open",
                    "Value": {
                      "Value": 0
                    }
                  }
                },
                "Parent": {
                  "ChildrenHandle": {
                    "EntryIndex": -1
                  },
                  "Index": -1
                },
                "ChildrenID": {
                  "EntryIndex": 0
                },
                "DataID": {
                  "EntryIndex": -1
                }
              },
              "ChildNodes": {
                "Entries": [
                  {
                    "StartIndex": 0,
                    "Size": 3,
                    "Capacity": 3
                  }
                ],
                "Items": [
                  {
                    "Range": {
                      "LowerBound": {
                        "Type": "Open",
                        "Value": {
                          "Value": 0
                        }
                      },
                      "UpperBound": {
                        "Type": "Exclusive",
                        "Value": {
                          "Value": 0
                        }
                      }
                    },
                    "Parent": {
                      "ChildrenHandle": {
                        "EntryIndex": -1
                      },
                      "Index": 0
                    },
                    "ChildrenID": {
                      "EntryIndex": -1
                    },
                    "DataID": {
                      "EntryIndex": 0
                    }
                  },
                  {
                    "Range": {
                      "LowerBound": {
                        "Type": "Inclusive",
                        "Value": {
                          "Value": 0
                        }
                      },
                      "UpperBound": {
                        "Type": "Exclusive",
                        "Value": {
                          "Value": 480001
                        }
                      }
                    },
                    "Parent": {
                      "ChildrenHandle": {
                        "EntryIndex": -1
                      },
                      "Index": 0
                    },
                    "ChildrenID": {
                      "EntryIndex": -1
                    },
                    "DataID": {
                      "EntryIndex": 1
                    }
                  },
                  {
                    "Range": {
                      "LowerBound": {
                        "Type": "Inclusive",
                        "Value": {
                          "Value": 480001
                        }
                      },
                      "UpperBound": {
                        "Type": "Open",
                        "Value": {
                          "Value": 0
                        }
                      }
                    },
                    "Parent": {
                      "ChildrenHandle": {
                        "EntryIndex": -1
                      },
                      "Index": 0
                    },
                    "ChildrenID": {
                      "EntryIndex": -1
                    },
                    "DataID": {
                      "EntryIndex": 2
                    }
                  }
                ]
              },
              "Data": {
                "Entries": [
                  {
                    "StartIndex": 0,
                    "Size": 2,
                    "Capacity": 2
                  },
                  {
                    "StartIndex": 2,
                    "Size": 2,
                    "Capacity": 2
                  },
                  {
                    "StartIndex": 4,
                    "Size": 2,
                    "Capacity": 2
                  }
                ],
                "Items": [
                  {
                    "EntityIndex": 0,
                    "MetaDataIndex": 0
                  },
                  {
                    "EntityIndex": 1,
                    "MetaDataIndex": 2
                  },
                  {
                    "EntityIndex": 0,
                    "MetaDataIndex": -1
                  },
                  {
                    "EntityIndex": 1,
                    "MetaDataIndex": -1
                  },
                  {
                    "EntityIndex": 0,
                    "MetaDataIndex": 1
                  },
                  {
                    "EntityIndex": 1,
                    "MetaDataIndex": 3
                  }
                ]
              }
            }
          },
          "Entities": [
            {
              "Key": {
                "EntityOwner": 63,
                "EntityID": 0
              },
              "SharedMetaDataIndex": 0
            },
            {
              "Key": {
                "EntityOwner": 69,
                "EntityID": 0
              },
              "SharedMetaDataIndex": 1
            }
          ],
          "EntityMetaData": [
            {
              "ForcedTime": {
                "Value": -1
              },
              "Flags": "ESectionEvaluationFlags::None",
              "bEvaluateInSequencePreRoll": false,
              "bEvaluateInSequencePostRoll": false
            },
            {
              "ForcedTime": {
                "Value": 480001
              },
              "Flags": "ESectionEvaluationFlags::None",
              "bEvaluateInSequencePreRoll": false,
              "bEvaluateInSequencePostRoll": false
            },
            {
              "ForcedTime": {
                "Value": -1
              },
              "Flags": "ESectionEvaluationFlags::None",
              "bEvaluateInSequencePreRoll": false,
              "bEvaluateInSequencePostRoll": false
            },
            {
              "ForcedTime": {
                "Value": 480001
              },
              "Flags": "ESectionEvaluationFlags::None",
              "bEvaluateInSequencePreRoll": false,
              "bEvaluateInSequencePostRoll": false
            }
          ],
          "SharedMetaData": [
            {
              "ObjectBindingID": {
                "A": 1956216125,
                "B": 1095899617,
                "C": -1196202837,
                "D": 463735284
              }
            },
            {
              "ObjectBindingID": {
                "A": 1956216125,
                "B": 1095899617,
                "C": -1196202837,
                "D": 463735284
              }
            }
          ]
        },
        "DeterminismFences": [
          {
            "FrameNumber": {
              "Value": 480001
            },
            "SubFrame": 0.0
          }
        ],
        "CompiledSignature": {
          "A": -216022812,
          "B": 1214049940,
          "C": 130358656,
          "D": 110908126
        },
        "CompilerVersion": {
          "A": 2102106121,
          "B": 799820395,
          "C": -1773219982,
          "D": -668492040
        },
        "AccumulatedMask": {
          "bEntityComponentField": true
        },
        "AllocatedMask": {
          "bEntityComponentField": true
        },
        "$ReferencedObjects": [
          63,
          69
        ]
      }
    },
    {
      "ObjectIndex": 72,
      "Type": "Export",
      "ObjectClass": 16,
      "Outer": 79,
      "ObjectName": "Overlay_0",
      "ObjectFlags": 8,
      "Properties": {
        "Slots": [
          73,
          74
        ],
        "Slot": 76,
        "$ReferencedObjects": [
          73,
          74,
          76
        ]
      }
    },
    {
      "ObjectIndex": 73,
      "Type": "Export",
      "ObjectClass": 17,
      "Outer": 72,
      "ObjectName": "OverlaySlot_0",
      "ObjectFlags": 8,
      "Properties": {
        "HorizontalAlignment": "HAlign_Fill",
        "VerticalAlignment": "VAlign_Fill",
        "Parent": 72,
        "Content": 59,
        "$ReferencedObjects": [
          72,
          59
        ]
      }
    },
    {
      "ObjectIndex": 74,
      "Type": "Export",
      "ObjectClass": 17,
      "Outer": 72,
      "ObjectName": "OverlaySlot_1",
      "ObjectFlags": 8,
      "Properties": {
        "HorizontalAlignment": "HAlign_Fill",
        "VerticalAlignment": "VAlign_Fill",
        "Parent": 72,
        "Content": 77,
        "$ReferencedObjects": [
          72,
          77
        ]
      }
    },
    {
      "ObjectIndex": 75,
      "Type": "Export",
      "ObjectClass": 18,
      "Outer": 79,
      "ObjectName": "ScaleBox_0",
      "ObjectFlags": 8,
      "Properties": {
        "StretchDirection": "EStretchDirection::DownOnly",
        "Slots": [
          76
        ],
        "Slot": 61,
        "$ReferencedObjects": [
          76,
          61
        ]
      }
    },
    {
      "ObjectIndex": 76,
      "Type": "Export",
      "ObjectClass": 19,
      "Outer": 75,
      "ObjectName": "ScaleBoxSlot_0",
      "ObjectFlags": 8,
      "Properties": {
        "HorizontalAlignment": "HAlign_Fill",
        "Parent": 75,
        "Content": 72,
        "$ReferencedObjects": [
          75,
          72
        ]
      }
    },
    {
      "ObjectIndex": 77,
      "Type": "Export",
      "ObjectClass": 20,
      "Outer": 79,
      "ObjectName": "TXT_Main",
      "ObjectFlags": 8,
      "Properties": {
        "Text": "INVTEXT(\"Text Goes Here\")",
        "ColorAndOpacity": {
          "SpecifiedColor": {
            "R": 1.0,
            "G": 0.849616,
            "B": 0.454739,
            "A": 1.0
          }
        },
        "Font": {
          "FontObject": 26,
          "OutlineSettings": {
            "OutlineSize": 2,
            "bApplyOutlineToDropShadows": true,
            "OutlineColor": {
              "R": 0.036458,
              "G": 0.018251,
              "B": 0.005531,
              "A": 1.0
            }
          },
          "TypefaceFontName": "Rift Soft Bold",
          "Size": 25
        },
        "ShadowOffset": {
          "X": 0.0,
          "Y": 1.0
        },
        "ShadowColorAndOpacity": {
          "R": 0.035601,
          "G": 0.017642,
          "B": 0.005182,
          "A": 1.0
        },
        "Justification": "ETextJustify::Center",
        "Margin": {
          "Top": -2.0,
          "Bottom": 2.0
        },
        "Slot": 74,
        "bIsVariable": true,
        "$ReferencedObjects": [
          26,
          74
        ]
      }
    },
    {
      "ObjectIndex": 78,
      "Type": "Export",
      "ObjectClass": 22,
      "Outer": 57,
      "ObjectName": "TextAnim_INST",
      "ObjectFlags": 8,
      "Properties": {
        "MovieScene": 62,
        "AnimationBindings": [
          {
            "WidgetName": "TXT_Main",
            "SlotWidgetName": "None",
            "AnimationGuid": {
              "A": 1956216125,
              "B": 1095899617,
              "C": -1196202837,
              "D": 463735284
            },
            "bIsRootWidget": false
          }
        ],
        "bLegacyFinishOnStop": false,
        "CompiledData": 71,
        "Signature": {
          "A": -216022812,
          "B": 1214049940,
          "C": 130358656,
          "D": 110908126
        },
        "$ReferencedObjects": [
          62,
          71
        ]
      }
    },
    {
      "ObjectIndex": 79,
      "Type": "Export",
      "ObjectClass": 24,
      "Outer": 57,
      "ObjectName": "WidgetTree",
      "ObjectFlags": 8,
      "Properties": {
        "RootWidget": 60,
        "$ReferencedObjects": [
          60
        ]
      }
    }
  ]
}