{
  "AssetClass": "WidgetBlueprint",
  "AssetPackage": "/Game/Art/_TestingGrounds/UItesting/AnimatedStaticOverlay",
  "AssetName": "AnimatedStaticOverlay",
  "AssetSerializedData": {
    "SkipDependecies": false,
    "SuperStruct": 6,
    "Children": [],
    "ChildProperties": [
      {
        "FieldKind": "Property",
        "ObjectClass": "ObjectProperty",
        "ObjectName": "BorderGradient",
        "ArrayDim": 1,
        "PropertyFlags": "562952101429260",
        "RepNotifyFunc": "None",
        "BlueprintReplicationCondition": 0,
        "PropertyClass": 5
      },
      {
        "FieldKind": "Property",
        "ObjectClass": "ObjectProperty",
        "ObjectName": "Static",
        "ArrayDim": 1,
        "PropertyFlags": "562952101429260",
        "RepNotifyFunc": "None",
        "BlueprintReplicationCondition": 0,
        "PropertyClass": 5
      }
    ],
    "ClassFlags": "10754064",
    "ClassWithin": 2,
    "ClassConfigName": "Engine",
    "Interfaces": [],
    "ClassDefaultObject": 20,
    "AssetObjectData": {
      "WidgetTree": 26,
      "SimpleConstructionScript": -1,
      "Animations": [],
      "$ReferencedObjects": [
        26
      ]
    },
    "GeneratedVariableNames": [
      "Static",
      "BorderGradient"
    ]
  },
  "ObjectHierarchy": [
    {
      "ObjectIndex": 0,
      "Type": "Import",
      "ClassPackage": "/Script/UMG",
      "ClassName": "CanvasPanel",
      "Outer": 15,
      "ObjectName": "Default__CanvasPanel"
    },
    {
      "ObjectIndex": 1,
      "Type": "Import",
      "ClassPackage": "/Script/UMG",
      "ClassName": "CanvasPanelSlot",
      "Outer": 15,
      "ObjectName": "Default__CanvasPanelSlot"
    },
    {
      "ObjectIndex": 2,
      "Type": "Import",
      "ClassPackage": "/Script/CoreUObject",
      "ClassName": "Class",
      "Outer": 14,
      "ObjectName": "Object"
    },
    {
      "ObjectIndex": 3,
      "Type": "Import",
      "ClassPackage": "/Script/CoreUObject",
      "ClassName": "Class",
      "Outer": 15,
      "ObjectName": "CanvasPanel"
    },
    {
      "ObjectIndex": 4,
      "Type": "Import",
      "ClassPackage": "/Script/CoreUObject",
      "ClassName": "Class",
      "Outer": 15,
      "ObjectName": "CanvasPanelSlot"
    },
    {
      "ObjectIndex": 5,
      "Type": "Import",
      "ClassPackage": "/Script/CoreUObject",
      "ClassName": "Class",
      "Outer": 15,
      "ObjectName": "Image"
    },
    {
      "ObjectIndex": 6,
      "Type": "Import",
      "ClassPackage": "/Script/CoreUObject",
      "ClassName": "Class",
      "Outer": 15,
      "ObjectName": "UserWidget"
    },
    {
      "ObjectIndex": 7,
      "Type": "Import",
      "ClassPackage": "/Script/CoreUObject",
      "ClassName": "Class",
      "Outer": 15,
      "ObjectName": "WidgetBlueprintGeneratedClass"
    },
    {
      "ObjectIndex": 8,
      "Type": "Import",
      "ClassPackage": "/Script/CoreUObject",
      "ClassName": "Class",
      "Outer": 15,
      "ObjectName": "WidgetTree"
    },
    {
      "ObjectIndex": 9,
      "Type": "Import",
      "ClassPackage": "/Script/UMG",
      "ClassName": "Image",
      "Outer": 15,
      "ObjectName": "Default__Image"
    },
    {
      "ObjectIndex": 10,
      "Type": "Import",
      "ClassPackage": "/Script/Engine",
      "ClassName": "Material",
      "Outer": 12,
      "ObjectName": "AnimatedStatic"
    },
    {
      "ObjectIndex": 11,
      "Type": "Import",
      "ClassPackage": "/Script/Engine",
      "ClassName": "Material",
      "Outer": 13,
      "ObjectName": "BorderGradientOverlay"
    },
    {
      "ObjectIndex": 12,
      "Type": "Import",
      "ClassPackage": "/Script/CoreUObject",
      "ClassName": "Package",
      "ObjectName": "/Game/Art/_TestingGrounds/MaterialPlayground/AnimatedStatic"
    },
    {
      "ObjectIndex": 13,
      "Type": "Import",
      "ClassPackage": "/Script/CoreUObject",
      "ClassName": "Package",
      "ObjectName": "/Game/Art/_TestingGrounds/MaterialPlayground/BorderGradientOverlay"
    },
    {
      "ObjectIndex": 14,
      "Type": "Import",
      "ClassPackage": "/Script/CoreUObject",
      "ClassName": "Package",
      "ObjectName": "/Script/CoreUObject"
    },
    {
      "ObjectIndex": 15,
      "Type": "Import",
      "ClassPackage": "/Script/CoreUObject",
      "ClassName": "Package",
      "ObjectName": "/Script/UMG"
    },
    {
      "ObjectIndex": 16,
      "Type": "Import",
      "ClassPackage": "/Script/UMG",
      "ClassName": "UserWidget",
      "Outer": 15,
      "ObjectName": "Default__UserWidget"
    },
    {
      "ObjectIndex": 17,
      "Type": "Import",
      "ClassPackage": "/Script/UMG",
      "ClassName": "WidgetBlueprintGeneratedClass",
      "Outer": 15,
      "ObjectName": "Default__WidgetBlueprintGeneratedClass"
    },
    {
      "ObjectIndex": 18,
      "Type": "Import",
      "ClassPackage": "/Script/UMG",
      "ClassName": "WidgetTree",
      "Outer": 15,
      "ObjectName": "Default__WidgetTree"
    },
    {
      "ObjectIndex": 19,
      "Type": "Export",
      "ObjectMark": "$AssetObject$"
    },
    {
      "ObjectIndex": 20,
      "Type": "Export",
      "ObjectClass": 19,
      "Outer": -1,
      "ObjectName": "Default__AnimatedStaticOverlay_C",
      "ObjectFlags": 49,
      "Properties": {
        "$ReferencedObjects": []
      }
    },
    {
      "ObjectIndex": 21,
      "Type": "Export",
      "ObjectClass": 3,
      "Outer": 26,
      "ObjectName": "CanvasPanel_0",
      "ObjectFlags": 8,
      "Properties": {
        "Slots": [
          22,
          23
        ],
        "$ReferencedObjects": [
          22,
          23
        ]
      }
    },
    {
      "ObjectIndex": 22,
      "Type": "Export",
      "ObjectClass": 4,
      "Outer": 21,
      "ObjectName": "CanvasPanelSlot_0",
      "ObjectFlags": 8,
      "Properties": {
        "LayoutData": {
          "Offsets": {
            "Right": 0.0,
            "Bottom": 0.0
          },
          "Anchors": {
            "Maximum": {
              "X": 1.0,
              "Y": 1.0
            }
          }
        },
        "ZOrder": 1000,
        "Parent": 21,
        "Content": 25,
        "$ReferencedObjects": [
          21,
          25
        ]
      }
    },
    {
      "ObjectIndex": 23,
      "Type": "Export",
      "ObjectClass": 4,
      "Outer": 21,
      "ObjectName": "CanvasPanelSlot_3",
      "ObjectFlags": 8,
      "Properties": {
        "LayoutData": {
          "Offsets": {
            "Right": 0.0,
            "Bottom": 0.0
          },
          "Anchors": {
            "Maximum": {
              "X": 1.0,
              "Y": 1.0
            }
          }
        },
        "ZOrder": 100,
        "Parent": 21,
        "Content": 24,
        "$ReferencedObjects": [
          21,
          24
        ]
      }
    },
    {
      "ObjectIndex": 24,
      "Type": "Export",
      "ObjectClass": 5,
      "Outer": 26,
      "ObjectName": "BorderGradient",
      "ObjectFlags": 8,
      "Properties": {
        "Brush": {
          "TintColor": {
            "SpecifiedColor": {
              "R": 0.0,
              "G": 0.007635,
              "B": 0.015,
              "A": 0.715
            }
          },
          "ResourceObject": 11
        },
        "Slot": 23,
        "Visibility": "ESlateVisibility::HitTestInvisible",
        "$ReferencedObjects": [
          11,
          23
        ]
      }
    },
    {
      "ObjectIndex": 25,
      "Type": "Export",
      "ObjectClass": 5,
      "Outer": 26,
      "ObjectName": "Static",
      "ObjectFlags": 8,
      "Properties": {
        "Brush": {
          "ResourceObject": 10
        },
        "ColorAndOpacity": {
          "R": 0.1,
          "G": 0.07249,
          "B": 0.041038,
          "A": 1.0
        },
        "Slot": 22,
        "$ReferencedObjects": [
          10,
          22
        ]
      }
    },
    {
      "ObjectIndex": 26,
      "Type": "Export",
      "ObjectClass": 8,
      "Outer": 19,
      "ObjectName": "WidgetTree",
      "ObjectFlags": 8,
      "Properties": {
        "RootWidget": 21,
        "$ReferencedObjects": [
          21
        ]
      }
    }
  ]
}