{
  "AssetClass": "Blueprint",
  "AssetPackage": "/Game/Art/BasicArtAssets/Tech/BP_RadarDish02",
  "AssetName": "BP_RadarDish02",
  "AssetSerializedData": {
    "SkipDependecies": false,
    "SuperStruct": 0,
    "Children": [],
    "ChildProperties": [],
    "ClassFlags": "8652820",
    "ClassWithin": 3,
    "ClassConfigName": "Engine",
    "Interfaces": [],
    "ClassDefaultObject": 27,
    "AssetObjectData": {
      "SimpleConstructionScript": 31,
      "InheritableComponentHandler": 28,
      "$ReferencedObjects": [
        31,
        28
      ]
    },
    "GeneratedVariableNames": []
  },
  "ObjectHierarchy": [
    {
      "ObjectIndex": 0,
      "Type": "Import",
      "ClassPackage": "/Script/Engine",
      "ClassName": "BlueprintGeneratedClass",
      "Outer": 11,
      "ObjectName": "BP_RadarDish01_C"
    },
    {
      "ObjectIndex": 1,
      "Type": "Import",
      "ClassPackage": "/Script/Engine",
      "ClassName": "BlueprintGeneratedClass",
      "Outer": 14,
      "ObjectName": "Default__BlueprintGeneratedClass"
    },
    {
      "ObjectIndex": 2,
      "Type": "Import",
      "ClassPackage": "/Game/Art/BasicArtAssets/Tech/BP_RadarDish01",
      "ClassName": "BP_RadarDish01_C",
      "Outer": 11,
      "ObjectName": "Default__BP_RadarDish01_C"
    },
    {
      "ObjectIndex": 3,
      "Type": "Import",
      "ClassPackage": "/Script/CoreUObject",
      "ClassName": "Class",
      "Outer": 13,
      "ObjectName": "Object"
    },
    {
      "ObjectIndex": 4,
      "Type": "Import",
      "ClassPackage": "/Script/CoreUObject",
      "ClassName": "Class",
      "Outer": 14,
      "ObjectName": "BlueprintGeneratedClass"
    },
    {
      "ObjectIndex": 5,
      "Type": "Import",
      "ClassPackage": "/Script/CoreUObject",
      "ClassName": "Class",
      "Outer": 14,
      "ObjectName": "InheritableComponentHandler"
    },
    {
      "ObjectIndex": 6,
      "Type": "Import",
      "ClassPackage": "/Script/CoreUObject",
      "ClassName": "Class",
      "Outer": 14,
      "ObjectName": "SceneComponent"
    },
    {
      "ObjectIndex": 7,
      "Type": "Import",
      "ClassPackage": "/Script/CoreUObject",
      "ClassName": "Class",
      "Outer": 14,
      "ObjectName": "SCS_Node"
    },
    {
      "ObjectIndex": 8,
      "Type": "Import",
      "ClassPackage": "/Script/CoreUObject",
      "ClassName": "Class",
      "Outer": 14,
      "ObjectName": "SimpleConstructionScript"
    },
    {
      "ObjectIndex": 9,
      "Type": "Import",
      "ClassPackage": "/Script/CoreUObject",
      "ClassName": "Class",
      "Outer": 14,
      "ObjectName": "StaticMeshComponent"
    },
    {
      "ObjectIndex": 10,
      "Type": "Import",
      "ClassPackage": "/Script/Engine",
      "ClassName": "InheritableComponentHandler",
      "Outer": 14,
      "ObjectName": "Default__InheritableComponentHandler"
    },
    {
      "ObjectIndex": 11,
      "Type": "Import",
      "ClassPackage": "/Script/CoreUObject",
      "ClassName": "Package",
      "ObjectName": "/Game/Art/BasicArtAssets/Tech/BP_RadarDish01"
    },
    {
      "ObjectIndex": 12,
      "Type": "Import",
      "ClassPackage": "/Script/CoreUObject",
      "ClassName": "Package",
      "ObjectName": "/Game/Art/BasicArtAssets/Tech/SM_Radardish01"
    },
    {
      "ObjectIndex": 13,
      "Type": "Import",
      "ClassPackage": "/Script/CoreUObject",
      "ClassName": "Package",
      "ObjectName": "/Script/CoreUObject"
    },
    {
      "ObjectIndex": 14,
      "Type": "Import",
      "ClassPackage": "/Script/CoreUObject",
      "ClassName": "Package",
      "ObjectName": "/Script/Engine"
    },
    {
      "ObjectIndex": 15,
      "Type": "Import",
      "ClassPackage": "/Script/Engine",
      "ClassName": "RotatingMovementComponent",
      "Outer": 0,
      "ObjectName": "RotatingMovement_GEN_VARIABLE"
    },
    {
      "ObjectIndex": 16,
      "Type": "Import",
      "ClassPackage": "/Script/Engine",
      "ClassName": "SceneComponent",
      "Outer": 0,
      "ObjectName": "DefaultSceneRoot_GEN_VARIABLE"
    },
    {
      "ObjectIndex": 17,
      "Type": "Import",
      "ClassPackage": "/Script/Engine",
      "ClassName": "SceneComponent",
      "Outer": 14,
      "ObjectName": "Default__SceneComponent"
    },
    {
      "ObjectIndex": 18,
      "Type": "Import",
      "ClassPackage": "/Script/Engine",
      "ClassName": "SCS_Node",
      "Outer": 14,
      "ObjectName": "Default__SCS_Node"
    },
    {
      "ObjectIndex": 19,
      "Type": "Import",
      "ClassPackage": "/Script/Engine",
      "ClassName": "SimpleConstructionScript",
      "Outer": 14,
      "ObjectName": "Default__SimpleConstructionScript"
    },
    {
      "ObjectIndex": 20,
      "Type": "Import",
      "ClassPackage": "/Script/Engine",
      "ClassName": "StaticMesh",
      "Outer": 12,
      "ObjectName": "SM_Radardish01"
    },
    {
      "ObjectIndex": 21,
      "Type": "Import",
      "ClassPackage": "/Script/Engine",
      "ClassName": "StaticMeshComponent",
      "Outer": 0,
      "ObjectName": "Mesh_Arm_GEN_VARIABLE"
    },
    {
      "ObjectIndex": 22,
      "Type": "Import",
      "ClassPackage": "/Script/Engine",
      "ClassName": "StaticMeshComponent",
      "Outer": 0,
      "ObjectName": "Mesh_Base_GEN_VARIABLE"
    },
    {
      "ObjectIndex": 23,
      "Type": "Import",
      "ClassPackage": "/Script/Engine",
      "ClassName": "StaticMeshComponent",
      "Outer": 0,
      "ObjectName": "Mesh_Dish_GEN_VARIABLE"
    },
    {
      "ObjectIndex": 24,
      "Type": "Import",
      "ClassPackage": "/Script/Engine",
      "ClassName": "StaticMeshComponent",
      "Outer": 0,
      "ObjectName": "Mesh_Foot_GEN_VARIABLE"
    },
    {
      "ObjectIndex": 25,
      "Type": "Import",
      "ClassPackage": "/Script/Engine",
      "ClassName": "StaticMeshComponent",
      "Outer": 0,
      "ObjectName": "Mesh_Light_GEN_VARIABLE"
    },
    {
      "ObjectIndex": 26,
      "Type": "Export",
      "ObjectMark": "$AssetObject$"
    },
    {
      "ObjectIndex": 27,
      "Type": "Export",
      "ObjectClass": 26,
      "Outer": -1,
      "ObjectName": "Default__BP_RadarDish02_C",
      "ObjectFlags": 49,
      "Properties": {
        "$ReferencedObjects": []
      }
    },
    {
      "ObjectIndex": 28,
      "Type": "Export",
      "ObjectClass": 5,
      "Outer": 26,
      "ObjectName": "InheritableComponentHandler",
      "ObjectFlags": 0,
      "Properties": {
        "Records": [
          {
            "ComponentClass": 9,
            "ComponentTemplate": 32,
            "ComponentKey": {
              "OwnerClass": 0,
              "SCSVariableName": "Mesh_Dish",
              "AssociatedGuid": {
                "A": 243193912,
                "B": 1337020790,
                "C": -1283467625,
                "D": -95820091
              }
            }
          },
          {
            "ComponentClass": 9,
            "ComponentTemplate": 33,
            "ComponentKey": {
              "OwnerClass": 0,
              "SCSVariableName": "Mesh_Light",
              "AssociatedGuid": {
                "A": 1525856888,
                "B": 1308732983,
                "C": 1949616816,
                "D": 1824019306
              }
            }
          }
        ],
        "$ReferencedObjects": [
          9,
          32,
          0,
          33
        ]
      }
    },
    {
      "ObjectIndex": 29,
      "Type": "Export",
      "ObjectClass": 6,
      "Outer": 26,
      "ObjectName": "DefaultSceneRoot_GEN_VARIABLE",
      "ObjectFlags": 41,
      "Properties": {
        "$ReferencedObjects": []
      }
    },
    {
      "ObjectIndex": 30,
      "Type": "Export",
      "ObjectClass": 7,
      "Outer": 31,
      "ObjectName": "SCS_Node_0",
      "ObjectFlags": 8,
      "Properties": {
        "ComponentClass": 6,
        "ComponentTemplate": 29,
        "VariableGuid": {
          "A": -677499102,
          "B": 1233599313,
          "C": 1598802082,
          "D": -1662903301
        },
        "InternalVariableName": "DefaultSceneRoot",
        "$ReferencedObjects": [
          6,
          29
        ]
      }
    },
    {
      "ObjectIndex": 31,
      "Type": "Export",
      "ObjectClass": 8,
      "Outer": 26,
      "ObjectName": "SimpleConstructionScript_0",
      "ObjectFlags": 8,
      "Properties": {
        "DefaultSceneRootNode": 30,
        "$ReferencedObjects": [
          30
        ]
      }
    },
    {
      "ObjectIndex": 32,
      "Type": "Export",
      "ObjectClass": 9,
      "Outer": 26,
      "ObjectName": "Mesh_Dish_GEN_VARIABLE",
      "ObjectFlags": 4194345,
      "Properties": {
        "StaticMesh": 20,
        "$ReferencedObjects": [
          20
        ]
      }
    },
    {
      "ObjectIndex": 33,
      "Type": "Export",
      "ObjectClass": 9,
      "Outer": 26,
      "ObjectName": "Mesh_Light_GEN_VARIABLE",
      "ObjectFlags": 4194345,
      "Properties": {
        "RelativeLocation": {
          "X": 0.0,
          "Y": 101.12919,
          "Z": 0.0
        },
        "RelativeRotation": {
          "Pitch": 0.0,
          "Yaw": 0.0,
          "Roll": -90.0
        },
        "$ReferencedObjects": []
      }
    }
  ]
}