{
  "AssetClass": "Blueprint",
  "AssetPackage": "/Game/Art/BasicArtAssets/Tech/BP_RotatingSpotlight01",
  "AssetName": "BP_RotatingSpotlight01",
  "AssetSerializedData": {
    "SkipDependecies": false,
    "SuperStruct": 0,
    "Children": [
      {
        "FieldKind": "Function",
        "ObjectClass": "Function",
        "ObjectName": "ReceiveBeginPlay",
        "SuperStruct": 12,
        "Children": [],
        "ChildProperties": [],
        "Script": [
          {
            "Inst": "LocalFinalFunction",
            "Function": "ExecuteUbergraph_BP_RotatingSpotlight01",
            "Parameters": [
              {
                "Inst": "IntConst",
                "Value": 25
              }
            ],
            "StatementIndex": 0
          },
          {
            "Inst": "Return",
            "Expression": {
              "Inst": "Nothing"
            },
            "StatementIndex": 15
          },
          {
            "Inst": "EndOfScript",
            "StatementIndex": 17
          }
        ],
        "FunctionFlags": "134744064"
      },
      {
        "FieldKind": "Function",
        "ObjectClass": "Function",
        "ObjectName": "ExecuteUbergraph_BP_RotatingSpotlight01",
        "SuperStruct": -1,
        "Children": [],
        "ChildProperties": [
          {
            "FieldKind": "Property",
            "ObjectClass": "IntProperty",
            "ObjectName": "EntryPoint",
            "ArrayDim": 1,
            "PropertyFlags": "148",
            "RepNotifyFunc": "None",
            "BlueprintReplicationCondition": 0
          }
        ],
        "Script": [
          {
            "Inst": "ComputedJump",
            "OffsetExpression": {
              "Inst": "LocalVariable",
              "VariableType": {
                "PinCategory": "int",
                "PinSubCategory": "int"
              },
              "VariableName": "EntryPoint"
            },
            "StatementIndex": 0
          },
          {
            "Inst": "LocalFinalFunction",
            "Function": "ReceiveBeginPlay",
            "Parameters": [],
            "StatementIndex": 10
          },
          {
            "Inst": "Jump",
            "Offset": 30,
            "StatementIndex": 20
          },
          {
            "Inst": "Jump",
            "Offset": 10,
            "StatementIndex": 25
          },
          {
            "Inst": "Return",
            "Expression": {
              "Inst": "Nothing"
            },
            "StatementIndex": 30
          },
          {
            "Inst": "EndOfScript",
            "StatementIndex": 32
          }
        ],
        "FunctionFlags": "32769"
      }
    ],
    "ChildProperties": [
      {
        "FieldKind": "Property",
        "ObjectClass": "StructProperty",
        "ObjectName": "UberGraphFrame",
        "ArrayDim": 1,
        "PropertyFlags": "2105344",
        "RepNotifyFunc": "None",
        "BlueprintReplicationCondition": 0,
        "Struct": 23
      },
      {
        "FieldKind": "Property",
        "ObjectClass": "ObjectProperty",
        "ObjectName": "SpotLight",
        "ArrayDim": 1,
        "PropertyFlags": "17180393476",
        "RepNotifyFunc": "None",
        "BlueprintReplicationCondition": 0,
        "PropertyClass": 10
      }
    ],
    "ClassFlags": "8652820",
    "ClassWithin": 4,
    "ClassConfigName": "Engine",
    "Interfaces": [],
    "ClassDefaultObject": 35,
    "AssetObjectData": {
      "SimpleConstructionScript": 40,
      "InheritableComponentHandler": 36,
      "$ReferencedObjects": [
        40,
        36
      ]
    },
    "GeneratedVariableNames": [
      "SpotLight"
    ]
  },
  "ObjectHierarchy": [
    {
      "ObjectIndex": 0,
      "Type": "Import",
      "ClassPackage": "/Script/Engine",
      "ClassName": "BlueprintGeneratedClass",
      "Outer": 15,
      "ObjectName": "BP_RadarDish01_C"
    },
    {
      "ObjectIndex": 1,
      "Type": "Import",
      "ClassPackage": "/Script/Engine",
      "ClassName": "BlueprintGeneratedClass",
      "Outer": 19,
      "ObjectName": "Default__BlueprintGeneratedClass"
    },
    {
      "ObjectIndex": 2,
      "Type": "Import",
      "ClassPackage": "/Game/Art/BasicArtAssets/Tech/BP_RadarDish01",
      "ClassName": "BP_RadarDish01_C",
      "Outer": 15,
      "ObjectName": "Default__BP_RadarDish01_C"
    },
    {
      "ObjectIndex": 3,
      "Type": "Import",
      "ClassPackage": "/Script/CoreUObject",
      "ClassName": "Class",
      "Outer": 18,
      "ObjectName": "Function"
    },
    {
      "ObjectIndex": 4,
      "Type": "Import",
      "ClassPackage": "/Script/CoreUObject",
      "ClassName": "Class",
      "Outer": 18,
      "ObjectName": "Object"
    },
    {
      "ObjectIndex": 5,
      "Type": "Import",
      "ClassPackage": "/Script/CoreUObject",
      "ClassName": "Class",
      "Outer": 19,
      "ObjectName": "BlueprintGeneratedClass"
    },
    {
      "ObjectIndex": 6,
      "Type": "Import",
      "ClassPackage": "/Script/CoreUObject",
      "ClassName": "Class",
      "Outer": 19,
      "ObjectName": "InheritableComponentHandler"
    },
    {
      "ObjectIndex": 7,
      "Type": "Import",
      "ClassPackage": "/Script/CoreUObject",
      "ClassName": "Class",
      "Outer": 19,
      "ObjectName": "SceneComponent"
    },
    {
      "ObjectIndex": 8,
      "Type": "Import",
      "ClassPackage": "/Script/CoreUObject",
      "ClassName": "Class",
      "Outer": 19,
      "ObjectName": "SCS_Node"
    },
    {
      "ObjectIndex": 9,
      "Type": "Import",
      "ClassPackage": "/Script/CoreUObject",
      "ClassName": "Class",
      "Outer": 19,
      "ObjectName": "SimpleConstructionScript"
    },
    {
      "ObjectIndex": 10,
      "Type": "Import",
      "ClassPackage": "/Script/CoreUObject",
      "ClassName": "Class",
      "Outer": 19,
      "ObjectName": "SpotLightComponent"
    },
    {
      "ObjectIndex": 11,
      "Type": "Import",
      "ClassPackage": "/Script/CoreUObject",
      "ClassName": "Class",
      "Outer": 19,
      "ObjectName": "StaticMeshComponent"
    },
    {
      "ObjectIndex": 12,
      "Type": "Import",
      "ClassPackage": "/Script/CoreUObject",
      "ClassName": "Function",
      "Outer": 0,
      "ObjectName": "ReceiveBeginPlay"
    },
    {
      "ObjectIndex": 13,
      "Type": "Import",
      "ClassPackage": "/Script/CoreUObject",
      "ClassName": "Function",
      "Outer": 18,
      "ObjectName": "Default__Function"
    },
    {
      "ObjectIndex": 14,
      "Type": "Import",
      "ClassPackage": "/Script/Engine",
      "ClassName": "InheritableComponentHandler",
      "Outer": 19,
      "ObjectName": "Default__InheritableComponentHandler"
    },
    {
      "ObjectIndex": 15,
      "Type": "Import",
      "ClassPackage": "/Script/CoreUObject",
      "ClassName": "Package",
      "ObjectName": "/Game/Art/BasicArtAssets/Tech/BP_RadarDish01"
    },
    {
      "ObjectIndex": 16,
      "Type": "Import",
      "ClassPackage": "/Script/CoreUObject",
      "ClassName": "Package",
      "ObjectName": "/Game/Art/DropPod/Assets/Pod/SM_DropPod_Spotlight"
    },
    {
      "ObjectIndex": 17,
      "Type": "Import",
      "ClassPackage": "/Script/CoreUObject",
      "ClassName": "Package",
      "ObjectName": "/Game/Art/Environments/LightCone/SM_LightCone001"
    },
    {
      "ObjectIndex": 18,
      "Type": "Import",
      "ClassPackage": "/Script/CoreUObject",
      "ClassName": "Package",
      "ObjectName": "/Script/CoreUObject"
    },
    {
      "ObjectIndex": 19,
      "Type": "Import",
      "ClassPackage": "/Script/CoreUObject",
      "ClassName": "Package",
      "ObjectName": "/Script/Engine"
    },
    {
      "ObjectIndex": 20,
      "Type": "Import",
      "ClassPackage": "/Script/Engine",
      "ClassName": "RotatingMovementComponent",
      "Outer": 0,
      "ObjectName": "RotatingMovement_GEN_VARIABLE"
    },
    {
      "ObjectIndex": 21,
      "Type": "Import",
      "ClassPackage": "/Script/Engine",
      "ClassName": "SceneComponent",
      "Outer": 0,
      "ObjectName": "DefaultSceneRoot_GEN_VARIABLE"
    },
    {
      "ObjectIndex": 22,
      "Type": "Import",
      "ClassPackage": "/Script/Engine",
      "ClassName": "SceneComponent",
      "Outer": 19,
      "ObjectName": "Default__SceneComponent"
    },
    {
      "ObjectIndex": 23,
      "Type": "Import",
      "ClassPackage": "/Script/CoreUObject",
      "ClassName": "ScriptStruct",
      "Outer": 19,
      "ObjectName": "PointerToUberGraphFrame"
    },
    {
      "ObjectIndex": 24,
      "Type": "Import",
      "ClassPackage": "/Script/Engine",
      "ClassName": "SCS_Node",
      "Outer": 19,
      "ObjectName": "Default__SCS_Node"
    },
    {
      "ObjectIndex": 25,
      "Type": "Import",
      "ClassPackage": "/Script/Engine",
      "ClassName": "SimpleConstructionScript",
      "Outer": 19,
      "ObjectName": "Default__SimpleConstructionScript"
    },
    {
      "ObjectIndex": 26,
      "Type": "Import",
      "ClassPackage": "/Script/Engine",
      "ClassName": "SpotLightComponent",
      "Outer": 19,
      "ObjectName": "Default__SpotLightComponent"
    },
    {
      "ObjectIndex": 27,
      "Type": "Import",
      "ClassPackage": "/Script/Engine",
      "ClassName": "StaticMesh",
      "Outer": 16,
      "ObjectName": "SM_DropPod_Spotlight"
    },
    {
      "ObjectIndex": 28,
      "Type": "Import",
      "ClassPackage": "/Script/Engine",
      "ClassName": "StaticMesh",
      "Outer": 17,
      "ObjectName": "SM_LightCone001"
    },
    {
      "ObjectIndex": 29,
      "Type": "Import",
      "ClassPackage": "/Script/Engine",
      "ClassName": "StaticMeshComponent",
      "Outer": 0,
      "ObjectName": "Mesh_Arm_GEN_VARIABLE"
    },
    {
      "ObjectIndex": 30,
      "Type": "Import",
      "ClassPackage": "/Script/Engine",
      "ClassName": "StaticMeshComponent",
      "Outer": 0,
      "ObjectName": "Mesh_Base_GEN_VARIABLE"
    },
    {
      "ObjectIndex": 31,
      "Type": "Import",
      "ClassPackage": "/Script/Engine",
      "ClassName": "StaticMeshComponent",
      "Outer": 0,
      "ObjectName": "Mesh_Dish_GEN_VARIABLE"
    },
    {
      "ObjectIndex": 32,
      "Type": "Import",
      "ClassPackage": "/Script/Engine",
      "ClassName": "StaticMeshComponent",
      "Outer": 0,
      "ObjectName": "Mesh_Foot_GEN_VARIABLE"
    },
    {
      "ObjectIndex": 33,
      "Type": "Import",
      "ClassPackage": "/Script/Engine",
      "ClassName": "StaticMeshComponent",
      "Outer": 0,
      "ObjectName": "Mesh_Light_GEN_VARIABLE"
    },
    {
      "ObjectIndex": 34,
      "Type": "Export",
      "ObjectMark": "$AssetObject$"
    },
    {
      "ObjectIndex": 35,
      "Type": "Export",
      "ObjectClass": 34,
      "Outer": -1,
      "ObjectName": "Default__BP_RotatingSpotlight01_C",
      "ObjectFlags": 49,
      "Properties": {
        "UberGraphFrame": {},
        "RotationRate": 180.0,
        "$ReferencedObjects": []
      }
    },
    {
      "ObjectIndex": 36,
      "Type": "Export",
      "ObjectClass": 6,
      "Outer": 34,
      "ObjectName": "InheritableComponentHandler",
      "ObjectFlags": 0,
      "Properties": {
        "Records": [
          {
            "ComponentClass": 11,
            "ComponentTemplate": 43,
            "ComponentKey": {
              "OwnerClass": 0,
              "SCSVariableName": "Mesh_Light",
              "AssociatedGuid": {
                "A": 1525856888,
                "B": 1308732983,
                "C": 1949616816,
                "D": 1824019306
              }
            }
          },
          {
            "ComponentClass": 11,
            "ComponentTemplate": 42,
            "ComponentKey": {
              "OwnerClass": 0,
              "SCSVariableName": "Mesh_Dish",
              "AssociatedGuid": {
                "A": 243193912,
                "B": 1337020790,
                "C": -1283467625,
                "D": -95820091
              }
            }
          }
        ],
        "$ReferencedObjects": [
          11,
          43,
          0,
          42
        ]
      }
    },
    {
      "ObjectIndex": 37,
      "Type": "Export",
      "ObjectClass": 7,
      "Outer": 34,
      "ObjectName": "DefaultSceneRoot_GEN_VARIABLE",
      "ObjectFlags": 41,
      "Properties": {
        "$ReferencedObjects": []
      }
    },
    {
      "ObjectIndex": 38,
      "Type": "Export",
      "ObjectClass": 8,
      "Outer": 40,
      "ObjectName": "SCS_Node_0",
      "ObjectFlags": 8,
      "Properties": {
        "ComponentClass": 7,
        "ComponentTemplate": 37,
        "VariableGuid": {
          "A": 1156016063,
          "B": 1099035339,
          "C": 1493681055,
          "D": -2050115453
        },
        "InternalVariableName": "DefaultSceneRoot",
        "$ReferencedObjects": [
          7,
          37
        ]
      }
    },
    {
      "ObjectIndex": 39,
      "Type": "Export",
      "ObjectClass": 8,
      "Outer": 40,
      "ObjectName": "SCS_Node_1",
      "ObjectFlags": 8,
      "Properties": {
        "ComponentClass": 10,
        "ComponentTemplate": 41,
        "ParentComponentOrVariableName": "Mesh_Light",
        "ParentComponentOwnerClassName": "BP_RadarDish01_C",
        "VariableGuid": {
          "A": 2007303204,
          "B": 1075650021,
          "C": 1303884162,
          "D": -1433354829
        },
        "InternalVariableName": "SpotLight",
        "$ReferencedObjects": [
          10,
          41
        ]
      }
    },
    {
      "ObjectIndex": 40,
      "Type": "Export",
      "ObjectClass": 9,
      "Outer": 34,
      "ObjectName": "SimpleConstructionScript_0",
      "ObjectFlags": 8,
      "Properties": {
        "RootNodes": [
          39
        ],
        "AllNodes": [
          39
        ],
        "DefaultSceneRootNode": 38,
        "$ReferencedObjects": [
          39,
          38
        ]
      }
    },
    {
      "ObjectIndex": 41,
      "Type": "Export",
      "ObjectClass": 10,
      "Outer": 34,
      "ObjectName": "SpotLight_GEN_VARIABLE",
      "ObjectFlags": 41,
      "Properties": {
        "InnerConeAngle": 12.0,
        "OuterConeAngle": 14.0,
        "bUseInverseSquaredFalloff": false,
        "LightFalloffExponent": 2.0,
        "AttenuationRadius": 2000.0,
        "Intensity": 50.0,
        "LightColor": {
          "R": 255,
          "G": 244,
          "B": 213,
          "A": 255
        },
        "bAffectsWorld": false,
        "CastShadows": false,
        "RelativeLocation": {
          "X": 0.0009965543,
          "Y": -1.1671699E-07,
          "Z": -27.885918
        },
        "RelativeRotation": {
          "Pitch": 90.0,
          "Yaw": 365.146,
          "Roll": 365.146
        },
        "RelativeScale3D": {
          "X": 1.3054508,
          "Y": 1.3054508,
          "Z": 1.3054508
        },
        "$ReferencedObjects": []
      }
    },
    {
      "ObjectIndex": 42,
      "Type": "Export",
      "ObjectClass": 11,
      "Outer": 34,
      "ObjectName": "Mesh_Dish_GEN_VARIABLE",
      "ObjectFlags": 4194345,
      "Properties": {
        "StaticMesh": 27,
        "RelativeRotation": {
          "Pitch": 0.0,
          "Yaw": 0.0,
          "Roll": -31.479074
        },
        "$ReferencedObjects": [
          27
        ]
      }
    },
    {
      "ObjectIndex": 43,
      "Type": "Export",
      "ObjectClass": 11,
      "Outer": 34,
      "ObjectName": "Mesh_Light_GEN_VARIABLE",
      "ObjectFlags": 4194345,
      "Properties": {
        "StaticMesh": 28,
        "OverrideMaterials": [
          -1
        ],
        "CanCharacterStepUpOn": "ECB_No",
        "RelativeLocation": {
          "X": -0.0004446985,
          "Y": 17.77947,
          "Z": -16.669294
        },
        "RelativeRotation": {
          "Pitch": 4.0981133E-05,
          "Yaw": 1.4655996E-10,
          "Roll": -224.99974
        },
        "RelativeScale3D": {
          "X": 0.76601887,
          "Y": 0.76601887,
          "Z": 1.5271682
        },
        "$ReferencedObjects": [
          28,
          -1
        ]
      }
    }
  ]
}