{
  "AssetClass": "SoundCue",
  "AssetPackage": "/Game/Art/StarterContent/Audio/Explosion_Cue",
  "AssetName": "Explosion_Cue",
  "AssetSerializedData": {
    "SkipDependecies": false,
    "SoundCueGraph": "Begin Object Class=/Script/AudioEditor.SoundCueGraphNode Name=\"SoundCueGraphNode_1\"\r\n\tBegin Object Class=/Script/Engine.SoundNodeAttenuation Name=\"SoundNodeAttenuation_0\"\r\n\tEnd Object\r\n\tBegin Object Name=\"SoundNodeAttenuation_0\"\r\n\t\tAttenuationSettings=SoundAttenuation'\"/Game/Audio/SoundControl/AttenuationGroups/WeaponCloseAttenuation.WeaponCloseAttenuation\"'\r\n\t\tAttenuationOverrides=(bAttenuateWithLPF=True,StereoSpread=1200.00000,LPFRadiusMin=0.00000,LPFRadiusMax=4000.00000,CustomLowpassAirAbsorptionCurve=(EditorCurveData=(Keys=((InterpMode=RCIM_Linear, TangentMode=RCTM_Auto,TangentWeightMode=RCTWM_WeightedNone,Time=0.36291,Value=0.99427,ArriveTangent=0.00000,ArriveTangentWeight=0.00000,LeaveTangent=0.00000,LeaveTangentWeight=0.00000),(InterpMode=RCIM_Linear, TangentMode=RCTM_Auto,TangentWeightMode=RCTWM_WeightedNone,Time=1.07131,Value=0.46627,ArriveTangent=0.00000,ArriveTangentWeight=0.00000,LeaveTangent=0.00000,LeaveTangentWeight=0.00000),(InterpMode=RCIM_Linear, TangentMode=RCTM_Auto,TangentWeightMode=RCTWM_WeightedNone,Time=1.93401,Value=0.40760,ArriveTangent=0.00000,ArriveTangentWeight=0.00000,LeaveTangent=0.00000,LeaveTangentWeight=0.00000),(InterpMode=RCIM_Linear, TangentMode=RCTM_Auto,TangentWeightMode=RCTWM_WeightedNone,Time=2.56525,Value=-0.01773,ArriveTangent=0.00000,ArriveTangentWeight=0.00000,LeaveTangent=0.00000,LeaveTangentWeight=0.00000)))),LPFFrequencyAtMax=1500.00000,DistanceAlgorithm=EAttenuationDistanceModel::Logarithmic,AttenuationShapeExtents=(X=1500.00000,Y=0.00000,Z=0.00000),FalloffDistance=2000.00000)\r\n\t\tbOverrideAttenuation=True\r\n\t\tChildNodes(0)=SoundNodeMixer'\"SoundCueGraphNode_8.SoundNodeMixer_11\"'\r\n\t\tGraphNode=SoundCueGraphNode'\"SoundCueGraphNode_1\"'\r\n\tEnd Object\r\n\tSoundNode=SoundNodeAttenuation'\"SoundNodeAttenuation_0\"'\r\n\tNodePosX=-300\r\n\tNodePosY=0\r\n\tNodeGuid=5c9f0a1d134747c0a5ffb13704ff936b\r\n\tCustomProperties Pin (PinId=d872d87a139447189494ad3173c138b9,PinName=\"Output\",LinkedTo=(SoundCueGraphNode_4 fb3b6f119b594e9ba971ed535b6062b2,),Direction=\"EGPD_Output\",)\r\n\tCustomProperties Pin (PinId=f1e75dbeb8db42adace35ac658ccc304,PinName=\"Input\",LinkedTo=(SoundCueGraphNode_8 6c06d4b213194f6298c6c86457f7261e,),)\r\nEnd Object\r\nBegin Object Class=/Script/AudioEditor.SoundCueGraphNode Name=\"SoundCueGraphNode_2\"\r\n\tBegin Object Class=/Script/Engine.SoundNodeAttenuation Name=\"SoundNodeAttenuation_1\"\r\n\tEnd Object\r\n\tBegin Object Name=\"SoundNodeAttenuation_1\"\r\n\t\tAttenuationSettings=SoundAttenuation'\"/Game/Audio/SoundControl/AttenuationGroups/WeaponDistantAttenuation.WeaponDistantAttenuation\"'\r\n\t\tAttenuationOverrides=(bEnableLogFrequencyScaling=True,OmniRadius=500.00000,StereoSpread=1200.00000,LPFRadiusMin=0.00000,LPFRadiusMax=4000.00000,CustomLowpassAirAbsorptionCurve=(EditorCurveData=(Keys=((InterpMode=RCIM_Linear, TangentMode=RCTM_Auto,TangentWeightMode=RCTWM_WeightedNone,Time=0.36291,Value=0.99427,ArriveTangent=0.00000,ArriveTangentWeight=0.00000,LeaveTangent=0.00000,LeaveTangentWeight=0.00000),(InterpMode=RCIM_Linear, TangentMode=RCTM_Auto,TangentWeightMode=RCTWM_WeightedNone,Time=1.07131,Value=0.46627,ArriveTangent=0.00000,ArriveTangentWeight=0.00000,LeaveTangent=0.00000,LeaveTangentWeight=0.00000),(InterpMode=RCIM_Linear, TangentMode=RCTM_Auto,TangentWeightMode=RCTWM_WeightedNone,Time=1.93401,Value=0.40760,ArriveTangent=0.00000,ArriveTangentWeight=0.00000,LeaveTangent=0.00000,LeaveTangentWeight=0.00000),(InterpMode=RCIM_Linear, TangentMode=RCTM_Auto,TangentWeightMode=RCTWM_WeightedNone,Time=2.56525,Value=-0.01773,ArriveTangent=0.00000,ArriveTangentWeight=0.00000,LeaveTangent=0.00000,LeaveTangentWeight=0.00000)))),LPFFrequencyAtMax=3000.00000,AttenuationShapeExtents=(X=2000.00000,Y=0.00000,Z=0.00000),FalloffDistance=10000.00000)\r\n\t\tbOverrideAttenuation=True\r\n\t\tChildNodes(0)=SoundNodeSoundClass'\"SoundCueGraphNode_14.SoundNodeSoundClass_5\"'\r\n\t\tGraphNode=SoundCueGraphNode'\"SoundCueGraphNode_2\"'\r\n\tEnd Object\r\n\tSoundNode=SoundNodeAttenuation'\"SoundNodeAttenuation_1\"'\r\n\tNodePosX=-300\r\n\tNodePosY=150\r\n\tNodeGuid=8d85ca2d86a8403a9130dc361341390e\r\n\tCustomProperties Pin (PinId=57eca711bd774062a229e480136a9a46,PinName=\"Output\",LinkedTo=(SoundCueGraphNode_4 bb3c05e9b071435281db295d71dbf1eb,),Direction=\"EGPD_Output\",)\r\n\tCustomProperties Pin (PinId=244e45fd87174c42bd58713feab3aaf2,PinName=\"Input\",LinkedTo=(SoundCueGraphNode_14 7b92f2b5585e4d52b732dd24330fdff0,),)\r\nEnd Object\r\nBegin Object Class=/Script/AudioEditor.SoundCueGraphNode Name=\"SoundCueGraphNode_3\"\r\n\tBegin Object Class=/Script/Engine.SoundNodeDelay Name=\"SoundNodeDelay_0\"\r\n\tEnd Object\r\n\tBegin Object Name=\"SoundNodeDelay_0\"\r\n\t\tDelayMin=0.10000\r\n\t\tDelayMax=0.10000\r\n\t\tChildNodes(0)=SoundNodeEnveloper'\"SoundCueGraphNode_5.SoundNodeEnveloper_2\"'\r\n\t\tGraphNode=SoundCueGraphNode'\"SoundCueGraphNode_3\"'\r\n\tEnd Object\r\n\tSoundNode=SoundNodeDelay'\"SoundNodeDelay_0\"'\r\n\tNodePosX=-900\r\n\tNodePosY=300\r\n\tNodeGuid=5378f1a79f684e44b53b19815f854993\r\n\tCustomProperties Pin (PinId=b44b35a85a3f432382127d562416f2eb,PinName=\"Output\",LinkedTo=(SoundCueGraphNode_14 4025414a415a484aa32d039dee9d7f7e,),Direction=\"EGPD_Output\",)\r\n\tCustomProperties Pin (PinId=ed073669b9cc4f41818af31232b66532,PinName=\"Input\",LinkedTo=(SoundCueGraphNode_5 542d63460d7a428184422f73c0fe2633,),)\r\nEnd Object\r\nBegin Object Class=/Script/AudioEditor.SoundCueGraphNode Name=\"SoundCueGraphNode_4\"\r\n\tBegin Object Class=/Script/Engine.SoundNodeDistanceCrossFade Name=\"SoundNodeDistanceCrossFade_0\"\r\n\tEnd Object\r\n\tBegin Object Name=\"SoundNodeDistanceCrossFade_0\"\r\n\t\tCrossFadeInput(0)=(FadeInDistanceStart=0.00000,FadeInDistanceEnd=0.00000,FadeOutDistanceStart=3000.00000,FadeOutDistanceEnd=5000.00000,Volume=1.50000)\r\n\t\tCrossFadeInput(1)=(FadeInDistanceStart=0.00000,FadeInDistanceEnd=200.00000,FadeOutDistanceStart=4000.00000,FadeOutDistanceEnd=10000.00000,Volume=2.00000)\r\n\t\tChildNodes(0)=SoundNodeAttenuation'\"SoundCueGraphNode_1.SoundNodeAttenuation_0\"'\r\n\t\tChildNodes(1)=SoundNodeAttenuation'\"SoundCueGraphNode_2.SoundNodeAttenuation_1\"'\r\n\t\tGraphNode=SoundCueGraphNode'\"SoundCueGraphNode_4\"'\r\n\tEnd Object\r\n\tSoundNode=SoundNodeDistanceCrossFade'\"SoundNodeDistanceCrossFade_0\"'\r\n\tNodePosX=0\r\n\tNodePosY=0\r\n\tNodeGuid=402d17245ae44418bb215ab05654a519\r\n\tCustomProperties Pin (PinId=318eb6b9e3fb4d2d91b6c231de940a73,PinName=\"Output\",Direction=\"EGPD_Output\",)\r\n\tCustomProperties Pin (PinId=fb3b6f119b594e9ba971ed535b6062b2,PinName=\"Input\",LinkedTo=(SoundCueGraphNode_1 d872d87a139447189494ad3173c138b9,),)\r\n\tCustomProperties Pin (PinId=bb3c05e9b071435281db295d71dbf1eb,PinName=\"Input2\",LinkedTo=(SoundCueGraphNode_2 57eca711bd774062a229e480136a9a46,),)\r\nEnd Object\r\nBegin Object Class=/Script/AudioEditor.SoundCueGraphNode Name=\"SoundCueGraphNode_5\"\r\n\tBegin Object Class=/Script/Engine.SoundNodeEnveloper Name=\"SoundNodeEnveloper_2\"\r\n\tEnd Object\r\n\tBegin Object Name=\"SoundNodeEnveloper_2\"\r\n\t\tVolumeCurve=(EditorCurveData=(Keys=((InterpMode=RCIM_Linear, TangentMode=RCTM_Auto,TangentWeightMode=RCTWM_WeightedNone,Time=0.00000,Value=1.00000,ArriveTangent=0.00000,ArriveTangentWeight=0.00000,LeaveTangent=0.00000,LeaveTangentWeight=0.00000),(InterpMode=RCIM_Linear, TangentMode=RCTM_Auto,TangentWeightMode=RCTWM_WeightedNone,Time=0.50000,Value=1.00000,ArriveTangent=0.00000,ArriveTangentWeight=0.00000,LeaveTangent=0.00000,LeaveTangentWeight=0.00000),(InterpMode=RCIM_Linear, TangentMode=RCTM_Auto,TangentWeightMode=RCTWM_WeightedNone,Time=1.50000,Value=0.00000,ArriveTangent=0.00000,ArriveTangentWeight=0.00000,LeaveTangent=0.00000,LeaveTangentWeight=0.00000))))\r\n\t\tPitchCurve=(EditorCurveData=(Keys=((InterpMode=RCIM_Linear, TangentMode=RCTM_Auto,TangentWeightMode=RCTWM_WeightedNone,Time=0.00000,Value=1.00000,ArriveTangent=0.00000,ArriveTangentWeight=0.00000,LeaveTangent=0.00000,LeaveTangentWeight=0.00000))))\r\n\t\tChildNodes(0)=SoundNodeModulator'\"SoundCueGraphNode_9.SoundNodeModulator_1\"'\r\n\t\tGraphNode=SoundCueGraphNode'\"SoundCueGraphNode_5\"'\r\n\tEnd Object\r\n\tSoundNode=SoundNodeEnveloper'\"SoundNodeEnveloper_2\"'\r\n\tNodePosX=-1200\r\n\tNodePosY=300\r\n\tNodeGuid=b4114af6145a4dd7b693450ab724f3c8\r\n\tCustomProperties Pin (PinId=542d63460d7a428184422f73c0fe2633,PinName=\"Output\",LinkedTo=(SoundCueGraphNode_3 ed073669b9cc4f41818af31232b66532,),Direction=\"EGPD_Output\",)\r\n\tCustomProperties Pin (PinId=f53ef47bcb2b4a5788be0f67bc986829,PinName=\"Input\",LinkedTo=(SoundCueGraphNode_9 c1aa882ae9b945ca824f35f88c4b34fe,),)\r\nEnd Object\r\nBegin Object Class=/Script/AudioEditor.SoundCueGraphNode Name=\"SoundCueGraphNode_6\"\r\n\tBegin Object Class=/Script/Engine.SoundNodeEnveloper Name=\"SoundNodeEnveloper_5\"\r\n\tEnd Object\r\n\tBegin Object Name=\"SoundNodeEnveloper_5\"\r\n\t\tVolumeCurve=(EditorCurveData=(Keys=((InterpMode=RCIM_Linear, TangentMode=RCTM_Auto,TangentWeightMode=RCTWM_WeightedNone,Time=0.20000,Value=0.10000,ArriveTangent=0.00000,ArriveTangentWeight=0.00000,LeaveTangent=0.00000,LeaveTangentWeight=0.00000),(InterpMode=RCIM_Linear, TangentMode=RCTM_Auto,TangentWeightMode=RCTWM_WeightedNone,Time=0.30000,Value=1.00000,ArriveTangent=0.00000,ArriveTangentWeight=0.00000,LeaveTangent=0.00000,LeaveTangentWeight=0.00000))))\r\n\t\tPitchCurve=(EditorCurveData=(Keys=((InterpMode=RCIM_Linear, TangentMode=RCTM_Auto,TangentWeightMode=RCTWM_WeightedNone,Time=0.00000,Value=1.00000,ArriveTangent=0.00000,ArriveTangentWeight=0.00000,LeaveTangent=0.00000,LeaveTangentWeight=0.00000))))\r\n\t\tChildNodes(0)=SoundNodeModulator'\"SoundCueGraphNode_10.SoundNodeModulator_7\"'\r\n\t\tGraphNode=SoundCueGraphNode'\"SoundCueGraphNode_6\"'\r\n\tEnd Object\r\n\tSoundNode=SoundNodeEnveloper'\"SoundNodeEnveloper_5\"'\r\n\tNodePosX=-1200\r\n\tNodePosY=150\r\n\tNodeGuid=0a445bbc213a45a1acc27fa784eed5c8\r\n\tCustomProperties Pin (PinId=2ed7fd61c0d24d7da2f64b1267c9db06,PinName=\"Output\",LinkedTo=(SoundCueGraphNode_15 4c50ba3e93c9473ba5b380d456f8f274,),Direction=\"EGPD_Output\",)\r\n\tCustomProperties Pin (PinId=6aaed83b8ba64855a1908e6fddbb822f,PinName=\"Input\",LinkedTo=(SoundCueGraphNode_10 09e554b9103d4bc0a278e2669100de52,),)\r\nEnd Object\r\nBegin Object Class=/Script/AudioEditor.SoundCueGraphNode Name=\"SoundCueGraphNode_7\"\r\n\tBegin Object Class=/Script/Engine.SoundNodeEnveloper Name=\"SoundNodeEnveloper_7\"\r\n\tEnd Object\r\n\tBegin Object Name=\"SoundNodeEnveloper_7\"\r\n\t\tVolumeCurve=(EditorCurveData=(Keys=((InterpMode=RCIM_Linear, TangentMode=RCTM_Auto,TangentWeightMode=RCTWM_WeightedNone,Time=0.00000,Value=1.00000,ArriveTangent=0.00000,ArriveTangentWeight=0.00000,LeaveTangent=0.00000,LeaveTangentWeight=0.00000),(InterpMode=RCIM_Linear, TangentMode=RCTM_Auto,TangentWeightMode=RCTWM_WeightedNone,Time=0.20000,Value=1.00000,ArriveTangent=0.00000,ArriveTangentWeight=0.00000,LeaveTangent=0.00000,LeaveTangentWeight=0.00000),(InterpMode=RCIM_Linear, TangentMode=RCTM_Auto,TangentWeightMode=RCTWM_WeightedNone,Time=0.30000,Value=0.00000,ArriveTangent=0.00000,ArriveTangentWeight=0.00000,LeaveTangent=0.00000,LeaveTangentWeight=0.00000))))\r\n\t\tPitchCurve=(EditorCurveData=(Keys=((InterpMode=RCIM_Linear, TangentMode=RCTM_Auto,TangentWeightMode=RCTWM_WeightedNone,Time=0.00000,Value=1.00000,ArriveTangent=0.00000,ArriveTangentWeight=0.00000,LeaveTangent=0.00000,LeaveTangentWeight=0.00000))))\r\n\t\tChildNodes(0)=SoundNodeModulator'\"SoundCueGraphNode_10.SoundNodeModulator_7\"'\r\n\t\tGraphNode=SoundCueGraphNode'\"SoundCueGraphNode_7\"'\r\n\tEnd Object\r\n\tSoundNode=SoundNodeEnveloper'\"SoundNodeEnveloper_7\"'\r\n\tNodePosX=-1200\r\n\tNodePosY=0\r\n\tNodeGuid=7c4fefb2e2d34aa7aeac2211160436ad\r\n\tCustomProperties Pin (PinId=9521431ca5ea470e81712976b56432c4,PinName=\"Output\",LinkedTo=(SoundCueGraphNode_16 a2f0dc1740d1413394d082eafc97066b,),Direction=\"EGPD_Output\",)\r\n\tCustomProperties Pin (PinId=26189b8c0cc04fe59591b233cb0fa8d6,PinName=\"Input\",LinkedTo=(SoundCueGraphNode_10 09e554b9103d4bc0a278e2669100de52,),)\r\nEnd Object\r\nBegin Object Class=/Script/AudioEditor.SoundCueGraphNode Name=\"SoundCueGraphNode_8\"\r\n\tBegin Object Class=/Script/Engine.SoundNodeMixer Name=\"SoundNodeMixer_11\"\r\n\tEnd Object\r\n\tBegin Object Name=\"SoundNodeMixer_11\"\r\n\t\tInputVolume(0)=1.00000\r\n\t\tInputVolume(1)=1.00000\r\n\t\tChildNodes(0)=SoundNodeSoundClass'\"SoundCueGraphNode_16.SoundNodeSoundClass_7\"'\r\n\t\tChildNodes(1)=SoundNodeSoundClass'\"SoundCueGraphNode_15.SoundNodeSoundClass_6\"'\r\n\t\tGraphNode=SoundCueGraphNode'\"SoundCueGraphNode_8\"'\r\n\tEnd Object\r\n\tSoundNode=SoundNodeMixer'\"SoundNodeMixer_11\"'\r\n\tNodePosX=-600\r\n\tNodePosY=0\r\n\tNodeGuid=764e29459d4b4f6580a5cc8327b39c33\r\n\tCustomProperties Pin (PinId=6c06d4b213194f6298c6c86457f7261e,PinName=\"Output\",LinkedTo=(SoundCueGraphNode_1 f1e75dbeb8db42adace35ac658ccc304,),Direction=\"EGPD_Output\",)\r\n\tCustomProperties Pin (PinId=4d9848d742034470a2803867028a2cf0,PinName=\"Input\",LinkedTo=(SoundCueGraphNode_16 3a058150f2444c34ba4f3c56f8ed05f5,),)\r\n\tCustomProperties Pin (PinId=a88bcdc86dc24c70a51be0f15fa890b3,PinName=\"Input2\",LinkedTo=(SoundCueGraphNode_15 857cc3902cb24434b87cefd548c331db,),)\r\nEnd Object\r\nBegin Object Class=/Script/AudioEditor.SoundCueGraphNode Name=\"SoundCueGraphNode_9\"\r\n\tBegin Object Class=/Script/Engine.SoundNodeModulator Name=\"SoundNodeModulator_1\"\r\n\tEnd Object\r\n\tBegin Object Name=\"SoundNodeModulator_1\"\r\n\t\tPitchMin=1.80000\r\n\t\tPitchMax=2.00000\r\n\t\tChildNodes(0)=SoundNodeModulator'\"SoundCueGraphNode_11.SoundNodeModulator_8\"'\r\n\t\tGraphNode=SoundCueGraphNode'\"SoundCueGraphNode_9\"'\r\n\tEnd Object\r\n\tSoundNode=SoundNodeModulator'\"SoundNodeModulator_1\"'\r\n\tNodePosX=-1500\r\n\tNodePosY=300\r\n\tNodeGuid=337edd186c234ef78eb8cc4727718c50\r\n\tCustomProperties Pin (PinId=c1aa882ae9b945ca824f35f88c4b34fe,PinName=\"Output\",LinkedTo=(SoundCueGraphNode_5 f53ef47bcb2b4a5788be0f67bc986829,),Direction=\"EGPD_Output\",)\r\n\tCustomProperties Pin (PinId=3971b2cd665442bda55f9bfaebe538ab,PinName=\"Input\",LinkedTo=(SoundCueGraphNode_11 84fc8518f3ef41b9a9ec3dbec7420a5b,),)\r\nEnd Object\r\nBegin Object Class=/Script/AudioEditor.SoundCueGraphNode Name=\"SoundCueGraphNode_10\"\r\n\tBegin Object Class=/Script/Engine.SoundNodeModulator Name=\"SoundNodeModulator_7\"\r\n\tEnd Object\r\n\tBegin Object Name=\"SoundNodeModulator_7\"\r\n\t\tVolumeMin=2.00000\r\n\t\tVolumeMax=2.00000\r\n\t\tChildNodes(0)=SoundNodeRandom'\"SoundCueGraphNode_13.SoundNodeRandom_12\"'\r\n\t\tGraphNode=SoundCueGraphNode'\"SoundCueGraphNode_10\"'\r\n\tEnd Object\r\n\tSoundNode=SoundNodeModulator'\"SoundNodeModulator_7\"'\r\n\tNodePosX=-1500\r\n\tNodePosY=0\r\n\tNodeGuid=3ca017e4febb4f87b1c311a0be71e60d\r\n\tCustomProperties Pin (PinId=09e554b9103d4bc0a278e2669100de52,PinName=\"Output\",LinkedTo=(SoundCueGraphNode_7 26189b8c0cc04fe59591b233cb0fa8d6,),Direction=\"EGPD_Output\",)\r\n\tCustomProperties Pin (PinId=b369961f5af54416a6f700469330a6d5,PinName=\"Input\",LinkedTo=(SoundCueGraphNode_13 5cc9b40c0d27498ea1683fa933472d48,),)\r\nEnd Object\r\nBegin Object Class=/Script/AudioEditor.SoundCueGraphNode Name=\"SoundCueGraphNode_11\"\r\n\tBegin Object Class=/Script/Engine.SoundNodeModulator Name=\"SoundNodeModulator_8\"\r\n\tEnd Object\r\n\tBegin Object Name=\"SoundNodeModulator_8\"\r\n\t\tVolumeMin=2.00000\r\n\t\tVolumeMax=2.00000\r\n\t\tChildNodes(0)=SoundNodeRandom'\"SoundCueGraphNode_12.SoundNodeRandom_11\"'\r\n\t\tGraphNode=SoundCueGraphNode'\"SoundCueGraphNode_11\"'\r\n\tEnd Object\r\n\tSoundNode=SoundNodeModulator'\"SoundNodeModulator_8\"'\r\n\tNodePosX=-1800\r\n\tNodePosY=300\r\n\tNodeGuid=72d342681cdb4a81bc112e33b46a77ec\r\n\tCustomProperties Pin (PinId=84fc8518f3ef41b9a9ec3dbec7420a5b,PinName=\"Output\",LinkedTo=(SoundCueGraphNode_9 3971b2cd665442bda55f9bfaebe538ab,),Direction=\"EGPD_Output\",)\r\n\tCustomProperties Pin (PinId=2a39838d03e5428aa92c4af7c48ecad8,PinName=\"Input\",LinkedTo=(SoundCueGraphNode_12 0d883b5f319d4a91b52b8f0ab40061a1,),)\r\nEnd Object\r\nBegin Object Class=/Script/AudioEditor.SoundCueGraphNode Name=\"SoundCueGraphNode_12\"\r\n\tBegin Object Class=/Script/Engine.SoundNodeRandom Name=\"SoundNodeRandom_11\"\r\n\tEnd Object\r\n\tBegin Object Name=\"SoundNodeRandom_11\"\r\n\t\tWeights(0)=1.00000\r\n\t\tWeights(1)=1.00000\r\n\t\tWeights(2)=1.00000\r\n\t\tWeights(3)=1.00000\r\n\t\tWeights(4)=1.00000\r\n\t\tWeights(5)=1.00000\r\n\t\tWeights(6)=1.00000\r\n\t\tWeights(7)=1.00000\r\n\t\tChildNodes(0)=SoundNodeWavePlayer'\"SoundCueGraphNode_17.SoundNodeWavePlayer_54\"'\r\n\t\tChildNodes(1)=SoundNodeWavePlayer'\"SoundCueGraphNode_28.SoundNodeWavePlayer_65\"'\r\n\t\tChildNodes(2)=SoundNodeWavePlayer'\"SoundCueGraphNode_29.SoundNodeWavePlayer_66\"'\r\n\t\tChildNodes(3)=SoundNodeWavePlayer'\"SoundCueGraphNode_30.SoundNodeWavePlayer_67\"'\r\n\t\tChildNodes(4)=SoundNodeWavePlayer'\"SoundCueGraphNode_31.SoundNodeWavePlayer_68\"'\r\n\t\tChildNodes(5)=SoundNodeWavePlayer'\"SoundCueGraphNode_32.SoundNodeWavePlayer_69\"'\r\n\t\tChildNodes(6)=SoundNodeWavePlayer'\"SoundCueGraphNode_33.SoundNodeWavePlayer_70\"'\r\n\t\tChildNodes(7)=SoundNodeWavePlayer'\"SoundCueGraphNode_34.SoundNodeWavePlayer_71\"'\r\n\t\tGraphNode=SoundCueGraphNode'\"SoundCueGraphNode_12\"'\r\n\tEnd Object\r\n\tSoundNode=SoundNodeRandom'\"SoundNodeRandom_11\"'\r\n\tNodePosX=-2100\r\n\tNodePosY=1500\r\n\tNodeGuid=8e6bb6b4a8174f44b1771c839995fc31\r\n\tCustomProperties Pin (PinId=0d883b5f319d4a91b52b8f0ab40061a1,PinName=\"Output\",LinkedTo=(SoundCueGraphNode_11 2a39838d03e5428aa92c4af7c48ecad8,),Direction=\"EGPD_Output\",)\r\n\tCustomProperties Pin (PinId=192d26ac54634aa5a35ec0b501591cac,PinName=\"Input\",LinkedTo=(SoundCueGraphNode_17 fcbe66ca33034ba2937a25c469bcca80,),)\r\n\tCustomProperties Pin (PinId=9f6d2337b43e40abb0fb0ed201a9bfe9,PinName=\"Input2\",LinkedTo=(SoundCueGraphNode_28 f281ce25d3a94ca39fd406f19dc7e940,),)\r\n\tCustomProperties Pin (PinId=8823e2c0485a4a1886dc704566293002,PinName=\"Input3\",LinkedTo=(SoundCueGraphNode_29 c0893167a88747f7b126806ddc75c16b,),)\r\n\tCustomProperties Pin (PinId=dda4ecf8f5da4959842baaf10d462650,PinName=\"Input4\",LinkedTo=(SoundCueGraphNode_30 473039fa8d114de7850654b8df819f19,),)\r\n\tCustomProperties Pin (PinId=d5def2186ff6420b9b2ecf83d212f932,PinName=\"Input5\",LinkedTo=(SoundCueGraphNode_31 160d6efb47cc4f83b0ade86aa9df5284,),)\r\n\tCustomProperties Pin (PinId=b25803f7af4e4facbc08f5381ad89824,PinName=\"Input6\",LinkedTo=(SoundCueGraphNode_32 fe03588eae384773b07b5854d33e3229,),)\r\n\tCustomProperties Pin (PinId=17362f62b0f745cabd2c77f22333fa0f,PinName=\"Input7\",LinkedTo=(SoundCueGraphNode_33 1a6eb3c9e4354d41b8b2fdb4e3b49a9e,),)\r\n\tCustomProperties Pin (PinId=2ae2c681ce6f4e1c81fe832cb7e4d1f5,PinName=\"Input8\",LinkedTo=(SoundCueGraphNode_34 83a88fc9e0b04016ab46c12c2e2cd392,),)\r\nEnd Object\r\nBegin Object Class=/Script/AudioEditor.SoundCueGraphNode Name=\"SoundCueGraphNode_13\"\r\n\tBegin Object Class=/Script/Engine.SoundNodeRandom Name=\"SoundNodeRandom_12\"\r\n\tEnd Object\r\n\tBegin Object Name=\"SoundNodeRandom_12\"\r\n\t\tWeights(0)=1.00000\r\n\t\tWeights(1)=1.00000\r\n\t\tWeights(2)=1.00000\r\n\t\tWeights(3)=1.00000\r\n\t\tWeights(4)=1.00000\r\n\t\tWeights(5)=1.00000\r\n\t\tWeights(6)=1.00000\r\n\t\tWeights(7)=1.00000\r\n\t\tWeights(8)=1.00000\r\n\t\tWeights(9)=1.00000\r\n\t\tChildNodes(0)=SoundNodeWavePlayer'\"SoundCueGraphNode_18.SoundNodeWavePlayer_55\"'\r\n\t\tChildNodes(1)=SoundNodeWavePlayer'\"SoundCueGraphNode_19.SoundNodeWavePlayer_56\"'\r\n\t\tChildNodes(2)=SoundNodeWavePlayer'\"SoundCueGraphNode_20.SoundNodeWavePlayer_57\"'\r\n\t\tChildNodes(3)=SoundNodeWavePlayer'\"SoundCueGraphNode_21.SoundNodeWavePlayer_58\"'\r\n\t\tChildNodes(4)=SoundNodeWavePlayer'\"SoundCueGraphNode_22.SoundNodeWavePlayer_59\"'\r\n\t\tChildNodes(5)=SoundNodeWavePlayer'\"SoundCueGraphNode_23.SoundNodeWavePlayer_60\"'\r\n\t\tChildNodes(6)=SoundNodeWavePlayer'\"SoundCueGraphNode_24.SoundNodeWavePlayer_61\"'\r\n\t\tChildNodes(7)=SoundNodeWavePlayer'\"SoundCueGraphNode_25.SoundNodeWavePlayer_62\"'\r\n\t\tChildNodes(8)=SoundNodeWavePlayer'\"SoundCueGraphNode_26.SoundNodeWavePlayer_63\"'\r\n\t\tChildNodes(9)=SoundNodeWavePlayer'\"SoundCueGraphNode_27.SoundNodeWavePlayer_64\"'\r\n\t\tGraphNode=SoundCueGraphNode'\"SoundCueGraphNode_13\"'\r\n\tEnd Object\r\n\tSoundNode=SoundNodeRandom'\"SoundNodeRandom_12\"'\r\n\tNodePosX=-1800\r\n\tNodePosY=0\r\n\tNodeGuid=659eb18129da4d708e5a370b28ebb279\r\n\tCustomProperties Pin (PinId=5cc9b40c0d27498ea1683fa933472d48,PinName=\"Output\",LinkedTo=(SoundCueGraphNode_10 b369961f5af54416a6f700469330a6d5,),Direction=\"EGPD_Output\",)\r\n\tCustomProperties Pin (PinId=e62664de59aa4458bbbcffa06e78dd3c,PinName=\"Input\",LinkedTo=(SoundCueGraphNode_18 46b512190e894151a3e5addafd102a82,),)\r\n\tCustomProperties Pin (PinId=df383193ec6d4f78982a3957dc5900a6,PinName=\"Input2\",LinkedTo=(SoundCueGraphNode_19 0d506d170903403189178b85a4b9c72d,),)\r\n\tCustomProperties Pin (PinId=15cc27ae6322432bbd3297740ee0370d,PinName=\"Input3\",LinkedTo=(SoundCueGraphNode_20 85f3b036701345f29224fb05023f79e0,),)\r\n\tCustomProperties Pin (PinId=f0f33e2fa8414e1caef9e7f2a212f7c8,PinName=\"Input4\",LinkedTo=(SoundCueGraphNode_21 4ca3189b9d5d422b831f6a0d5becc0a3,),)\r\n\tCustomProperties Pin (PinId=f25f6be831344129af310eacb0ad2855,PinName=\"Input5\",LinkedTo=(SoundCueGraphNode_22 f086488a0e0f40afb1df6eda49c445f3,),)\r\n\tCustomProperties Pin (PinId=429b94d3e0264b5a9570eaffd2b72751,PinName=\"Input6\",LinkedTo=(SoundCueGraphNode_23 39db6585f3824db19f224fbcc4f07e2e,),)\r\n\tCustomProperties Pin (PinId=5aeae87363a64488b1acd80fed494646,PinName=\"Input7\",LinkedTo=(SoundCueGraphNode_24 b3ebc038738d4997bff7da087b8ee6b1,),)\r\n\tCustomProperties Pin (PinId=1fcb3ad08c0c47a79f5371f2c4b0e7e5,PinName=\"Input8\",LinkedTo=(SoundCueGraphNode_25 f0cffbd8c97b49d08ecd359541af0ed7,),)\r\n\tCustomProperties Pin (PinId=893e425780344cea80c0c37c36e2c0d8,PinName=\"Input9\",LinkedTo=(SoundCueGraphNode_26 0a12f8567425417e97c6c8fb78981bf2,),)\r\n\tCustomProperties Pin (PinId=d5a529af4f6a49c098fdee34275f223f,PinName=\"Input10\",LinkedTo=(SoundCueGraphNode_27 8d0210a11fb240969f25b94f89bd6797,),)\r\nEnd Object\r\nBegin Object Class=/Script/AudioEditor.SoundCueGraphNode Name=\"SoundCueGraphNode_14\"\r\n\tBegin Object Class=/Script/Engine.SoundNodeSoundClass Name=\"SoundNodeSoundClass_5\"\r\n\tEnd Object\r\n\tBegin Object Name=\"SoundNodeSoundClass_5\"\r\n\t\tSoundClassOverride=SoundClass'\"/Game/Audio/SoundControl/SoundClasses/ExplosionsTail.ExplosionsTail\"'\r\n\t\tChildNodes(0)=SoundNodeDelay'\"SoundCueGraphNode_3.SoundNodeDelay_0\"'\r\n\t\tGraphNode=SoundCueGraphNode'\"SoundCueGraphNode_14\"'\r\n\tEnd Object\r\n\tSoundNode=SoundNodeSoundClass'\"SoundNodeSoundClass_5\"'\r\n\tNodePosX=-600\r\n\tNodePosY=150\r\n\tNodeGuid=8b915164b37244ba88f556ba7a9e3ddc\r\n\tCustomProperties Pin (PinId=7b92f2b5585e4d52b732dd24330fdff0,PinName=\"Output\",LinkedTo=(SoundCueGraphNode_2 244e45fd87174c42bd58713feab3aaf2,),Direction=\"EGPD_Output\",)\r\n\tCustomProperties Pin (PinId=4025414a415a484aa32d039dee9d7f7e,PinName=\"Input\",LinkedTo=(SoundCueGraphNode_3 b44b35a85a3f432382127d562416f2eb,),)\r\nEnd Object\r\nBegin Object Class=/Script/AudioEditor.SoundCueGraphNode Name=\"SoundCueGraphNode_15\"\r\n\tBegin Object Class=/Script/Engine.SoundNodeSoundClass Name=\"SoundNodeSoundClass_6\"\r\n\tEnd Object\r\n\tBegin Object Name=\"SoundNodeSoundClass_6\"\r\n\t\tSoundClassOverride=SoundClass'\"/Game/Audio/SoundControl/SoundClasses/ExplosionsManualMix.ExplosionsManualMix\"'\r\n\t\tChildNodes(0)=SoundNodeEnveloper'\"SoundCueGraphNode_6.SoundNodeEnveloper_5\"'\r\n\t\tGraphNode=SoundCueGraphNode'\"SoundCueGraphNode_15\"'\r\n\tEnd Object\r\n\tSoundNode=SoundNodeSoundClass'\"SoundNodeSoundClass_6\"'\r\n\tNodePosX=-900\r\n\tNodePosY=150\r\n\tNodeGuid=35147f8da4c64d8db2ce274c91a4aeef\r\n\tCustomProperties Pin (PinId=857cc3902cb24434b87cefd548c331db,PinName=\"Output\",LinkedTo=(SoundCueGraphNode_8 a88bcdc86dc24c70a51be0f15fa890b3,),Direction=\"EGPD_Output\",)\r\n\tCustomProperties Pin (PinId=4c50ba3e93c9473ba5b380d456f8f274,PinName=\"Input\",LinkedTo=(SoundCueGraphNode_6 2ed7fd61c0d24d7da2f64b1267c9db06,),)\r\nEnd Object\r\nBegin Object Class=/Script/AudioEditor.SoundCueGraphNode Name=\"SoundCueGraphNode_16\"\r\n\tBegin Object Class=/Script/Engine.SoundNodeSoundClass Name=\"SoundNodeSoundClass_7\"\r\n\tEnd Object\r\n\tBegin Object Name=\"SoundNodeSoundClass_7\"\r\n\t\tSoundClassOverride=SoundClass'\"/Game/Audio/SoundControl/SoundClasses/ExplosionsCoreAutoMix.ExplosionsCoreAutoMix\"'\r\n\t\tChildNodes(0)=SoundNodeEnveloper'\"SoundCueGraphNode_7.SoundNodeEnveloper_7\"'\r\n\t\tGraphNode=SoundCueGraphNode'\"SoundCueGraphNode_16\"'\r\n\tEnd Object\r\n\tSoundNode=SoundNodeSoundClass'\"SoundNodeSoundClass_7\"'\r\n\tNodePosX=-900\r\n\tNodePosY=0\r\n\tNodeGuid=bc35c845653d46d6b148e52c1aba9d7f\r\n\tCustomProperties Pin (PinId=3a058150f2444c34ba4f3c56f8ed05f5,PinName=\"Output\",LinkedTo=(SoundCueGraphNode_8 4d9848d742034470a2803867028a2cf0,),Direction=\"EGPD_Output\",)\r\n\tCustomProperties Pin (PinId=a2f0dc1740d1413394d082eafc97066b,PinName=\"Input\",LinkedTo=(SoundCueGraphNode_7 9521431ca5ea470e81712976b56432c4,),)\r\nEnd Object\r\nBegin Object Class=/Script/AudioEditor.SoundCueGraphNode Name=\"SoundCueGraphNode_17\"\r\n\tBegin Object Class=/Script/Engine.SoundNodeWavePlayer Name=\"SoundNodeWavePlayer_54\"\r\n\tEnd Object\r\n\tBegin Object Name=\"SoundNodeWavePlayer_54\"\r\n\t\tSoundWaveAssetPtr=/Game/Audio/SFX/WeaponsNTools/ITM_Grenades/ClusterGrenade/ClusterGrenadeExplosionCombined/ClusterGrenadeExplosionCombinedB_8.ClusterGrenadeExplosionCombinedB_8\r\n\t\tGraphNode=SoundCueGraphNode'\"SoundCueGraphNode_17\"'\r\n\tEnd Object\r\n\tSoundNode=SoundNodeWavePlayer'\"SoundNodeWavePlayer_54\"'\r\n\tNodePosX=-2550\r\n\tNodePosY=1500\r\n\tNodeGuid=d376c9b71d384539959c0a7e58e17e7c\r\n\tCustomProperties Pin (PinId=fcbe66ca33034ba2937a25c469bcca80,PinName=\"Output\",LinkedTo=(SoundCueGraphNode_12 192d26ac54634aa5a35ec0b501591cac,),Direction=\"EGPD_Output\",)\r\nEnd Object\r\nBegin Object Class=/Script/AudioEditor.SoundCueGraphNode Name=\"SoundCueGraphNode_18\"\r\n\tBegin Object Class=/Script/Engine.SoundNodeWavePlayer Name=\"SoundNodeWavePlayer_55\"\r\n\tEnd Object\r\n\tBegin Object Name=\"SoundNodeWavePlayer_55\"\r\n\t\tSoundWaveAssetPtr=/Game/Audio/SFX/WeaponsNTools/ITM_Grenades/ClusterGrenade/ClusterGrenadeExplosionCombined/ClusterGrenadeExplosionCombinedA_10.ClusterGrenadeExplosionCombinedA_10\r\n\t\tGraphNode=SoundCueGraphNode'\"SoundCueGraphNode_18\"'\r\n\tEnd Object\r\n\tSoundNode=SoundNodeWavePlayer'\"SoundNodeWavePlayer_55\"'\r\n\tNodePosX=-2250\r\n\tNodePosY=0\r\n\tNodeGuid=d3135462ce3d46d59864c04f571eb157\r\n\tCustomProperties Pin (PinId=46b512190e894151a3e5addafd102a82,PinName=\"Output\",LinkedTo=(SoundCueGraphNode_13 e62664de59aa4458bbbcffa06e78dd3c,),Direction=\"EGPD_Output\",)\r\nEnd Object\r\nBegin Object Class=/Script/AudioEditor.SoundCueGraphNode Name=\"SoundCueGraphNode_19\"\r\n\tBegin Object Class=/Script/Engine.SoundNodeWavePlayer Name=\"SoundNodeWavePlayer_56\"\r\n\tEnd Object\r\n\tBegin Object Name=\"SoundNodeWavePlayer_56\"\r\n\t\tSoundWaveAssetPtr=/Game/Audio/SFX/WeaponsNTools/ITM_Grenades/ClusterGrenade/ClusterGrenadeExplosionCombined/ClusterGrenadeExplosionCombinedA_01.ClusterGrenadeExplosionCombinedA_01\r\n\t\tGraphNode=SoundCueGraphNode'\"SoundCueGraphNode_19\"'\r\n\tEnd Object\r\n\tSoundNode=SoundNodeWavePlayer'\"SoundNodeWavePlayer_56\"'\r\n\tNodePosX=-2250\r\n\tNodePosY=150\r\n\tNodeGuid=00324706ce2943178e3ba21dcb17a231\r\n\tCustomProperties Pin (PinId=0d506d170903403189178b85a4b9c72d,PinName=\"Output\",LinkedTo=(SoundCueGraphNode_13 df383193ec6d4f78982a3957dc5900a6,),Direction=\"EGPD_Output\",)\r\nEnd Object\r\nBegin Object Class=/Script/AudioEditor.SoundCueGraphNode Name=\"SoundCueGraphNode_20\"\r\n\tBegin Object Class=/Script/Engine.SoundNodeWavePlayer Name=\"SoundNodeWavePlayer_57\"\r\n\tEnd Object\r\n\tBegin Object Name=\"SoundNodeWavePlayer_57\"\r\n\t\tSoundWaveAssetPtr=/Game/Audio/SFX/WeaponsNTools/ITM_Grenades/ClusterGrenade/ClusterGrenadeExplosionCombined/ClusterGrenadeExplosionCombinedA_02.ClusterGrenadeExplosionCombinedA_02\r\n\t\tGraphNode=SoundCueGraphNode'\"SoundCueGraphNode_20\"'\r\n\tEnd Object\r\n\tSoundNode=SoundNodeWavePlayer'\"SoundNodeWavePlayer_57\"'\r\n\tNodePosX=-2250\r\n\tNodePosY=300\r\n\tNodeGuid=c9a9efefcf69454484bd5856f0591848\r\n\tCustomProperties Pin (PinId=85f3b036701345f29224fb05023f79e0,PinName=\"Output\",LinkedTo=(SoundCueGraphNode_13 15cc27ae6322432bbd3297740ee0370d,),Direction=\"EGPD_Output\",)\r\nEnd Object\r\nBegin Object Class=/Script/AudioEditor.SoundCueGraphNode Name=\"SoundCueGraphNode_21\"\r\n\tBegin Object Class=/Script/Engine.SoundNodeWavePlayer Name=\"SoundNodeWavePlayer_58\"\r\n\tEnd Object\r\n\tBegin Object Name=\"SoundNodeWavePlayer_58\"\r\n\t\tSoundWaveAssetPtr=/Game/Audio/SFX/WeaponsNTools/ITM_Grenades/ClusterGrenade/ClusterGrenadeExplosionCombined/ClusterGrenadeExplosionCombinedA_03.ClusterGrenadeExplosionCombinedA_03\r\n\t\tGraphNode=SoundCueGraphNode'\"SoundCueGraphNode_21\"'\r\n\tEnd Object\r\n\tSoundNode=SoundNodeWavePlayer'\"SoundNodeWavePlayer_58\"'\r\n\tNodePosX=-2250\r\n\tNodePosY=450\r\n\tNodeGuid=c2c66f2b600e43968657ff608934180b\r\n\tCustomProperties Pin (PinId=4ca3189b9d5d422b831f6a0d5becc0a3,PinName=\"Output\",LinkedTo=(SoundCueGraphNode_13 f0f33e2fa8414e1caef9e7f2a212f7c8,),Direction=\"EGPD_Output\",)\r\nEnd Object\r\nBegin Object Class=/Script/AudioEditor.SoundCueGraphNode Name=\"SoundCueGraphNode_22\"\r\n\tBegin Object Class=/Script/Engine.SoundNodeWavePlayer Name=\"SoundNodeWavePlayer_59\"\r\n\tEnd Object\r\n\tBegin Object Name=\"SoundNodeWavePlayer_59\"\r\n\t\tSoundWaveAssetPtr=/Game/Audio/SFX/WeaponsNTools/ITM_Grenades/ClusterGrenade/ClusterGrenadeExplosionCombined/ClusterGrenadeExplosionCombinedA_04.ClusterGrenadeExplosionCombinedA_04\r\n\t\tGraphNode=SoundCueGraphNode'\"SoundCueGraphNode_22\"'\r\n\tEnd Object\r\n\tSoundNode=SoundNodeWavePlayer'\"SoundNodeWavePlayer_59\"'\r\n\tNodePosX=-2250\r\n\tNodePosY=600\r\n\tNodeGuid=7397b94e265e45eeb065b9096d95187b\r\n\tCustomProperties Pin (PinId=f086488a0e0f40afb1df6eda49c445f3,PinName=\"Output\",LinkedTo=(SoundCueGraphNode_13 f25f6be831344129af310eacb0ad2855,),Direction=\"EGPD_Output\",)\r\nEnd Object\r\nBegin Object Class=/Script/AudioEditor.SoundCueGraphNode Name=\"SoundCueGraphNode_23\"\r\n\tBegin Object Class=/Script/Engine.SoundNodeWavePlayer Name=\"SoundNodeWavePlayer_60\"\r\n\tEnd Object\r\n\tBegin Object Name=\"SoundNodeWavePlayer_60\"\r\n\t\tSoundWaveAssetPtr=/Game/Audio/SFX/WeaponsNTools/ITM_Grenades/ClusterGrenade/ClusterGrenadeExplosionCombined/ClusterGrenadeExplosionCombinedA_05.ClusterGrenadeExplosionCombinedA_05\r\n\t\tGraphNode=SoundCueGraphNode'\"SoundCueGraphNode_23\"'\r\n\tEnd Object\r\n\tSoundNode=SoundNodeWavePlayer'\"SoundNodeWavePlayer_60\"'\r\n\tNodePosX=-2250\r\n\tNodePosY=750\r\n\tNodeGuid=222676559ca649a88ca990c4090052e1\r\n\tCustomProperties Pin (PinId=39db6585f3824db19f224fbcc4f07e2e,PinName=\"Output\",LinkedTo=(SoundCueGraphNode_13 429b94d3e0264b5a9570eaffd2b72751,),Direction=\"EGPD_Output\",)\r\nEnd Object\r\nBegin Object Class=/Script/AudioEditor.SoundCueGraphNode Name=\"SoundCueGraphNode_24\"\r\n\tBegin Object Class=/Script/Engine.SoundNodeWavePlayer Name=\"SoundNodeWavePlayer_61\"\r\n\tEnd Object\r\n\tBegin Object Name=\"SoundNodeWavePlayer_61\"\r\n\t\tSoundWaveAssetPtr=/Game/Audio/SFX/WeaponsNTools/ITM_Grenades/ClusterGrenade/ClusterGrenadeExplosionCombined/ClusterGrenadeExplosionCombinedA_06.ClusterGrenadeExplosionCombinedA_06\r\n\t\tGraphNode=SoundCueGraphNode'\"SoundCueGraphNode_24\"'\r\n\tEnd Object\r\n\tSoundNode=SoundNodeWavePlayer'\"SoundNodeWavePlayer_61\"'\r\n\tNodePosX=-2250\r\n\tNodePosY=900\r\n\tNodeGuid=15329a435edd40babe16df7418cdb69f\r\n\tCustomProperties Pin (PinId=b3ebc038738d4997bff7da087b8ee6b1,PinName=\"Output\",LinkedTo=(SoundCueGraphNode_13 5aeae87363a64488b1acd80fed494646,),Direction=\"EGPD_Output\",)\r\nEnd Object\r\nBegin Object Class=/Script/AudioEditor.SoundCueGraphNode Name=\"SoundCueGraphNode_25\"\r\n\tBegin Object Class=/Script/Engine.SoundNodeWavePlayer Name=\"SoundNodeWavePlayer_62\"\r\n\tEnd Object\r\n\tBegin Object Name=\"SoundNodeWavePlayer_62\"\r\n\t\tSoundWaveAssetPtr=/Game/Audio/SFX/WeaponsNTools/ITM_Grenades/ClusterGrenade/ClusterGrenadeExplosionCombined/ClusterGrenadeExplosionCombinedA_07.ClusterGrenadeExplosionCombinedA_07\r\n\t\tGraphNode=SoundCueGraphNode'\"SoundCueGraphNode_25\"'\r\n\tEnd Object\r\n\tSoundNode=SoundNodeWavePlayer'\"SoundNodeWavePlayer_62\"'\r\n\tNodePosX=-2250\r\n\tNodePosY=1050\r\n\tNodeGuid=e05141a65c0641e5917adb48a1b80810\r\n\tCustomProperties Pin (PinId=f0cffbd8c97b49d08ecd359541af0ed7,PinName=\"Output\",LinkedTo=(SoundCueGraphNode_13 1fcb3ad08c0c47a79f5371f2c4b0e7e5,),Direction=\"EGPD_Output\",)\r\nEnd Object\r\nBegin Object Class=/Script/AudioEditor.SoundCueGraphNode Name=\"SoundCueGraphNode_26\"\r\n\tBegin Object Class=/Script/Engine.SoundNodeWavePlayer Name=\"SoundNodeWavePlayer_63\"\r\n\tEnd Object\r\n\tBegin Object Name=\"SoundNodeWavePlayer_63\"\r\n\t\tSoundWaveAssetPtr=/Game/Audio/SFX/WeaponsNTools/ITM_Grenades/ClusterGrenade/ClusterGrenadeExplosionCombined/ClusterGrenadeExplosionCombinedA_08.ClusterGrenadeExplosionCombinedA_08\r\n\t\tGraphNode=SoundCueGraphNode'\"SoundCueGraphNode_26\"'\r\n\tEnd Object\r\n\tSoundNode=SoundNodeWavePlayer'\"SoundNodeWavePlayer_63\"'\r\n\tNodePosX=-2250\r\n\tNodePosY=1200\r\n\tNodeGuid=ae773a0859794baf981880855d829855\r\n\tCustomProperties Pin (PinId=0a12f8567425417e97c6c8fb78981bf2,PinName=\"Output\",LinkedTo=(SoundCueGraphNode_13 893e425780344cea80c0c37c36e2c0d8,),Direction=\"EGPD_Output\",)\r\nEnd Object\r\nBegin Object Class=/Script/AudioEditor.SoundCueGraphNode Name=\"SoundCueGraphNode_27\"\r\n\tBegin Object Class=/Script/Engine.SoundNodeWavePlayer Name=\"SoundNodeWavePlayer_64\"\r\n\tEnd Object\r\n\tBegin Object Name=\"SoundNodeWavePlayer_64\"\r\n\t\tSoundWaveAssetPtr=/Game/Audio/SFX/WeaponsNTools/ITM_Grenades/ClusterGrenade/ClusterGrenadeExplosionCombined/ClusterGrenadeExplosionCombinedA_09.ClusterGrenadeExplosionCombinedA_09\r\n\t\tGraphNode=SoundCueGraphNode'\"SoundCueGraphNode_27\"'\r\n\tEnd Object\r\n\tSoundNode=SoundNodeWavePlayer'\"SoundNodeWavePlayer_64\"'\r\n\tNodePosX=-2250\r\n\tNodePosY=1350\r\n\tNodeGuid=258c3fdc2daf455b98afb8677035364b\r\n\tCustomProperties Pin (PinId=8d0210a11fb240969f25b94f89bd6797,PinName=\"Output\",LinkedTo=(SoundCueGraphNode_13 d5a529af4f6a49c098fdee34275f223f,),Direction=\"EGPD_Output\",)\r\nEnd Object\r\nBegin Object Class=/Script/AudioEditor.SoundCueGraphNode Name=\"SoundCueGraphNode_28\"\r\n\tBegin Object Class=/Script/Engine.SoundNodeWavePlayer Name=\"SoundNodeWavePlayer_65\"\r\n\tEnd Object\r\n\tBegin Object Name=\"SoundNodeWavePlayer_65\"\r\n\t\tSoundWaveAssetPtr=/Game/Audio/SFX/WeaponsNTools/ITM_Grenades/ClusterGrenade/ClusterGrenadeExplosionCombined/ClusterGrenadeExplosionCombinedB_1.ClusterGrenadeExplosionCombinedB_1\r\n\t\tGraphNode=SoundCueGraphNode'\"SoundCueGraphNode_28\"'\r\n\tEnd Object\r\n\tSoundNode=SoundNodeWavePlayer'\"SoundNodeWavePlayer_65\"'\r\n\tNodePosX=-2550\r\n\tNodePosY=1650\r\n\tNodeGuid=a62ad3877e60471dab556bb35d5640a8\r\n\tCustomProperties Pin (PinId=f281ce25d3a94ca39fd406f19dc7e940,PinName=\"Output\",LinkedTo=(SoundCueGraphNode_12 9f6d2337b43e40abb0fb0ed201a9bfe9,),Direction=\"EGPD_Output\",)\r\nEnd Object\r\nBegin Object Class=/Script/AudioEditor.SoundCueGraphNode Name=\"SoundCueGraphNode_29\"\r\n\tBegin Object Class=/Script/Engine.SoundNodeWavePlayer Name=\"SoundNodeWavePlayer_66\"\r\n\tEnd Object\r\n\tBegin Object Name=\"SoundNodeWavePlayer_66\"\r\n\t\tSoundWaveAssetPtr=/Game/Audio/SFX/WeaponsNTools/ITM_Grenades/ClusterGrenade/ClusterGrenadeExplosionCombined/ClusterGrenadeExplosionCombinedB_2.ClusterGrenadeExplosionCombinedB_2\r\n\t\tGraphNode=SoundCueGraphNode'\"SoundCueGraphNode_29\"'\r\n\tEnd Object\r\n\tSoundNode=SoundNodeWavePlayer'\"SoundNodeWavePlayer_66\"'\r\n\tNodePosX=-2550\r\n\tNodePosY=1800\r\n\tNodeGuid=32635a95c6654f879b24656e3a14acae\r\n\tCustomProperties Pin (PinId=c0893167a88747f7b126806ddc75c16b,PinName=\"Output\",LinkedTo=(SoundCueGraphNode_12 8823e2c0485a4a1886dc704566293002,),Direction=\"EGPD_Output\",)\r\nEnd Object\r\nBegin Object Class=/Script/AudioEditor.SoundCueGraphNode Name=\"SoundCueGraphNode_30\"\r\n\tBegin Object Class=/Script/Engine.SoundNodeWavePlayer Name=\"SoundNodeWavePlayer_67\"\r\n\tEnd Object\r\n\tBegin Object Name=\"SoundNodeWavePlayer_67\"\r\n\t\tSoundWaveAssetPtr=/Game/Audio/SFX/WeaponsNTools/ITM_Grenades/ClusterGrenade/ClusterGrenadeExplosionCombined/ClusterGrenadeExplosionCombinedB_3.ClusterGrenadeExplosionCombinedB_3\r\n\t\tGraphNode=SoundCueGraphNode'\"SoundCueGraphNode_30\"'\r\n\tEnd Object\r\n\tSoundNode=SoundNodeWavePlayer'\"SoundNodeWavePlayer_67\"'\r\n\tNodePosX=-2550\r\n\tNodePosY=1950\r\n\tNodeGuid=132dabb753984b319cc6e4375f8d858b\r\n\tCustomProperties Pin (PinId=473039fa8d114de7850654b8df819f19,PinName=\"Output\",LinkedTo=(SoundCueGraphNode_12 dda4ecf8f5da4959842baaf10d462650,),Direction=\"EGPD_Output\",)\r\nEnd Object\r\nBegin Object Class=/Script/AudioEditor.SoundCueGraphNode Name=\"SoundCueGraphNode_31\"\r\n\tBegin Object Class=/Script/Engine.SoundNodeWavePlayer Name=\"SoundNodeWavePlayer_68\"\r\n\tEnd Object\r\n\tBegin Object Name=\"SoundNodeWavePlayer_68\"\r\n\t\tSoundWaveAssetPtr=/Game/Audio/SFX/WeaponsNTools/ITM_Grenades/ClusterGrenade/ClusterGrenadeExplosionCombined/ClusterGrenadeExplosionCombinedB_4.ClusterGrenadeExplosionCombinedB_4\r\n\t\tGraphNode=SoundCueGraphNode'\"SoundCueGraphNode_31\"'\r\n\tEnd Object\r\n\tSoundNode=SoundNodeWavePlayer'\"SoundNodeWavePlayer_68\"'\r\n\tNodePosX=-2550\r\n\tNodePosY=2100\r\n\tNodeGuid=9b74bba06fbf4cbb96ca6670b3c25563\r\n\tCustomProperties Pin (PinId=160d6efb47cc4f83b0ade86aa9df5284,PinName=\"Output\",LinkedTo=(SoundCueGraphNode_12 d5def2186ff6420b9b2ecf83d212f932,),Direction=\"EGPD_Output\",)\r\nEnd Object\r\nBegin Object Class=/Script/AudioEditor.SoundCueGraphNode Name=\"SoundCueGraphNode_32\"\r\n\tBegin Object Class=/Script/Engine.SoundNodeWavePlayer Name=\"SoundNodeWavePlayer_69\"\r\n\tEnd Object\r\n\tBegin Object Name=\"SoundNodeWavePlayer_69\"\r\n\t\tSoundWaveAssetPtr=/Game/Audio/SFX/WeaponsNTools/ITM_Grenades/ClusterGrenade/ClusterGrenadeExplosionCombined/ClusterGrenadeExplosionCombinedB_5.ClusterGrenadeExplosionCombinedB_5\r\n\t\tGraphNode=SoundCueGraphNode'\"SoundCueGraphNode_32\"'\r\n\tEnd Object\r\n\tSoundNode=SoundNodeWavePlayer'\"SoundNodeWavePlayer_69\"'\r\n\tNodePosX=-2550\r\n\tNodePosY=2250\r\n\tNodeGuid=867cc4ccb4cf48cbaa7ee16ea6ba4444\r\n\tCustomProperties Pin (PinId=fe03588eae384773b07b5854d33e3229,PinName=\"Output\",LinkedTo=(SoundCueGraphNode_12 b25803f7af4e4facbc08f5381ad89824,),Direction=\"EGPD_Output\",)\r\nEnd Object\r\nBegin Object Class=/Script/AudioEditor.SoundCueGraphNode Name=\"SoundCueGraphNode_33\"\r\n\tBegin Object Class=/Script/Engine.SoundNodeWavePlayer Name=\"SoundNodeWavePlayer_70\"\r\n\tEnd Object\r\n\tBegin Object Name=\"SoundNodeWavePlayer_70\"\r\n\t\tSoundWaveAssetPtr=/Game/Audio/SFX/WeaponsNTools/ITM_Grenades/ClusterGrenade/ClusterGrenadeExplosionCombined/ClusterGrenadeExplosionCombinedB_6.ClusterGrenadeExplosionCombinedB_6\r\n\t\tGraphNode=SoundCueGraphNode'\"SoundCueGraphNode_33\"'\r\n\tEnd Object\r\n\tSoundNode=SoundNodeWavePlayer'\"SoundNodeWavePlayer_70\"'\r\n\tNodePosX=-2550\r\n\tNodePosY=2400\r\n\tNodeGuid=3ce20f9bb0d8410fba374f0d05ef9af2\r\n\tCustomProperties Pin (PinId=1a6eb3c9e4354d41b8b2fdb4e3b49a9e,PinName=\"Output\",LinkedTo=(SoundCueGraphNode_12 17362f62b0f745cabd2c77f22333fa0f,),Direction=\"EGPD_Output\",)\r\nEnd Object\r\nBegin Object Class=/Script/AudioEditor.SoundCueGraphNode Name=\"SoundCueGraphNode_34\"\r\n\tBegin Object Class=/Script/Engine.SoundNodeWavePlayer Name=\"SoundNodeWavePlayer_71\"\r\n\tEnd Object\r\n\tBegin Object Name=\"SoundNodeWavePlayer_71\"\r\n\t\tSoundWaveAssetPtr=/Game/Audio/SFX/WeaponsNTools/ITM_Grenades/ClusterGrenade/ClusterGrenadeExplosionCombined/ClusterGrenadeExplosionCombinedB_7.ClusterGrenadeExplosionCombinedB_7\r\n\t\tGraphNode=SoundCueGraphNode'\"SoundCueGraphNode_34\"'\r\n\tEnd Object\r\n\tSoundNode=SoundNodeWavePlayer'\"SoundNodeWavePlayer_71\"'\r\n\tNodePosX=-2550\r\n\tNodePosY=2550\r\n\tNodeGuid=c3138cde8ad64f9189101bbed32ab02d\r\n\tCustomProperties Pin (PinId=83a88fc9e0b04016ab46c12c2e2cd392,PinName=\"Output\",LinkedTo=(SoundCueGraphNode_12 2ae2c681ce6f4e1c81fe832cb7e4d1f5,),Direction=\"EGPD_Output\",)\r\nEnd Object",
    "AssetObjectData": {
      "VolumeMultiplier": 0.6,
      "PitchMultiplier": 1.4,
      "AttenuationOverrides": {
        "bAttenuateWithLPF": true,
        "LPFRadiusMin": 1000.0,
        "LPFRadiusMax": 2000.0,
        "DistanceAlgorithm": "EAttenuationDistanceModel::Logarithmic",
        "AttenuationShapeExtents": {
          "X": 1000.0,
          "Y": 0.0,
          "Z": 0.0
        },
        "FalloffDistance": 6000.0
      },
      "bHasDelayNode": true,
      "ConcurrencySet": [
        44
      ],
      "ConcurrencyOverrides": {
        "ResolutionRule": "EMaxConcurrentResolutionRule::PreventNew"
      },
      "Duration": 4.3909583,
      "MaxDistance": 12000.0,
      "SoundSubmixObject": 56,
      "SoundSubmixSends": [
        {
          "SendLevelControlMethod": "ESendLevelControlMethod::CustomCurve",
          "SendStage": "ESubmixSendStage::PostDistanceAttenuation",
          "SoundSubmix": 55,
          "SendLevel": 1.0,
          "MinSendLevel": 1.0,
          "MaxSendLevel": 0.0,
          "MinSendDistance": 200.0,
          "MaxSendDistance": 2000.0,
          "CustomSendLevelCurve": {
            "EditorCurveData": {
              "Keys": [],
              "DefaultValue": 3.4028235E+38,
              "PreInfinityExtrap": "RCCE_Constant",
              "PostInfinityExtrap": "RCCE_Constant"
            },
            "ExternalCurve": 10
          }
        }
      ],
      "$ReferencedObjects": [
        44,
        56,
        55,
        10
      ]
    }
  },
  "ObjectHierarchy": [
    {
      "ObjectIndex": 0,
      "Type": "Import",
      "ClassPackage": "/Script/CoreUObject",
      "ClassName": "Class",
      "Outer": 38,
      "ObjectName": "SoundCue"
    },
    {
      "ObjectIndex": 1,
      "Type": "Import",
      "ClassPackage": "/Script/CoreUObject",
      "ClassName": "Class",
      "Outer": 38,
      "ObjectName": "SoundNodeAttenuation"
    },
    {
      "ObjectIndex": 2,
      "Type": "Import",
      "ClassPackage": "/Script/CoreUObject",
      "ClassName": "Class",
      "Outer": 38,
      "ObjectName": "SoundNodeDelay"
    },
    {
      "ObjectIndex": 3,
      "Type": "Import",
      "ClassPackage": "/Script/CoreUObject",
      "ClassName": "Class",
      "Outer": 38,
      "ObjectName": "SoundNodeDistanceCrossFade"
    },
    {
      "ObjectIndex": 4,
      "Type": "Import",
      "ClassPackage": "/Script/CoreUObject",
      "ClassName": "Class",
      "Outer": 38,
      "ObjectName": "SoundNodeEnveloper"
    },
    {
      "ObjectIndex": 5,
      "Type": "Import",
      "ClassPackage": "/Script/CoreUObject",
      "ClassName": "Class",
      "Outer": 38,
      "ObjectName": "SoundNodeMixer"
    },
    {
      "ObjectIndex": 6,
      "Type": "Import",
      "ClassPackage": "/Script/CoreUObject",
      "ClassName": "Class",
      "Outer": 38,
      "ObjectName": "SoundNodeModulator"
    },
    {
      "ObjectIndex": 7,
      "Type": "Import",
      "ClassPackage": "/Script/CoreUObject",
      "ClassName": "Class",
      "Outer": 38,
      "ObjectName": "SoundNodeRandom"
    },
    {
      "ObjectIndex": 8,
      "Type": "Import",
      "ClassPackage": "/Script/CoreUObject",
      "ClassName": "Class",
      "Outer": 38,
      "ObjectName": "SoundNodeSoundClass"
    },
    {
      "ObjectIndex": 9,
      "Type": "Import",
      "ClassPackage": "/Script/CoreUObject",
      "ClassName": "Class",
      "Outer": 38,
      "ObjectName": "SoundNodeWavePlayer"
    },
    {
      "ObjectIndex": 10,
      "Type": "Import",
      "ClassPackage": "/Script/Engine",
      "ClassName": "CurveFloat",
      "Outer": 30,
      "ObjectName": "ExplosionVibrationSubmixCurve"
    },
    {
      "ObjectIndex": 11,
      "Type": "Import",
      "ClassPackage": "/Script/CoreUObject",
      "ClassName": "Package",
      "ObjectName": "/Game/Audio/Controller/VibrationSubMixParent"
    },
    {
      "ObjectIndex": 12,
      "Type": "Import",
      "ClassPackage": "/Script/CoreUObject",
      "ClassName": "Package",
      "ObjectName": "/Game/Audio/SFX/WeaponsNTools/ITM_Grenades/ClusterGrenade/ClusterGrenadeExplosionCombined/ClusterGrenadeExplosionCombinedA_01"
    },
    {
      "ObjectIndex": 13,
      "Type": "Import",
      "ClassPackage": "/Script/CoreUObject",
      "ClassName": "Package",
      "ObjectName": "/Game/Audio/SFX/WeaponsNTools/ITM_Grenades/ClusterGrenade/ClusterGrenadeExplosionCombined/ClusterGrenadeExplosionCombinedA_02"
    },
    {
      "ObjectIndex": 14,
      "Type": "Import",
      "ClassPackage": "/Script/CoreUObject",
      "ClassName": "Package",
      "ObjectName": "/Game/Audio/SFX/WeaponsNTools/ITM_Grenades/ClusterGrenade/ClusterGrenadeExplosionCombined/ClusterGrenadeExplosionCombinedA_03"
    },
    {
      "ObjectIndex": 15,
      "Type": "Import",
      "ClassPackage": "/Script/CoreUObject",
      "ClassName": "Package",
      "ObjectName": "/Game/Audio/SFX/WeaponsNTools/ITM_Grenades/ClusterGrenade/ClusterGrenadeExplosionCombined/ClusterGrenadeExplosionCombinedA_04"
    },
    {
      "ObjectIndex": 16,
      "Type": "Import",
      "ClassPackage": "/Script/CoreUObject",
      "ClassName": "Package",
      "ObjectName": "/Game/Audio/SFX/WeaponsNTools/ITM_Grenades/ClusterGrenade/ClusterGrenadeExplosionCombined/ClusterGrenadeExplosionCombinedA_05"
    },
    {
      "ObjectIndex": 17,
      "Type": "Import",
      "ClassPackage": "/Script/CoreUObject",
      "ClassName": "Package",
      "ObjectName": "/Game/Audio/SFX/WeaponsNTools/ITM_Grenades/ClusterGrenade/ClusterGrenadeExplosionCombined/ClusterGrenadeExplosionCombinedA_06"
    },
    {
      "ObjectIndex": 18,
      "Type": "Import",
      "ClassPackage": "/Script/CoreUObject",
      "ClassName": "Package",
      "ObjectName": "/Game/Audio/SFX/WeaponsNTools/ITM_Grenades/ClusterGrenade/ClusterGrenadeExplosionCombined/ClusterGrenadeExplosionCombinedA_07"
    },
    {
      "ObjectIndex": 19,
      "Type": "Import",
      "ClassPackage": "/Script/CoreUObject",
      "ClassName": "Package",
      "ObjectName": "/Game/Audio/SFX/WeaponsNTools/ITM_Grenades/ClusterGrenade/ClusterGrenadeExplosionCombined/ClusterGrenadeExplosionCombinedA_08"
    },
    {
      "ObjectIndex": 20,
      "Type": "Import",
      "ClassPackage": "/Script/CoreUObject",
      "ClassName": "Package",
      "ObjectName": "/Game/Audio/SFX/WeaponsNTools/ITM_Grenades/ClusterGrenade/ClusterGrenadeExplosionCombined/ClusterGrenadeExplosionCombinedA_09"
    },
    {
      "ObjectIndex": 21,
      "Type": "Import",
      "ClassPackage": "/Script/CoreUObject",
      "ClassName": "Package",
      "ObjectName": "/Game/Audio/SFX/WeaponsNTools/ITM_Grenades/ClusterGrenade/ClusterGrenadeExplosionCombined/ClusterGrenadeExplosionCombinedA_10"
    },
    {
      "ObjectIndex": 22,
      "Type": "Import",
      "ClassPackage": "/Script/CoreUObject",
      "ClassName": "Package",
      "ObjectName": "/Game/Audio/SFX/WeaponsNTools/ITM_Grenades/ClusterGrenade/ClusterGrenadeExplosionCombined/ClusterGrenadeExplosionCombinedB_1"
    },
    {
      "ObjectIndex": 23,
      "Type": "Import",
      "ClassPackage": "/Script/CoreUObject",
      "ClassName": "Package",
      "ObjectName": "/Game/Audio/SFX/WeaponsNTools/ITM_Grenades/ClusterGrenade/ClusterGrenadeExplosionCombined/ClusterGrenadeExplosionCombinedB_2"
    },
    {
      "ObjectIndex": 24,
      "Type": "Import",
      "ClassPackage": "/Script/CoreUObject",
      "ClassName": "Package",
      "ObjectName": "/Game/Audio/SFX/WeaponsNTools/ITM_Grenades/ClusterGrenade/ClusterGrenadeExplosionCombined/ClusterGrenadeExplosionCombinedB_3"
    },
    {
      "ObjectIndex": 25,
      "Type": "Import",
      "ClassPackage": "/Script/CoreUObject",
      "ClassName": "Package",
      "ObjectName": "/Game/Audio/SFX/WeaponsNTools/ITM_Grenades/ClusterGrenade/ClusterGrenadeExplosionCombined/ClusterGrenadeExplosionCombinedB_4"
    },
    {
      "ObjectIndex": 26,
      "Type": "Import",
      "ClassPackage": "/Script/CoreUObject",
      "ClassName": "Package",
      "ObjectName": "/Game/Audio/SFX/WeaponsNTools/ITM_Grenades/ClusterGrenade/ClusterGrenadeExplosionCombined/ClusterGrenadeExplosionCombinedB_5"
    },
    {
      "ObjectIndex": 27,
      "Type": "Import",
      "ClassPackage": "/Script/CoreUObject",
      "ClassName": "Package",
      "ObjectName": "/Game/Audio/SFX/WeaponsNTools/ITM_Grenades/ClusterGrenade/ClusterGrenadeExplosionCombined/ClusterGrenadeExplosionCombinedB_6"
    },
    {
      "ObjectIndex": 28,
      "Type": "Import",
      "ClassPackage": "/Script/CoreUObject",
      "ClassName": "Package",
      "ObjectName": "/Game/Audio/SFX/WeaponsNTools/ITM_Grenades/ClusterGrenade/ClusterGrenadeExplosionCombined/ClusterGrenadeExplosionCombinedB_7"
    },
    {
      "ObjectIndex": 29,
      "Type": "Import",
      "ClassPackage": "/Script/CoreUObject",
      "ClassName": "Package",
      "ObjectName": "/Game/Audio/SFX/WeaponsNTools/ITM_Grenades/ClusterGrenade/ClusterGrenadeExplosionCombined/ClusterGrenadeExplosionCombinedB_8"
    },
    {
      "ObjectIndex": 30,
      "Type": "Import",
      "ClassPackage": "/Script/CoreUObject",
      "ClassName": "Package",
      "ObjectName": "/Game/Audio/SoundControl/AttenuationGroups/ExplosionVibrationSubmixCurve"
    },
    {
      "ObjectIndex": 31,
      "Type": "Import",
      "ClassPackage": "/Script/CoreUObject",
      "ClassName": "Package",
      "ObjectName": "/Game/Audio/SoundControl/AttenuationGroups/WeaponCloseAttenuation"
    },
    {
      "ObjectIndex": 32,
      "Type": "Import",
      "ClassPackage": "/Script/CoreUObject",
      "ClassName": "Package",
      "ObjectName": "/Game/Audio/SoundControl/AttenuationGroups/WeaponDistantAttenuation"
    },
    {
      "ObjectIndex": 33,
      "Type": "Import",
      "ClassPackage": "/Script/CoreUObject",
      "ClassName": "Package",
      "ObjectName": "/Game/Audio/SoundControl/SoundClasses/ExplosionsCoreAutoMix"
    },
    {
      "ObjectIndex": 34,
      "Type": "Import",
      "ClassPackage": "/Script/CoreUObject",
      "ClassName": "Package",
      "ObjectName": "/Game/Audio/SoundControl/SoundClasses/ExplosionsManualMix"
    },
    {
      "ObjectIndex": 35,
      "Type": "Import",
      "ClassPackage": "/Script/CoreUObject",
      "ClassName": "Package",
      "ObjectName": "/Game/Audio/SoundControl/SoundClasses/ExplosionsTail"
    },
    {
      "ObjectIndex": 36,
      "Type": "Import",
      "ClassPackage": "/Script/CoreUObject",
      "ClassName": "Package",
      "ObjectName": "/Game/Audio/SoundControl/SoundConcurrency3rdEnemies3"
    },
    {
      "ObjectIndex": 37,
      "Type": "Import",
      "ClassPackage": "/Script/CoreUObject",
      "ClassName": "Package",
      "ObjectName": "/Game/Audio/SoundControl/SubMixes/ExplosionsSubmix"
    },
    {
      "ObjectIndex": 38,
      "Type": "Import",
      "ClassPackage": "/Script/CoreUObject",
      "ClassName": "Package",
      "ObjectName": "/Script/Engine"
    },
    {
      "ObjectIndex": 39,
      "Type": "Import",
      "ClassPackage": "/Script/Engine",
      "ClassName": "SoundAttenuation",
      "Outer": 31,
      "ObjectName": "WeaponCloseAttenuation"
    },
    {
      "ObjectIndex": 40,
      "Type": "Import",
      "ClassPackage": "/Script/Engine",
      "ClassName": "SoundAttenuation",
      "Outer": 32,
      "ObjectName": "WeaponDistantAttenuation"
    },
    {
      "ObjectIndex": 41,
      "Type": "Import",
      "ClassPackage": "/Script/Engine",
      "ClassName": "SoundClass",
      "Outer": 33,
      "ObjectName": "ExplosionsCoreAutoMix"
    },
    {
      "ObjectIndex": 42,
      "Type": "Import",
      "ClassPackage": "/Script/Engine",
      "ClassName": "SoundClass",
      "Outer": 34,
      "ObjectName": "ExplosionsManualMix"
    },
    {
      "ObjectIndex": 43,
      "Type": "Import",
      "ClassPackage": "/Script/Engine",
      "ClassName": "SoundClass",
      "Outer": 35,
      "ObjectName": "ExplosionsTail"
    },
    {
      "ObjectIndex": 44,
      "Type": "Import",
      "ClassPackage": "/Script/Engine",
      "ClassName": "SoundConcurrency",
      "Outer": 36,
      "ObjectName": "SoundConcurrency3rdEnemies3"
    },
    {
      "ObjectIndex": 45,
      "Type": "Import",
      "ClassPackage": "/Script/Engine",
      "ClassName": "SoundCue",
      "Outer": 38,
      "ObjectName": "Default__SoundCue"
    },
    {
      "ObjectIndex": 46,
      "Type": "Import",
      "ClassPackage": "/Script/Engine",
      "ClassName": "SoundNodeAttenuation",
      "Outer": 38,
      "ObjectName": "Default__SoundNodeAttenuation"
    },
    {
      "ObjectIndex": 47,
      "Type": "Import",
      "ClassPackage": "/Script/Engine",
      "ClassName": "SoundNodeDelay",
      "Outer": 38,
      "ObjectName": "Default__SoundNodeDelay"
    },
    {
      "ObjectIndex": 48,
      "Type": "Import",
      "ClassPackage": "/Script/Engine",
      "ClassName": "SoundNodeDistanceCrossFade",
      "Outer": 38,
      "ObjectName": "Default__SoundNodeDistanceCrossFade"
    },
    {
      "ObjectIndex": 49,
      "Type": "Import",
      "ClassPackage": "/Script/Engine",
      "ClassName": "SoundNodeEnveloper",
      "Outer": 38,
      "ObjectName": "Default__SoundNodeEnveloper"
    },
    {
      "ObjectIndex": 50,
      "Type": "Import",
      "ClassPackage": "/Script/Engine",
      "ClassName": "SoundNodeMixer",
      "Outer": 38,
      "ObjectName": "Default__SoundNodeMixer"
    },
    {
      "ObjectIndex": 51,
      "Type": "Import",
      "ClassPackage": "/Script/Engine",
      "ClassName": "SoundNodeModulator",
      "Outer": 38,
      "ObjectName": "Default__SoundNodeModulator"
    },
    {
      "ObjectIndex": 52,
      "Type": "Import",
      "ClassPackage": "/Script/Engine",
      "ClassName": "SoundNodeRandom",
      "Outer": 38,
      "ObjectName": "Default__SoundNodeRandom"
    },
    {
      "ObjectIndex": 53,
      "Type": "Import",
      "ClassPackage": "/Script/Engine",
      "ClassName": "SoundNodeSoundClass",
      "Outer": 38,
      "ObjectName": "Default__SoundNodeSoundClass"
    },
    {
      "ObjectIndex": 54,
      "Type": "Import",
      "ClassPackage": "/Script/Engine",
      "ClassName": "SoundNodeWavePlayer",
      "Outer": 38,
      "ObjectName": "Default__SoundNodeWavePlayer"
    },
    {
      "ObjectIndex": 55,
      "Type": "Import",
      "ClassPackage": "/Script/Engine",
      "ClassName": "SoundSubmix",
      "Outer": 11,
      "ObjectName": "VibrationSubMixParent"
    },
    {
      "ObjectIndex": 56,
      "Type": "Import",
      "ClassPackage": "/Script/Engine",
      "ClassName": "SoundSubmix",
      "Outer": 37,
      "ObjectName": "ExplosionsSubmix"
    },
    {
      "ObjectIndex": 57,
      "Type": "Import",
      "ClassPackage": "/Script/Engine",
      "ClassName": "SoundWave",
      "Outer": 12,
      "ObjectName": "ClusterGrenadeExplosionCombinedA_01"
    },
    {
      "ObjectIndex": 58,
      "Type": "Import",
      "ClassPackage": "/Script/Engine",
      "ClassName": "SoundWave",
      "Outer": 13,
      "ObjectName": "ClusterGrenadeExplosionCombinedA_02"
    },
    {
      "ObjectIndex": 59,
      "Type": "Import",
      "ClassPackage": "/Script/Engine",
      "ClassName": "SoundWave",
      "Outer": 14,
      "ObjectName": "ClusterGrenadeExplosionCombinedA_03"
    },
    {
      "ObjectIndex": 60,
      "Type": "Import",
      "ClassPackage": "/Script/Engine",
      "ClassName": "SoundWave",
      "Outer": 15,
      "ObjectName": "ClusterGrenadeExplosionCombinedA_04"
    },
    {
      "ObjectIndex": 61,
      "Type": "Import",
      "ClassPackage": "/Script/Engine",
      "ClassName": "SoundWave",
      "Outer": 16,
      "ObjectName": "ClusterGrenadeExplosionCombinedA_05"
    },
    {
      "ObjectIndex": 62,
      "Type": "Import",
      "ClassPackage": "/Script/Engine",
      "ClassName": "SoundWave",
      "Outer": 17,
      "ObjectName": "ClusterGrenadeExplosionCombinedA_06"
    },
    {
      "ObjectIndex": 63,
      "Type": "Import",
      "ClassPackage": "/Script/Engine",
      "ClassName": "SoundWave",
      "Outer": 18,
      "ObjectName": "ClusterGrenadeExplosionCombinedA_07"
    },
    {
      "ObjectIndex": 64,
      "Type": "Import",
      "ClassPackage": "/Script/Engine",
      "ClassName": "SoundWave",
      "Outer": 19,
      "ObjectName": "ClusterGrenadeExplosionCombinedA_08"
    },
    {
      "ObjectIndex": 65,
      "Type": "Import",
      "ClassPackage": "/Script/Engine",
      "ClassName": "SoundWave",
      "Outer": 20,
      "ObjectName": "ClusterGrenadeExplosionCombinedA_09"
    },
    {
      "ObjectIndex": 66,
      "Type": "Import",
      "ClassPackage": "/Script/Engine",
      "ClassName": "SoundWave",
      "Outer": 21,
      "ObjectName": "ClusterGrenadeExplosionCombinedA_10"
    },
    {
      "ObjectIndex": 67,
      "Type": "Import",
      "ClassPackage": "/Script/Engine",
      "ClassName": "SoundWave",
      "Outer": 22,
      "ObjectName": "ClusterGrenadeExplosionCombinedB_1"
    },
    {
      "ObjectIndex": 68,
      "Type": "Import",
      "ClassPackage": "/Script/Engine",
      "ClassName": "SoundWave",
      "Outer": 23,
      "ObjectName": "ClusterGrenadeExplosionCombinedB_2"
    },
    {
      "ObjectIndex": 69,
      "Type": "Import",
      "ClassPackage": "/Script/Engine",
      "ClassName": "SoundWave",
      "Outer": 24,
      "ObjectName": "ClusterGrenadeExplosionCombinedB_3"
    },
    {
      "ObjectIndex": 70,
      "Type": "Import",
      "ClassPackage": "/Script/Engine",
      "ClassName": "SoundWave",
      "Outer": 25,
      "ObjectName": "ClusterGrenadeExplosionCombinedB_4"
    },
    {
      "ObjectIndex": 71,
      "Type": "Import",
      "ClassPackage": "/Script/Engine",
      "ClassName": "SoundWave",
      "Outer": 26,
      "ObjectName": "ClusterGrenadeExplosionCombinedB_5"
    },
    {
      "ObjectIndex": 72,
      "Type": "Import",
      "ClassPackage": "/Script/Engine",
      "ClassName": "SoundWave",
      "Outer": 27,
      "ObjectName": "ClusterGrenadeExplosionCombinedB_6"
    },
    {
      "ObjectIndex": 73,
      "Type": "Import",
      "ClassPackage": "/Script/Engine",
      "ClassName": "SoundWave",
      "Outer": 28,
      "ObjectName": "ClusterGrenadeExplosionCombinedB_7"
    },
    {
      "ObjectIndex": 74,
      "Type": "Import",
      "ClassPackage": "/Script/Engine",
      "ClassName": "SoundWave",
      "Outer": 29,
      "ObjectName": "ClusterGrenadeExplosionCombinedB_8"
    },
    {
      "ObjectIndex": 75,
      "Type": "Export",
      "ObjectMark": "$AssetObject$"
    }
  ]
}