{
  "AssetClass": "Skeleton",
  "AssetPackage": "/Game/Art/Environments/Holiday_BeachParty/SK_BeachParty_FlowerCrown_Skeleton",
  "AssetName": "SK_BeachParty_FlowerCrown_Skeleton",
  "AssetSerializedData": {
    "SkipDependecies": false,
    "ReferenceSkeleton": {
      "Bones": [
        {
          "Name": "root",
          "ParentIndex": -1,
          "Index": 0,
          "Pose": "0.000000,0.000000,0.000000|-0.000000,0.000000,0.000000|1.000000,1.000000,1.000000"
        }
      ]
    },
    "AnimRetargetSources": [],
    "BoneTree": [
      0
    ],
    "VirtualBones": [],
    "AssetObjectData": {
      "BlendProfiles": [],
      "$ReferencedObjects": []
    }
  },
  "ObjectHierarchy": [
    {
      "ObjectIndex": 0,
      "Type": "Import",
      "ClassPackage": "/Script/CoreUObject",
      "ClassName": "Class",
      "Outer": 1,
      "ObjectName": "Skeleton"
    },
    {
      "ObjectIndex": 1,
      "Type": "Import",
      "ClassPackage": "/Script/CoreUObject",
      "ClassName": "Package",
      "ObjectName": "/Script/Engine"
    },
    {
      "ObjectIndex": 2,
      "Type": "Import",
      "ClassPackage": "/Script/Engine",
      "ClassName": "Skeleton",
      "Outer": 1,
      "ObjectName": "Default__Skeleton"
    },
    {
      "ObjectIndex": 3,
      "Type": "Export",
      "ObjectMark": "$AssetObject$"
    }
  ]
}