{
  "AssetClass": "AnimSequence",
  "AssetPackage": "/Game/Art/Environments/SpaceRig/TipMachine/ANIM_TipMachine_Tip03",
  "AssetName": "ANIM_TipMachine_Tip03",
  "AssetSerializedData": {
    "SkipDependecies": false,
    "AssetObjectData": {
      "NumFrames": 57,
      "TrackToSkeletonMapTable": [
        {
          "BoneTreeIndex": 0
        },
        {
          "BoneTreeIndex": 1
        },
        {
          "BoneTreeIndex": 2
        },
        {
          "BoneTreeIndex": 3
        },
        {
          "BoneTreeIndex": 4
        },
        {
          "BoneTreeIndex": 5
        },
        {
          "BoneTreeIndex": 6
        },
        {
          "BoneTreeIndex": 7
        },
        {
          "BoneTreeIndex": 8
        },
        {
          "BoneTreeIndex": 9
        },
        {
          "BoneTreeIndex": 10
        },
        {
          "BoneTreeIndex": 11
        },
        {
          "BoneTreeIndex": 12
        },
        {
          "BoneTreeIndex": 13
        },
        {
          "BoneTreeIndex": 14
        },
        {
          "BoneTreeIndex": 15
        },
        {
          "BoneTreeIndex": 16
        },
        {
          "BoneTreeIndex": 17
        },
        {
          "BoneTreeIndex": 18
        },
        {
          "BoneTreeIndex": 19
        },
        {
          "BoneTreeIndex": 20
        },
        {
          "BoneTreeIndex": 21
        },
        {
          "BoneTreeIndex": 22
        }
      ],
      "BoneCompressionSettings": 0,
      "CurveCompressionSettings": 1,
      "Notifies": [
        {
          "TriggerTimeOffset": 0.0,
          "EndTriggerTimeOffset": 0.0,
          "TriggerWeightThreshold": 1E-05,
          "NotifyName": "PlaySound",
          "Notify": 26,
          "NotifyStateClass": -1,
          "Duration": 0.0,
          "EndLink": {
            "LinkedMontage": -1,
            "SlotIndex": 0,
            "SegmentIndex": -1,
            "LinkMethod": "EAnimLinkMethod::Absolute",
            "CachedLinkMethod": "EAnimLinkMethod::Absolute",
            "SegmentBeginTime": 0.0,
            "SegmentLength": 0.0,
            "LinkValue": 0.030772628,
            "LinkedSequence": -1
          },
          "bConvertedFromBranchingPoint": false,
          "MontageTickType": "EMontageNotifyTickType::Queued",
          "NotifyTriggerChance": 1.0,
          "NotifyFilterType": "ENotifyFilterType::NoFiltering",
          "NotifyFilterLOD": 0,
          "bTriggerOnDedicatedServer": true,
          "bTriggerOnFollower": false,
          "TrackIndex": 2,
          "LinkedMontage": -1,
          "SlotIndex": 0,
          "SegmentIndex": 0,
          "LinkMethod": "EAnimLinkMethod::Absolute",
          "CachedLinkMethod": "EAnimLinkMethod::Absolute",
          "SegmentBeginTime": 0.0,
          "SegmentLength": 1.8666667,
          "LinkValue": 0.030772628,
          "LinkedSequence": 25
        },
        {
          "TriggerTimeOffset": 0.0,
          "EndTriggerTimeOffset": 0.0,
          "TriggerWeightThreshold": 1E-05,
          "NotifyName": "PlaySound",
          "Notify": 29,
          "NotifyStateClass": -1,
          "Duration": 0.0,
          "EndLink": {
            "LinkedMontage": -1,
            "SlotIndex": 0,
            "SegmentIndex": -1,
            "LinkMethod": "EAnimLinkMethod::Absolute",
            "CachedLinkMethod": "EAnimLinkMethod::Absolute",
            "SegmentBeginTime": 0.0,
            "SegmentLength": 0.0,
            "LinkValue": 0.05721634,
            "LinkedSequence": -1
          },
          "bConvertedFromBranchingPoint": false,
          "MontageTickType": "EMontageNotifyTickType::Queued",
          "NotifyTriggerChance": 1.0,
          "NotifyFilterType": "ENotifyFilterType::NoFiltering",
          "NotifyFilterLOD": 0,
          "bTriggerOnDedicatedServer": true,
          "bTriggerOnFollower": false,
          "TrackIndex": 3,
          "LinkedMontage": -1,
          "SlotIndex": 0,
          "SegmentIndex": 0,
          "LinkMethod": "EAnimLinkMethod::Absolute",
          "CachedLinkMethod": "EAnimLinkMethod::Absolute",
          "SegmentBeginTime": 0.0,
          "SegmentLength": 1.8666667,
          "LinkValue": 0.05721634,
          "LinkedSequence": 25
        },
        {
          "TriggerTimeOffset": 0.0,
          "EndTriggerTimeOffset": 0.0,
          "TriggerWeightThreshold": 1E-05,
          "NotifyName": "PlaySound",
          "Notify": 27,
          "NotifyStateClass": -1,
          "Duration": 0.0,
          "EndLink": {
            "LinkedMontage": -1,
            "SlotIndex": 0,
            "SegmentIndex": -1,
            "LinkMethod": "EAnimLinkMethod::Absolute",
            "CachedLinkMethod": "EAnimLinkMethod::Absolute",
            "SegmentBeginTime": 0.0,
            "SegmentLength": 0.0,
            "LinkValue": 0.062148493,
            "LinkedSequence": -1
          },
          "bConvertedFromBranchingPoint": false,
          "MontageTickType": "EMontageNotifyTickType::Queued",
          "NotifyTriggerChance": 1.0,
          "NotifyFilterType": "ENotifyFilterType::NoFiltering",
          "NotifyFilterLOD": 0,
          "bTriggerOnDedicatedServer": true,
          "bTriggerOnFollower": false,
          "TrackIndex": 1,
          "LinkedMontage": -1,
          "SlotIndex": 0,
          "SegmentIndex": 0,
          "LinkMethod": "EAnimLinkMethod::Absolute",
          "CachedLinkMethod": "EAnimLinkMethod::Absolute",
          "SegmentBeginTime": 0.0,
          "SegmentLength": 1.8666667,
          "LinkValue": 0.062148493,
          "LinkedSequence": 25
        },
        {
          "TriggerTimeOffset": 0.0,
          "EndTriggerTimeOffset": 0.0,
          "TriggerWeightThreshold": 1E-05,
          "NotifyName": "PlayParticleEffect",
          "Notify": 24,
          "NotifyStateClass": -1,
          "Duration": 0.0,
          "EndLink": {
            "LinkedMontage": -1,
            "SlotIndex": 0,
            "SegmentIndex": -1,
            "LinkMethod": "EAnimLinkMethod::Absolute",
            "CachedLinkMethod": "EAnimLinkMethod::Absolute",
            "SegmentBeginTime": 0.0,
            "SegmentLength": 0.0,
            "LinkValue": 0.086120516,
            "LinkedSequence": -1
          },
          "bConvertedFromBranchingPoint": false,
          "MontageTickType": "EMontageNotifyTickType::Queued",
          "NotifyTriggerChance": 1.0,
          "NotifyFilterType": "ENotifyFilterType::NoFiltering",
          "NotifyFilterLOD": 0,
          "bTriggerOnDedicatedServer": true,
          "bTriggerOnFollower": false,
          "TrackIndex": 0,
          "LinkedMontage": -1,
          "SlotIndex": 0,
          "SegmentIndex": 0,
          "LinkMethod": "EAnimLinkMethod::Absolute",
          "CachedLinkMethod": "EAnimLinkMethod::Absolute",
          "SegmentBeginTime": 0.0,
          "SegmentLength": 1.8666667,
          "LinkValue": 0.086120516,
          "LinkedSequence": 25
        },
        {
          "TriggerTimeOffset": 0.0,
          "EndTriggerTimeOffset": 0.0,
          "TriggerWeightThreshold": 1E-05,
          "NotifyName": "PlaySound",
          "Notify": 28,
          "NotifyStateClass": -1,
          "Duration": 0.0,
          "EndLink": {
            "LinkedMontage": -1,
            "SlotIndex": 0,
            "SegmentIndex": -1,
            "LinkMethod": "EAnimLinkMethod::Absolute",
            "CachedLinkMethod": "EAnimLinkMethod::Absolute",
            "SegmentBeginTime": 0.0,
            "SegmentLength": 0.0,
            "LinkValue": 1.7060528,
            "LinkedSequence": -1
          },
          "bConvertedFromBranchingPoint": false,
          "MontageTickType": "EMontageNotifyTickType::Queued",
          "NotifyTriggerChance": 1.0,
          "NotifyFilterType": "ENotifyFilterType::NoFiltering",
          "NotifyFilterLOD": 0,
          "bTriggerOnDedicatedServer": true,
          "bTriggerOnFollower": false,
          "TrackIndex": 2,
          "LinkedMontage": -1,
          "SlotIndex": 0,
          "SegmentIndex": 0,
          "LinkMethod": "EAnimLinkMethod::Absolute",
          "CachedLinkMethod": "EAnimLinkMethod::Absolute",
          "SegmentBeginTime": 0.0,
          "SegmentLength": 1.8666667,
          "LinkValue": 1.7060528,
          "LinkedSequence": 25
        }
      ],
      "SequenceLength": 1.8666667,
      "Skeleton": 19,
      "$ReferencedObjects": []
    }
  },
  "ObjectHierarchy": [
    {
      "ObjectIndex": 0,
      "Type": "Import",
      "ClassPackage": "/Script/Engine",
      "ClassName": "AnimBoneCompressionSettings",
      "Outer": 8,
      "ObjectName": "DefaultAnimBoneCompressionSettings"
    },
    {
      "ObjectIndex": 1,
      "Type": "Import",
      "ClassPackage": "/Script/Engine",
      "ClassName": "AnimCurveCompressionSettings",
      "Outer": 9,
      "ObjectName": "DefaultAnimCurveCompressionSettings"
    },
    {
      "ObjectIndex": 2,
      "Type": "Import",
      "ClassPackage": "/Script/Engine",
      "ClassName": "AnimNotify_PlayParticleEffect",
      "Outer": 16,
      "ObjectName": "Default__AnimNotify_PlayParticleEffect"
    },
    {
      "ObjectIndex": 3,
      "Type": "Import",
      "ClassPackage": "/Script/Engine",
      "ClassName": "AnimSequence",
      "Outer": 16,
      "ObjectName": "Default__AnimSequence"
    },
    {
      "ObjectIndex": 4,
      "Type": "Import",
      "ClassPackage": "/Script/CoreUObject",
      "ClassName": "Class",
      "Outer": 16,
      "ObjectName": "AnimNotify_PlayParticleEffect"
    },
    {
      "ObjectIndex": 5,
      "Type": "Import",
      "ClassPackage": "/Script/CoreUObject",
      "ClassName": "Class",
      "Outer": 16,
      "ObjectName": "AnimSequence"
    },
    {
      "ObjectIndex": 6,
      "Type": "Import",
      "ClassPackage": "/Script/CoreUObject",
      "ClassName": "Class",
      "Outer": 17,
      "ObjectName": "FSDAnimNotify_PlaySound"
    },
    {
      "ObjectIndex": 7,
      "Type": "Import",
      "ClassPackage": "/Script/FSD",
      "ClassName": "FSDAnimNotify_PlaySound",
      "Outer": 17,
      "ObjectName": "Default__FSDAnimNotify_PlaySound"
    },
    {
      "ObjectIndex": 8,
      "Type": "Import",
      "ClassPackage": "/Script/CoreUObject",
      "ClassName": "Package",
      "ObjectName": "/Engine/Animation/DefaultAnimBoneCompressionSettings"
    },
    {
      "ObjectIndex": 9,
      "Type": "Import",
      "ClassPackage": "/Script/CoreUObject",
      "ClassName": "Package",
      "ObjectName": "/Engine/Animation/DefaultAnimCurveCompressionSettings"
    },
    {
      "ObjectIndex": 10,
      "Type": "Import",
      "ClassPackage": "/Script/CoreUObject",
      "ClassName": "Package",
      "ObjectName": "/Game/Art/Environments/SpaceRig/TipMachine/P_TipMachine_ConfettiBurst"
    },
    {
      "ObjectIndex": 11,
      "Type": "Import",
      "ClassPackage": "/Script/CoreUObject",
      "ClassName": "Package",
      "ObjectName": "/Game/Art/Environments/SpaceRig/TipMachine/SK_TipMachine_Skeleton"
    },
    {
      "ObjectIndex": 12,
      "Type": "Import",
      "ClassPackage": "/Script/CoreUObject",
      "ClassName": "Package",
      "ObjectName": "/Game/Audio/SFX/SpaceRig/TipJar/TipMachineAcceptA_1_Cue"
    },
    {
      "ObjectIndex": 13,
      "Type": "Import",
      "ClassPackage": "/Script/CoreUObject",
      "ClassName": "Package",
      "ObjectName": "/Game/Audio/SFX/SpaceRig/TipJar/TipMachineConfetti_Cue"
    },
    {
      "ObjectIndex": 14,
      "Type": "Import",
      "ClassPackage": "/Script/CoreUObject",
      "ClassName": "Package",
      "ObjectName": "/Game/Audio/SFX/SpaceRig/TipJar/TipMachineServoC_1_Cue"
    },
    {
      "ObjectIndex": 15,
      "Type": "Import",
      "ClassPackage": "/Script/CoreUObject",
      "ClassName": "Package",
      "ObjectName": "/Game/Audio/SFX/SpaceRig/TipJar/TipMachineVoiceC_1_Cue"
    },
    {
      "ObjectIndex": 16,
      "Type": "Import",
      "ClassPackage": "/Script/CoreUObject",
      "ClassName": "Package",
      "ObjectName": "/Script/Engine"
    },
    {
      "ObjectIndex": 17,
      "Type": "Import",
      "ClassPackage": "/Script/CoreUObject",
      "ClassName": "Package",
      "ObjectName": "/Script/FSD"
    },
    {
      "ObjectIndex": 18,
      "Type": "Import",
      "ClassPackage": "/Script/Engine",
      "ClassName": "ParticleSystem",
      "Outer": 10,
      "ObjectName": "P_TipMachine_ConfettiBurst"
    },
    {
      "ObjectIndex": 19,
      "Type": "Import",
      "ClassPackage": "/Script/Engine",
      "ClassName": "Skeleton",
      "Outer": 11,
      "ObjectName": "SK_TipMachine_Skeleton"
    },
    {
      "ObjectIndex": 20,
      "Type": "Import",
      "ClassPackage": "/Script/Engine",
      "ClassName": "SoundCue",
      "Outer": 12,
      "ObjectName": "TipMachineAcceptA_1_Cue"
    },
    {
      "ObjectIndex": 21,
      "Type": "Import",
      "ClassPackage": "/Script/Engine",
      "ClassName": "SoundCue",
      "Outer": 13,
      "ObjectName": "TipMachineConfetti_Cue"
    },
    {
      "ObjectIndex": 22,
      "Type": "Import",
      "ClassPackage": "/Script/Engine",
      "ClassName": "SoundCue",
      "Outer": 14,
      "ObjectName": "TipMachineServoC_1_Cue"
    },
    {
      "ObjectIndex": 23,
      "Type": "Import",
      "ClassPackage": "/Script/Engine",
      "ClassName": "SoundCue",
      "Outer": 15,
      "ObjectName": "TipMachineVoiceC_1_Cue"
    },
    {
      "ObjectIndex": 24,
      "Type": "Export",
      "ObjectClass": 4,
      "Outer": 25,
      "ObjectName": "AnimNotify_PlayParticleEffect_0",
      "ObjectFlags": 8,
      "Properties": {
        "PSTemplate": 18,
        "$ReferencedObjects": [
          18
        ]
      }
    },
    {
      "ObjectIndex": 25,
      "Type": "Export",
      "ObjectMark": "$AssetObject$"
    },
    {
      "ObjectIndex": 26,
      "Type": "Export",
      "ObjectClass": 6,
      "Outer": 25,
      "ObjectName": "AnimNotify_PlaySound_10",
      "ObjectFlags": 8,
      "Properties": {
        "Sound": 23,
        "VolumeMultiplier": 0.5,
        "$ReferencedObjects": [
          23
        ]
      }
    },
    {
      "ObjectIndex": 27,
      "Type": "Export",
      "ObjectClass": 6,
      "Outer": 25,
      "ObjectName": "AnimNotify_PlaySound_4",
      "ObjectFlags": 8,
      "Properties": {
        "Sound": 22,
        "$ReferencedObjects": [
          22
        ]
      }
    },
    {
      "ObjectIndex": 28,
      "Type": "Export",
      "ObjectClass": 6,
      "Outer": 25,
      "ObjectName": "AnimNotify_PlaySound_5",
      "ObjectFlags": 8,
      "Properties": {
        "Sound": 20,
        "$ReferencedObjects": [
          20
        ]
      }
    },
    {
      "ObjectIndex": 29,
      "Type": "Export",
      "ObjectClass": 6,
      "Outer": 25,
      "ObjectName": "AnimNotify_PlaySound_6",
      "ObjectFlags": 8,
      "Properties": {
        "Sound": 21,
        "$ReferencedObjects": [
          21
        ]
      }
    }
  ]
}