{
  "AssetClass": "AnimSequence",
  "AssetPackage": "/Game/Art/Environments/SpaceRig/TipMachine/ANIM_TipMachine_Tip06",
  "AssetName": "ANIM_TipMachine_Tip06",
  "AssetSerializedData": {
    "SkipDependecies": false,
    "AssetObjectData": {
      "NumFrames": 94,
      "TrackToSkeletonMapTable": [
        {
          "BoneTreeIndex": 0
        },
        {
          "BoneTreeIndex": 1
        },
        {
          "BoneTreeIndex": 2
        },
        {
          "BoneTreeIndex": 3
        },
        {
          "BoneTreeIndex": 4
        },
        {
          "BoneTreeIndex": 5
        },
        {
          "BoneTreeIndex": 6
        },
        {
          "BoneTreeIndex": 7
        },
        {
          "BoneTreeIndex": 8
        },
        {
          "BoneTreeIndex": 9
        },
        {
          "BoneTreeIndex": 10
        },
        {
          "BoneTreeIndex": 11
        },
        {
          "BoneTreeIndex": 12
        },
        {
          "BoneTreeIndex": 13
        },
        {
          "BoneTreeIndex": 14
        },
        {
          "BoneTreeIndex": 15
        },
        {
          "BoneTreeIndex": 16
        },
        {
          "BoneTreeIndex": 17
        },
        {
          "BoneTreeIndex": 18
        },
        {
          "BoneTreeIndex": 19
        },
        {
          "BoneTreeIndex": 20
        },
        {
          "BoneTreeIndex": 21
        },
        {
          "BoneTreeIndex": 22
        }
      ],
      "BoneCompressionSettings": 0,
      "CurveCompressionSettings": 1,
      "Notifies": [
        {
          "TriggerTimeOffset": 0.0,
          "EndTriggerTimeOffset": 0.0,
          "TriggerWeightThreshold": 1E-05,
          "NotifyName": "PlaySound",
          "Notify": 30,
          "NotifyStateClass": -1,
          "Duration": 0.0,
          "EndLink": {
            "LinkedMontage": -1,
            "SlotIndex": 0,
            "SegmentIndex": -1,
            "LinkMethod": "EAnimLinkMethod::Absolute",
            "CachedLinkMethod": "EAnimLinkMethod::Absolute",
            "SegmentBeginTime": 0.0,
            "SegmentLength": 0.0,
            "LinkValue": 0.079328954,
            "LinkedSequence": -1
          },
          "bConvertedFromBranchingPoint": false,
          "MontageTickType": "EMontageNotifyTickType::Queued",
          "NotifyTriggerChance": 1.0,
          "NotifyFilterType": "ENotifyFilterType::NoFiltering",
          "NotifyFilterLOD": 0,
          "bTriggerOnDedicatedServer": true,
          "bTriggerOnFollower": false,
          "TrackIndex": 2,
          "LinkedMontage": -1,
          "SlotIndex": 0,
          "SegmentIndex": 0,
          "LinkMethod": "EAnimLinkMethod::Absolute",
          "CachedLinkMethod": "EAnimLinkMethod::Absolute",
          "SegmentBeginTime": 0.0,
          "SegmentLength": 3.1,
          "LinkValue": 0.079328954,
          "LinkedSequence": 20
        },
        {
          "TriggerTimeOffset": 0.0,
          "EndTriggerTimeOffset": 0.0,
          "TriggerWeightThreshold": 1E-05,
          "NotifyName": "PlaySound",
          "Notify": 22,
          "NotifyStateClass": -1,
          "Duration": 0.0,
          "EndLink": {
            "LinkedMontage": -1,
            "SlotIndex": 0,
            "SegmentIndex": -1,
            "LinkMethod": "EAnimLinkMethod::Absolute",
            "CachedLinkMethod": "EAnimLinkMethod::Absolute",
            "SegmentBeginTime": 0.0,
            "SegmentLength": 0.0,
            "LinkValue": 0.21176605,
            "LinkedSequence": -1
          },
          "bConvertedFromBranchingPoint": false,
          "MontageTickType": "EMontageNotifyTickType::Queued",
          "NotifyTriggerChance": 1.0,
          "NotifyFilterType": "ENotifyFilterType::NoFiltering",
          "NotifyFilterLOD": 0,
          "bTriggerOnDedicatedServer": true,
          "bTriggerOnFollower": false,
          "TrackIndex": 0,
          "LinkedMontage": -1,
          "SlotIndex": 0,
          "SegmentIndex": 0,
          "LinkMethod": "EAnimLinkMethod::Absolute",
          "CachedLinkMethod": "EAnimLinkMethod::Absolute",
          "SegmentBeginTime": 0.0,
          "SegmentLength": 3.1,
          "LinkValue": 0.21176605,
          "LinkedSequence": 20
        },
        {
          "TriggerTimeOffset": 0.0,
          "EndTriggerTimeOffset": 0.0,
          "TriggerWeightThreshold": 1E-05,
          "NotifyName": "PlaySound",
          "Notify": 23,
          "NotifyStateClass": -1,
          "Duration": 0.0,
          "EndLink": {
            "LinkedMontage": -1,
            "SlotIndex": 0,
            "SegmentIndex": -1,
            "LinkMethod": "EAnimLinkMethod::Absolute",
            "CachedLinkMethod": "EAnimLinkMethod::Absolute",
            "SegmentBeginTime": 0.0,
            "SegmentLength": 0.0,
            "LinkValue": 0.59388036,
            "LinkedSequence": -1
          },
          "bConvertedFromBranchingPoint": false,
          "MontageTickType": "EMontageNotifyTickType::Queued",
          "NotifyTriggerChance": 1.0,
          "NotifyFilterType": "ENotifyFilterType::NoFiltering",
          "NotifyFilterLOD": 0,
          "bTriggerOnDedicatedServer": true,
          "bTriggerOnFollower": false,
          "TrackIndex": 1,
          "LinkedMontage": -1,
          "SlotIndex": 0,
          "SegmentIndex": 0,
          "LinkMethod": "EAnimLinkMethod::Absolute",
          "CachedLinkMethod": "EAnimLinkMethod::Absolute",
          "SegmentBeginTime": 0.0,
          "SegmentLength": 3.1,
          "LinkValue": 0.59388036,
          "LinkedSequence": 20
        },
        {
          "TriggerTimeOffset": 0.0,
          "EndTriggerTimeOffset": 0.0,
          "TriggerWeightThreshold": 1E-05,
          "NotifyName": "PlaySound",
          "Notify": 29,
          "NotifyStateClass": -1,
          "Duration": 0.0,
          "EndLink": {
            "LinkedMontage": -1,
            "SlotIndex": 0,
            "SegmentIndex": -1,
            "LinkMethod": "EAnimLinkMethod::Absolute",
            "CachedLinkMethod": "EAnimLinkMethod::Absolute",
            "SegmentBeginTime": 0.0,
            "SegmentLength": 0.0,
            "LinkValue": 0.945599,
            "LinkedSequence": -1
          },
          "bConvertedFromBranchingPoint": false,
          "MontageTickType": "EMontageNotifyTickType::Queued",
          "NotifyTriggerChance": 1.0,
          "NotifyFilterType": "ENotifyFilterType::NoFiltering",
          "NotifyFilterLOD": 0,
          "bTriggerOnDedicatedServer": true,
          "bTriggerOnFollower": false,
          "TrackIndex": 3,
          "LinkedMontage": -1,
          "SlotIndex": 0,
          "SegmentIndex": 0,
          "LinkMethod": "EAnimLinkMethod::Absolute",
          "CachedLinkMethod": "EAnimLinkMethod::Absolute",
          "SegmentBeginTime": 0.0,
          "SegmentLength": 3.1,
          "LinkValue": 0.945599,
          "LinkedSequence": 20
        },
        {
          "TriggerTimeOffset": 0.0,
          "EndTriggerTimeOffset": 0.0,
          "TriggerWeightThreshold": 1E-05,
          "NotifyName": "PlaySound",
          "Notify": 24,
          "NotifyStateClass": -1,
          "Duration": 0.0,
          "EndLink": {
            "LinkedMontage": -1,
            "SlotIndex": 0,
            "SegmentIndex": -1,
            "LinkMethod": "EAnimLinkMethod::Absolute",
            "CachedLinkMethod": "EAnimLinkMethod::Absolute",
            "SegmentBeginTime": 0.0,
            "SegmentLength": 0.0,
            "LinkValue": 1.2017893,
            "LinkedSequence": -1
          },
          "bConvertedFromBranchingPoint": false,
          "MontageTickType": "EMontageNotifyTickType::Queued",
          "NotifyTriggerChance": 1.0,
          "NotifyFilterType": "ENotifyFilterType::NoFiltering",
          "NotifyFilterLOD": 0,
          "bTriggerOnDedicatedServer": true,
          "bTriggerOnFollower": false,
          "TrackIndex": 2,
          "LinkedMontage": -1,
          "SlotIndex": 0,
          "SegmentIndex": 0,
          "LinkMethod": "EAnimLinkMethod::Absolute",
          "CachedLinkMethod": "EAnimLinkMethod::Absolute",
          "SegmentBeginTime": 0.0,
          "SegmentLength": 3.1,
          "LinkValue": 1.2017893,
          "LinkedSequence": 20
        },
        {
          "TriggerTimeOffset": 0.0,
          "EndTriggerTimeOffset": 0.0,
          "TriggerWeightThreshold": 1E-05,
          "NotifyName": "PlaySound",
          "Notify": 25,
          "NotifyStateClass": -1,
          "Duration": 0.0,
          "EndLink": {
            "LinkedMontage": -1,
            "SlotIndex": 0,
            "SegmentIndex": -1,
            "LinkMethod": "EAnimLinkMethod::Absolute",
            "CachedLinkMethod": "EAnimLinkMethod::Absolute",
            "SegmentBeginTime": 0.0,
            "SegmentLength": 0.0,
            "LinkValue": 1.7250253,
            "LinkedSequence": -1
          },
          "bConvertedFromBranchingPoint": false,
          "MontageTickType": "EMontageNotifyTickType::Queued",
          "NotifyTriggerChance": 1.0,
          "NotifyFilterType": "ENotifyFilterType::NoFiltering",
          "NotifyFilterLOD": 0,
          "bTriggerOnDedicatedServer": true,
          "bTriggerOnFollower": false,
          "TrackIndex": 0,
          "LinkedMontage": -1,
          "SlotIndex": 0,
          "SegmentIndex": 0,
          "LinkMethod": "EAnimLinkMethod::Absolute",
          "CachedLinkMethod": "EAnimLinkMethod::Absolute",
          "SegmentBeginTime": 0.0,
          "SegmentLength": 3.1,
          "LinkValue": 1.7250253,
          "LinkedSequence": 20
        },
        {
          "TriggerTimeOffset": 0.0,
          "EndTriggerTimeOffset": 0.0,
          "TriggerWeightThreshold": 1E-05,
          "NotifyName": "PlaySound",
          "Notify": 31,
          "NotifyStateClass": -1,
          "Duration": 0.0,
          "EndLink": {
            "LinkedMontage": -1,
            "SlotIndex": 0,
            "SegmentIndex": -1,
            "LinkMethod": "EAnimLinkMethod::Absolute",
            "CachedLinkMethod": "EAnimLinkMethod::Absolute",
            "SegmentBeginTime": 0.0,
            "SegmentLength": 0.0,
            "LinkValue": 2.000755,
            "LinkedSequence": -1
          },
          "bConvertedFromBranchingPoint": false,
          "MontageTickType": "EMontageNotifyTickType::Queued",
          "NotifyTriggerChance": 1.0,
          "NotifyFilterType": "ENotifyFilterType::NoFiltering",
          "NotifyFilterLOD": 0,
          "bTriggerOnDedicatedServer": true,
          "bTriggerOnFollower": false,
          "TrackIndex": 1,
          "LinkedMontage": -1,
          "SlotIndex": 0,
          "SegmentIndex": 0,
          "LinkMethod": "EAnimLinkMethod::Absolute",
          "CachedLinkMethod": "EAnimLinkMethod::Absolute",
          "SegmentBeginTime": 0.0,
          "SegmentLength": 3.1,
          "LinkValue": 2.000755,
          "LinkedSequence": 20
        },
        {
          "TriggerTimeOffset": 0.0,
          "EndTriggerTimeOffset": 0.0,
          "TriggerWeightThreshold": 1E-05,
          "NotifyName": "PlaySound",
          "Notify": 21,
          "NotifyStateClass": -1,
          "Duration": 0.0,
          "EndLink": {
            "LinkedMontage": -1,
            "SlotIndex": 0,
            "SegmentIndex": -1,
            "LinkMethod": "EAnimLinkMethod::Absolute",
            "CachedLinkMethod": "EAnimLinkMethod::Absolute",
            "SegmentBeginTime": 0.0,
            "SegmentLength": 0.0,
            "LinkValue": 2.2265496,
            "LinkedSequence": -1
          },
          "bConvertedFromBranchingPoint": false,
          "MontageTickType": "EMontageNotifyTickType::Queued",
          "NotifyTriggerChance": 1.0,
          "NotifyFilterType": "ENotifyFilterType::NoFiltering",
          "NotifyFilterLOD": 0,
          "bTriggerOnDedicatedServer": true,
          "bTriggerOnFollower": false,
          "TrackIndex": 1,
          "LinkedMontage": -1,
          "SlotIndex": 0,
          "SegmentIndex": 0,
          "LinkMethod": "EAnimLinkMethod::Absolute",
          "CachedLinkMethod": "EAnimLinkMethod::Absolute",
          "SegmentBeginTime": 0.0,
          "SegmentLength": 3.1,
          "LinkValue": 2.2265496,
          "LinkedSequence": 20
        },
        {
          "TriggerTimeOffset": 0.0,
          "EndTriggerTimeOffset": 0.0,
          "TriggerWeightThreshold": 1E-05,
          "NotifyName": "PlaySound",
          "Notify": 27,
          "NotifyStateClass": -1,
          "Duration": 0.0,
          "EndLink": {
            "LinkedMontage": -1,
            "SlotIndex": 0,
            "SegmentIndex": -1,
            "LinkMethod": "EAnimLinkMethod::Absolute",
            "CachedLinkMethod": "EAnimLinkMethod::Absolute",
            "SegmentBeginTime": 0.0,
            "SegmentLength": 0.0,
            "LinkValue": 2.4414895,
            "LinkedSequence": -1
          },
          "bConvertedFromBranchingPoint": false,
          "MontageTickType": "EMontageNotifyTickType::Queued",
          "NotifyTriggerChance": 1.0,
          "NotifyFilterType": "ENotifyFilterType::NoFiltering",
          "NotifyFilterLOD": 0,
          "bTriggerOnDedicatedServer": true,
          "bTriggerOnFollower": false,
          "TrackIndex": 2,
          "LinkedMontage": -1,
          "SlotIndex": 0,
          "SegmentIndex": 0,
          "LinkMethod": "EAnimLinkMethod::Absolute",
          "CachedLinkMethod": "EAnimLinkMethod::Absolute",
          "SegmentBeginTime": 0.0,
          "SegmentLength": 3.1,
          "LinkValue": 2.4414895,
          "LinkedSequence": 20
        },
        {
          "TriggerTimeOffset": 0.0,
          "EndTriggerTimeOffset": 0.0,
          "TriggerWeightThreshold": 1E-05,
          "NotifyName": "PlaySound",
          "Notify": 26,
          "NotifyStateClass": -1,
          "Duration": 0.0,
          "EndLink": {
            "LinkedMontage": -1,
            "SlotIndex": 0,
            "SegmentIndex": -1,
            "LinkMethod": "EAnimLinkMethod::Absolute",
            "CachedLinkMethod": "EAnimLinkMethod::Absolute",
            "SegmentBeginTime": 0.0,
            "SegmentLength": 0.0,
            "LinkValue": 2.7085347,
            "LinkedSequence": -1
          },
          "bConvertedFromBranchingPoint": false,
          "MontageTickType": "EMontageNotifyTickType::Queued",
          "NotifyTriggerChance": 1.0,
          "NotifyFilterType": "ENotifyFilterType::NoFiltering",
          "NotifyFilterLOD": 0,
          "bTriggerOnDedicatedServer": true,
          "bTriggerOnFollower": false,
          "TrackIndex": 3,
          "LinkedMontage": -1,
          "SlotIndex": 0,
          "SegmentIndex": 0,
          "LinkMethod": "EAnimLinkMethod::Absolute",
          "CachedLinkMethod": "EAnimLinkMethod::Absolute",
          "SegmentBeginTime": 0.0,
          "SegmentLength": 3.1,
          "LinkValue": 2.7085347,
          "LinkedSequence": 20
        },
        {
          "TriggerTimeOffset": 0.0,
          "EndTriggerTimeOffset": 0.0,
          "TriggerWeightThreshold": 1E-05,
          "NotifyName": "PlaySound",
          "Notify": 28,
          "NotifyStateClass": -1,
          "Duration": 0.0,
          "EndLink": {
            "LinkedMontage": -1,
            "SlotIndex": 0,
            "SegmentIndex": -1,
            "LinkMethod": "EAnimLinkMethod::Absolute",
            "CachedLinkMethod": "EAnimLinkMethod::Absolute",
            "SegmentBeginTime": 0.0,
            "SegmentLength": 0.0,
            "LinkValue": 2.7454438,
            "LinkedSequence": -1
          },
          "bConvertedFromBranchingPoint": false,
          "MontageTickType": "EMontageNotifyTickType::Queued",
          "NotifyTriggerChance": 1.0,
          "NotifyFilterType": "ENotifyFilterType::NoFiltering",
          "NotifyFilterLOD": 0,
          "bTriggerOnDedicatedServer": true,
          "bTriggerOnFollower": false,
          "TrackIndex": 2,
          "LinkedMontage": -1,
          "SlotIndex": 0,
          "SegmentIndex": 0,
          "LinkMethod": "EAnimLinkMethod::Absolute",
          "CachedLinkMethod": "EAnimLinkMethod::Absolute",
          "SegmentBeginTime": 0.0,
          "SegmentLength": 3.1,
          "LinkValue": 2.7454438,
          "LinkedSequence": 20
        }
      ],
      "SequenceLength": 3.1,
      "Skeleton": 15,
      "$ReferencedObjects": []
    }
  },
  "ObjectHierarchy": [
    {
      "ObjectIndex": 0,
      "Type": "Import",
      "ClassPackage": "/Script/Engine",
      "ClassName": "AnimBoneCompressionSettings",
      "Outer": 6,
      "ObjectName": "DefaultAnimBoneCompressionSettings"
    },
    {
      "ObjectIndex": 1,
      "Type": "Import",
      "ClassPackage": "/Script/Engine",
      "ClassName": "AnimCurveCompressionSettings",
      "Outer": 7,
      "ObjectName": "DefaultAnimCurveCompressionSettings"
    },
    {
      "ObjectIndex": 2,
      "Type": "Import",
      "ClassPackage": "/Script/Engine",
      "ClassName": "AnimSequence",
      "Outer": 13,
      "ObjectName": "Default__AnimSequence"
    },
    {
      "ObjectIndex": 3,
      "Type": "Import",
      "ClassPackage": "/Script/CoreUObject",
      "ClassName": "Class",
      "Outer": 13,
      "ObjectName": "AnimSequence"
    },
    {
      "ObjectIndex": 4,
      "Type": "Import",
      "ClassPackage": "/Script/CoreUObject",
      "ClassName": "Class",
      "Outer": 14,
      "ObjectName": "FSDAnimNotify_PlaySound"
    },
    {
      "ObjectIndex": 5,
      "Type": "Import",
      "ClassPackage": "/Script/FSD",
      "ClassName": "FSDAnimNotify_PlaySound",
      "Outer": 14,
      "ObjectName": "Default__FSDAnimNotify_PlaySound"
    },
    {
      "ObjectIndex": 6,
      "Type": "Import",
      "ClassPackage": "/Script/CoreUObject",
      "ClassName": "Package",
      "ObjectName": "/Engine/Animation/DefaultAnimBoneCompressionSettings"
    },
    {
      "ObjectIndex": 7,
      "Type": "Import",
      "ClassPackage": "/Script/CoreUObject",
      "ClassName": "Package",
      "ObjectName": "/Engine/Animation/DefaultAnimCurveCompressionSettings"
    },
    {
      "ObjectIndex": 8,
      "Type": "Import",
      "ClassPackage": "/Script/CoreUObject",
      "ClassName": "Package",
      "ObjectName": "/Game/Art/Environments/SpaceRig/TipMachine/SK_TipMachine_Skeleton"
    },
    {
      "ObjectIndex": 9,
      "Type": "Import",
      "ClassPackage": "/Script/CoreUObject",
      "ClassName": "Package",
      "ObjectName": "/Game/Audio/SFX/SpaceRig/TipJar/TipMachineAcceptA_1_Cue"
    },
    {
      "ObjectIndex": 10,
      "Type": "Import",
      "ClassPackage": "/Script/CoreUObject",
      "ClassName": "Package",
      "ObjectName": "/Game/Audio/SFX/SpaceRig/TipJar/TipMachineServoSingleA_1_Cue"
    },
    {
      "ObjectIndex": 11,
      "Type": "Import",
      "ClassPackage": "/Script/CoreUObject",
      "ClassName": "Package",
      "ObjectName": "/Game/Audio/SFX/SpaceRig/TipJar/TipMachineServoSingleD_1_Cue"
    },
    {
      "ObjectIndex": 12,
      "Type": "Import",
      "ClassPackage": "/Script/CoreUObject",
      "ClassName": "Package",
      "ObjectName": "/Game/Audio/SFX/SpaceRig/TipJar/TipMachineVoiceF_1_Cue"
    },
    {
      "ObjectIndex": 13,
      "Type": "Import",
      "ClassPackage": "/Script/CoreUObject",
      "ClassName": "Package",
      "ObjectName": "/Script/Engine"
    },
    {
      "ObjectIndex": 14,
      "Type": "Import",
      "ClassPackage": "/Script/CoreUObject",
      "ClassName": "Package",
      "ObjectName": "/Script/FSD"
    },
    {
      "ObjectIndex": 15,
      "Type": "Import",
      "ClassPackage": "/Script/Engine",
      "ClassName": "Skeleton",
      "Outer": 8,
      "ObjectName": "SK_TipMachine_Skeleton"
    },
    {
      "ObjectIndex": 16,
      "Type": "Import",
      "ClassPackage": "/Script/Engine",
      "ClassName": "SoundCue",
      "Outer": 9,
      "ObjectName": "TipMachineAcceptA_1_Cue"
    },
    {
      "ObjectIndex": 17,
      "Type": "Import",
      "ClassPackage": "/Script/Engine",
      "ClassName": "SoundCue",
      "Outer": 10,
      "ObjectName": "TipMachineServoSingleA_1_Cue"
    },
    {
      "ObjectIndex": 18,
      "Type": "Import",
      "ClassPackage": "/Script/Engine",
      "ClassName": "SoundCue",
      "Outer": 11,
      "ObjectName": "TipMachineServoSingleD_1_Cue"
    },
    {
      "ObjectIndex": 19,
      "Type": "Import",
      "ClassPackage": "/Script/Engine",
      "ClassName": "SoundCue",
      "Outer": 12,
      "ObjectName": "TipMachineVoiceF_1_Cue"
    },
    {
      "ObjectIndex": 20,
      "Type": "Export",
      "ObjectMark": "$AssetObject$"
    },
    {
      "ObjectIndex": 21,
      "Type": "Export",
      "ObjectClass": 4,
      "Outer": 20,
      "ObjectName": "AnimNotify_PlaySound_1",
      "ObjectFlags": 8,
      "Properties": {
        "Sound": 16,
        "$ReferencedObjects": [
          16
        ]
      }
    },
    {
      "ObjectIndex": 22,
      "Type": "Export",
      "ObjectClass": 4,
      "Outer": 20,
      "ObjectName": "AnimNotify_PlaySound_11",
      "ObjectFlags": 8,
      "Properties": {
        "Sound": 19,
        "$ReferencedObjects": [
          19
        ]
      }
    },
    {
      "ObjectIndex": 23,
      "Type": "Export",
      "ObjectClass": 4,
      "Outer": 20,
      "ObjectName": "AnimNotify_PlaySound_12",
      "ObjectFlags": 8,
      "Properties": {
        "Sound": 17,
        "$ReferencedObjects": [
          17
        ]
      }
    },
    {
      "ObjectIndex": 24,
      "Type": "Export",
      "ObjectClass": 4,
      "Outer": 20,
      "ObjectName": "AnimNotify_PlaySound_13",
      "ObjectFlags": 8,
      "Properties": {
        "Sound": 17,
        "$ReferencedObjects": [
          17
        ]
      }
    },
    {
      "ObjectIndex": 25,
      "Type": "Export",
      "ObjectClass": 4,
      "Outer": 20,
      "ObjectName": "AnimNotify_PlaySound_14",
      "ObjectFlags": 8,
      "Properties": {
        "Sound": 17,
        "$ReferencedObjects": [
          17
        ]
      }
    },
    {
      "ObjectIndex": 26,
      "Type": "Export",
      "ObjectClass": 4,
      "Outer": 20,
      "ObjectName": "AnimNotify_PlaySound_15",
      "ObjectFlags": 8,
      "Properties": {
        "Sound": 18,
        "$ReferencedObjects": [
          18
        ]
      }
    },
    {
      "ObjectIndex": 27,
      "Type": "Export",
      "ObjectClass": 4,
      "Outer": 20,
      "ObjectName": "AnimNotify_PlaySound_16",
      "ObjectFlags": 8,
      "Properties": {
        "Sound": 17,
        "$ReferencedObjects": [
          17
        ]
      }
    },
    {
      "ObjectIndex": 28,
      "Type": "Export",
      "ObjectClass": 4,
      "Outer": 20,
      "ObjectName": "AnimNotify_PlaySound_17",
      "ObjectFlags": 8,
      "Properties": {
        "Sound": 17,
        "$ReferencedObjects": [
          17
        ]
      }
    },
    {
      "ObjectIndex": 29,
      "Type": "Export",
      "ObjectClass": 4,
      "Outer": 20,
      "ObjectName": "AnimNotify_PlaySound_18",
      "ObjectFlags": 8,
      "Properties": {
        "Sound": 17,
        "$ReferencedObjects": [
          17
        ]
      }
    },
    {
      "ObjectIndex": 30,
      "Type": "Export",
      "ObjectClass": 4,
      "Outer": 20,
      "ObjectName": "AnimNotify_PlaySound_19",
      "ObjectFlags": 8,
      "Properties": {
        "Sound": 18,
        "$ReferencedObjects": [
          18
        ]
      }
    },
    {
      "ObjectIndex": 31,
      "Type": "Export",
      "ObjectClass": 4,
      "Outer": 20,
      "ObjectName": "AnimNotify_PlaySound_20",
      "ObjectFlags": 8,
      "Properties": {
        "Sound": 17,
        "$ReferencedObjects": [
          17
        ]
      }
    }
  ]
}