{
  "AssetClass": "Blueprint",
  "AssetPackage": "/Game/Art/Environments/SpaceRig/TipMachine/BP_TipJarUsable",
  "AssetName": "BP_TipJarUsable",
  "AssetSerializedData": {
    "SkipDependecies": false,
    "SuperStruct": 8,
    "Children": [
      {
        "FieldKind": "Function",
        "ObjectClass": "Function",
        "ObjectName": "GetUseText",
        "SuperStruct": 26,
        "Children": [],
        "ChildProperties": [
          {
            "FieldKind": "Property",
            "ObjectClass": "ObjectProperty",
            "ObjectName": "user",
            "ArrayDim": 1,
            "PropertyFlags": "148",
            "RepNotifyFunc": "None",
            "BlueprintReplicationCondition": 0,
            "PropertyClass": 14
          },
          {
            "FieldKind": "Property",
            "ObjectClass": "TextProperty",
            "ObjectName": "ReturnValue",
            "ArrayDim": 1,
            "PropertyFlags": "1410",
            "RepNotifyFunc": "None",
            "BlueprintReplicationCondition": 0
          },
          {
            "FieldKind": "Property",
            "ObjectClass": "StructProperty",
            "ObjectName": "K2Node_MakeStruct_FormatArgumentData",
            "ArrayDim": 1,
            "PropertyFlags": "0",
            "RepNotifyFunc": "None",
            "BlueprintReplicationCondition": 0,
            "Struct": 30
          },
          {
            "FieldKind": "Property",
            "ObjectClass": "ArrayProperty",
            "ObjectName": "K2Node_MakeArray_Array",
            "ArrayDim": 1,
            "PropertyFlags": "134217728",
            "RepNotifyFunc": "None",
            "BlueprintReplicationCondition": 0,
            "Inner": {
              "ObjectClass": "StructProperty",
              "ObjectName": "K2Node_MakeArray_Array",
              "ArrayDim": 1,
              "PropertyFlags": "0",
              "RepNotifyFunc": "None",
              "BlueprintReplicationCondition": 0,
              "Struct": 30
            }
          },
          {
            "FieldKind": "Property",
            "ObjectClass": "TextProperty",
            "ObjectName": "CallFunc_Format_ReturnValue",
            "ArrayDim": 1,
            "PropertyFlags": "0",
            "RepNotifyFunc": "None",
            "BlueprintReplicationCondition": 0
          }
        ],
        "Script": [
          {
            "Inst": "Let",
            "Variable": {
              "Inst": "StructMemberContext",
              "PropertyType": "##NOT SERIALIZED##",
              "PropertyName": "ArgumentName",
              "StructExpression": {
                "Inst": "LocalVariable",
                "VariableType": {
                  "PinCategory": "Struct",
                  "PinSubCategory": "Struct",
                  "PinSubCategoryObject": "/Script/Engine.FormatArgumentData"
                },
                "VariableName": "K2Node_MakeStruct_FormatArgumentData"
              }
            },
            "Expression": {
              "Inst": "StringConst",
              "Value": "TipAmount"
            },
            "StatementIndex": 0
          },
          {
            "Inst": "Let",
            "Variable": {
              "Inst": "StructMemberContext",
              "PropertyType": "##NOT SERIALIZED##",
              "PropertyName": "ArgumentValueType",
              "StructExpression": {
                "Inst": "LocalVariable",
                "VariableType": {
                  "PinCategory": "Struct",
                  "PinSubCategory": "Struct",
                  "PinSubCategoryObject": "/Script/Engine.FormatArgumentData"
                },
                "VariableName": "K2Node_MakeStruct_FormatArgumentData"
              }
            },
            "Expression": {
              "Inst": "ByteConst",
              "Value": 0
            },
            "StatementIndex": 38
          },
          {
            "Inst": "Let",
            "Variable": {
              "Inst": "StructMemberContext",
              "PropertyType": "##NOT SERIALIZED##",
              "PropertyName": "ArgumentValue",
              "StructExpression": {
                "Inst": "LocalVariable",
                "VariableType": {
                  "PinCategory": "Struct",
                  "PinSubCategory": "Struct",
                  "PinSubCategoryObject": "/Script/Engine.FormatArgumentData"
                },
                "VariableName": "K2Node_MakeStruct_FormatArgumentData"
              }
            },
            "Expression": {
              "Inst": "TextConst",
              "TextLiteralType": "Empty"
            },
            "StatementIndex": 67
          },
          {
            "Inst": "Let",
            "Variable": {
              "Inst": "StructMemberContext",
              "PropertyType": "##NOT SERIALIZED##",
              "PropertyName": "ArgumentValueInt",
              "StructExpression": {
                "Inst": "LocalVariable",
                "VariableType": {
                  "PinCategory": "Struct",
                  "PinSubCategory": "Struct",
                  "PinSubCategoryObject": "/Script/Engine.FormatArgumentData"
                },
                "VariableName": "K2Node_MakeStruct_FormatArgumentData"
              }
            },
            "Expression": {
              "Inst": "InstanceVariable",
              "VariableType": {
                "PinCategory": "int",
                "PinSubCategory": "int"
              },
              "VariableName": "TipAmount"
            },
            "StatementIndex": 96
          },
          {
            "Inst": "Let",
            "Variable": {
              "Inst": "StructMemberContext",
              "PropertyType": "##NOT SERIALIZED##",
              "PropertyName": "ArgumentValueFloat",
              "StructExpression": {
                "Inst": "LocalVariable",
                "VariableType": {
                  "PinCategory": "Struct",
                  "PinSubCategory": "Struct",
                  "PinSubCategoryObject": "/Script/Engine.FormatArgumentData"
                },
                "VariableName": "K2Node_MakeStruct_FormatArgumentData"
              }
            },
            "Expression": {
              "Inst": "FloatConst",
              "Value": 0.0
            },
            "StatementIndex": 132
          },
          {
            "Inst": "Let",
            "Variable": {
              "Inst": "StructMemberContext",
              "PropertyType": "##NOT SERIALIZED##",
              "PropertyName": "ArgumentValueGender",
              "StructExpression": {
                "Inst": "LocalVariable",
                "VariableType": {
                  "PinCategory": "Struct",
                  "PinSubCategory": "Struct",
                  "PinSubCategoryObject": "/Script/Engine.FormatArgumentData"
                },
                "VariableName": "K2Node_MakeStruct_FormatArgumentData"
              }
            },
            "Expression": {
              "Inst": "ByteConst",
              "Value": 0
            },
            "StatementIndex": 164
          },
          {
            "Inst": "SetArray",
            "LeftSideExpression": {
              "Inst": "LocalVariable",
              "VariableType": {
                "PinCategory": "Struct",
                "PinSubCategory": "Struct",
                "PinSubCategoryObject": "/Script/Engine.FormatArgumentData",
                "ContainerType": 1
              },
              "VariableName": "K2Node_MakeArray_Array"
            },
            "Values": [
              {
                "Inst": "LocalVariable",
                "VariableType": {
                  "PinCategory": "Struct",
                  "PinSubCategory": "Struct",
                  "PinSubCategoryObject": "/Script/Engine.FormatArgumentData"
                },
                "VariableName": "K2Node_MakeStruct_FormatArgumentData"
              }
            ],
            "StatementIndex": 193
          },
          {
            "Inst": "Let",
            "Variable": {
              "Inst": "LocalVariable",
              "VariableType": {
                "PinCategory": "Text",
                "PinSubCategory": "Text"
              },
              "VariableName": "CallFunc_Format_ReturnValue"
            },
            "Expression": {
              "Inst": "CallMath",
              "Function": "Format",
              "ContextClass": "/Script/Engine.KismetTextLibrary",
              "Parameters": [
                {
                  "Inst": "InstanceVariable",
                  "VariableType": "##NOT SERIALIZED##",
                  "VariableName": "UseText"
                },
                {
                  "Inst": "LocalVariable",
                  "VariableType": {
                    "PinCategory": "Struct",
                    "PinSubCategory": "Struct",
                    "PinSubCategoryObject": "/Script/Engine.FormatArgumentData",
                    "ContainerType": 1
                  },
                  "VariableName": "K2Node_MakeArray_Array"
                }
              ]
            },
            "StatementIndex": 213
          },
          {
            "Inst": "Let",
            "Variable": {
              "Inst": "LocalOutVariable",
              "VariableType": {
                "PinCategory": "Text",
                "PinSubCategory": "Text",
                "IsConst": true
              },
              "VariableName": "ReturnValue"
            },
            "Expression": {
              "Inst": "LocalVariable",
              "VariableType": {
                "PinCategory": "Text",
                "PinSubCategory": "Text"
              },
              "VariableName": "CallFunc_Format_ReturnValue"
            },
            "StatementIndex": 259
          },
          {
            "Inst": "Return",
            "Expression": {
              "Inst": "LocalOutVariable",
              "VariableType": {
                "PinCategory": "Text",
                "PinSubCategory": "Text",
                "IsConst": true
              },
              "VariableName": "ReturnValue"
            },
            "StatementIndex": 286
          },
          {
            "Inst": "EndOfScript",
            "StatementIndex": 296
          }
        ],
        "FunctionFlags": "482478080"
      },
      {
        "FieldKind": "Function",
        "ObjectClass": "Function",
        "ObjectName": "BPCanUse",
        "SuperStruct": 22,
        "Children": [],
        "ChildProperties": [
          {
            "FieldKind": "Property",
            "ObjectClass": "ObjectProperty",
            "ObjectName": "user",
            "ArrayDim": 1,
            "PropertyFlags": "148",
            "RepNotifyFunc": "None",
            "BlueprintReplicationCondition": 0,
            "PropertyClass": 14
          },
          {
            "FieldKind": "Property",
            "ObjectClass": "ObjectProperty",
            "ObjectName": "useCollider",
            "ArrayDim": 1,
            "PropertyFlags": "524436",
            "RepNotifyFunc": "None",
            "BlueprintReplicationCondition": 0,
            "PropertyClass": 7
          },
          {
            "FieldKind": "Property",
            "ObjectClass": "BoolProperty",
            "ObjectName": "ReturnValue",
            "ArrayDim": 1,
            "PropertyFlags": "1408",
            "RepNotifyFunc": "None",
            "BlueprintReplicationCondition": 0,
            "BoolSize": 1,
            "NativeBool": true
          },
          {
            "FieldKind": "Property",
            "ObjectClass": "BoolProperty",
            "ObjectName": "IsDrinking",
            "ArrayDim": 1,
            "PropertyFlags": "5",
            "RepNotifyFunc": "None",
            "BlueprintReplicationCondition": 0,
            "BoolSize": 1,
            "NativeBool": true
          },
          {
            "FieldKind": "Property",
            "ObjectClass": "BoolProperty",
            "ObjectName": "CallFunc_IsLocallyControlled_ReturnValue",
            "ArrayDim": 1,
            "PropertyFlags": "0",
            "RepNotifyFunc": "None",
            "BlueprintReplicationCondition": 0,
            "BoolSize": 1,
            "NativeBool": true
          },
          {
            "FieldKind": "Property",
            "ObjectClass": "BoolProperty",
            "ObjectName": "CallFunc_Not_PreBool_ReturnValue",
            "ArrayDim": 1,
            "PropertyFlags": "0",
            "RepNotifyFunc": "None",
            "BlueprintReplicationCondition": 0,
            "BoolSize": 1,
            "NativeBool": true
          },
          {
            "FieldKind": "Property",
            "ObjectClass": "ObjectProperty",
            "ObjectName": "CallFunc_GetEquippedItem_ReturnValue",
            "ArrayDim": 1,
            "PropertyFlags": "0",
            "RepNotifyFunc": "None",
            "BlueprintReplicationCondition": 0,
            "PropertyClass": 13
          },
          {
            "FieldKind": "Property",
            "ObjectClass": "BoolProperty",
            "ObjectName": "CallFunc_Not_PreBool_ReturnValue_1",
            "ArrayDim": 1,
            "PropertyFlags": "0",
            "RepNotifyFunc": "None",
            "BlueprintReplicationCondition": 0,
            "BoolSize": 1,
            "NativeBool": true
          },
          {
            "FieldKind": "Property",
            "ObjectClass": "ObjectProperty",
            "ObjectName": "K2Node_DynamicCast_AsDrinkable_Item",
            "ArrayDim": 1,
            "PropertyFlags": "0",
            "RepNotifyFunc": "None",
            "BlueprintReplicationCondition": 0,
            "PropertyClass": 9
          },
          {
            "FieldKind": "Property",
            "ObjectClass": "BoolProperty",
            "ObjectName": "K2Node_DynamicCast_bSuccess",
            "ArrayDim": 1,
            "PropertyFlags": "0",
            "RepNotifyFunc": "None",
            "BlueprintReplicationCondition": 0,
            "BoolSize": 1,
            "NativeBool": true
          },
          {
            "FieldKind": "Property",
            "ObjectClass": "ObjectProperty",
            "ObjectName": "CallFunc_GetFSDSaveGame_ReturnValue",
            "ArrayDim": 1,
            "PropertyFlags": "0",
            "RepNotifyFunc": "None",
            "BlueprintReplicationCondition": 0,
            "PropertyClass": 10
          },
          {
            "FieldKind": "Property",
            "ObjectClass": "IntProperty",
            "ObjectName": "CallFunc_GetCredits_ReturnValue",
            "ArrayDim": 1,
            "PropertyFlags": "0",
            "RepNotifyFunc": "None",
            "BlueprintReplicationCondition": 0
          },
          {
            "FieldKind": "Property",
            "ObjectClass": "BoolProperty",
            "ObjectName": "CallFunc_GreaterEqual_IntInt_ReturnValue",
            "ArrayDim": 1,
            "PropertyFlags": "0",
            "RepNotifyFunc": "None",
            "BlueprintReplicationCondition": 0,
            "BoolSize": 1,
            "NativeBool": true
          },
          {
            "FieldKind": "Property",
            "ObjectClass": "BoolProperty",
            "ObjectName": "CallFunc_BooleanAND_ReturnValue",
            "ArrayDim": 1,
            "PropertyFlags": "0",
            "RepNotifyFunc": "None",
            "BlueprintReplicationCondition": 0,
            "BoolSize": 1,
            "NativeBool": true
          }
        ],
        "Script": [
          {
            "Inst": "LetBool",
            "Variable": {
              "Inst": "LocalVariable",
              "VariableType": {
                "PinCategory": "bool",
                "PinSubCategory": "bool"
              },
              "VariableName": "IsDrinking"
            },
            "Expression": {
              "Inst": "False"
            },
            "StatementIndex": 0
          },
          {
            "Inst": "LetObj",
            "Variable": {
              "Inst": "LocalVariable",
              "VariableType": {
                "PinCategory": "Object",
                "PinSubCategory": "Object",
                "PinSubCategoryObject": "/Script/FSD.Item"
              },
              "VariableName": "CallFunc_GetEquippedItem_ReturnValue"
            },
            "Expression": {
              "Inst": "Context",
              "Context": {
                "Inst": "Context",
                "Context": {
                  "Inst": "LocalVariable",
                  "VariableType": {
                    "PinCategory": "Object",
                    "PinSubCategory": "Object",
                    "PinSubCategoryObject": "/Script/FSD.PlayerCharacter"
                  },
                  "VariableName": "user"
                },
                "SkipOffsetForNull": 9,
                "RValuePropertyType": "##NOT SERIALIZED##",
                "RValuePropertyName": "InventoryComponent",
                "Expression": {
                  "Inst": "InstanceVariable",
                  "VariableType": "##NOT SERIALIZED##",
                  "VariableName": "InventoryComponent"
                }
              },
              "SkipOffsetForNull": 10,
              "RValuePropertyType": {
                "PinCategory": "Object",
                "PinSubCategory": "Object",
                "PinSubCategoryObject": "/Script/FSD.Item"
              },
              "RValuePropertyName": "CallFunc_GetEquippedItem_ReturnValue",
              "Expression": {
                "Inst": "FinalFunction",
                "Function": "GetEquippedItem",
                "Parameters": []
              }
            },
            "StatementIndex": 11
          },
          {
            "Inst": "Let",
            "Variable": {
              "Inst": "LocalVariable",
              "VariableType": {
                "PinCategory": "Object",
                "PinSubCategory": "Object",
                "PinSubCategoryObject": "/Script/FSD.DrinkableItem"
              },
              "VariableName": "K2Node_DynamicCast_AsDrinkable_Item"
            },
            "Expression": {
              "Inst": "DynamicCast",
              "Class": "/Script/FSD.DrinkableItem",
              "Expression": {
                "Inst": "LocalVariable",
                "VariableType": {
                  "PinCategory": "Object",
                  "PinSubCategory": "Object",
                  "PinSubCategoryObject": "/Script/FSD.Item"
                },
                "VariableName": "CallFunc_GetEquippedItem_ReturnValue"
              }
            },
            "StatementIndex": 75
          },
          {
            "Inst": "Let",
            "Variable": {
              "Inst": "LocalVariable",
              "VariableType": {
                "PinCategory": "bool",
                "PinSubCategory": "bool"
              },
              "VariableName": "K2Node_DynamicCast_bSuccess"
            },
            "Expression": {
              "Inst": "PrimitiveCast",
              "CastType": "ObjectToBool",
              "Expression": {
                "Inst": "LocalVariable",
                "VariableType": {
                  "PinCategory": "Object",
                  "PinSubCategory": "Object",
                  "PinSubCategoryObject": "/Script/FSD.DrinkableItem"
                },
                "VariableName": "K2Node_DynamicCast_AsDrinkable_Item"
              }
            },
            "StatementIndex": 111
          },
          {
            "Inst": "JumpIfNot",
            "Offset": 425,
            "Condition": {
              "Inst": "LocalVariable",
              "VariableType": {
                "PinCategory": "bool",
                "PinSubCategory": "bool"
              },
              "VariableName": "K2Node_DynamicCast_bSuccess"
            },
            "StatementIndex": 140
          },
          {
            "Inst": "LetBool",
            "Variable": {
              "Inst": "LocalVariable",
              "VariableType": {
                "PinCategory": "bool",
                "PinSubCategory": "bool"
              },
              "VariableName": "IsDrinking"
            },
            "Expression": {
              "Inst": "True"
            },
            "StatementIndex": 154
          },
          {
            "Inst": "LetBool",
            "Variable": {
              "Inst": "LocalVariable",
              "VariableType": {
                "PinCategory": "bool",
                "PinSubCategory": "bool"
              },
              "VariableName": "CallFunc_IsLocallyControlled_ReturnValue"
            },
            "Expression": {
              "Inst": "Context",
              "Context": {
                "Inst": "LocalVariable",
                "VariableType": {
                  "PinCategory": "Object",
                  "PinSubCategory": "Object",
                  "PinSubCategoryObject": "/Script/FSD.PlayerCharacter"
                },
                "VariableName": "user"
              },
              "SkipOffsetForNull": 14,
              "RValuePropertyType": {
                "PinCategory": "bool",
                "PinSubCategory": "bool"
              },
              "RValuePropertyName": "CallFunc_IsLocallyControlled_ReturnValue",
              "Expression": {
                "Inst": "VirtualFunction",
                "Function": "IsLocallyControlled",
                "Parameters": []
              }
            },
            "StatementIndex": 165
          },
          {
            "Inst": "JumpIfNot",
            "Offset": 441,
            "Condition": {
              "Inst": "LocalVariable",
              "VariableType": {
                "PinCategory": "bool",
                "PinSubCategory": "bool"
              },
              "VariableName": "CallFunc_IsLocallyControlled_ReturnValue"
            },
            "StatementIndex": 211
          },
          {
            "Inst": "LetBool",
            "Variable": {
              "Inst": "LocalVariable",
              "VariableType": {
                "PinCategory": "bool",
                "PinSubCategory": "bool"
              },
              "VariableName": "CallFunc_Not_PreBool_ReturnValue_1"
            },
            "Expression": {
              "Inst": "CallMath",
              "Function": "Not_PreBool",
              "ContextClass": "/Script/Engine.KismetMathLibrary",
              "Parameters": [
                {
                  "Inst": "LocalVariable",
                  "VariableType": {
                    "PinCategory": "bool",
                    "PinSubCategory": "bool"
                  },
                  "VariableName": "IsDrinking"
                }
              ]
            },
            "StatementIndex": 225
          },
          {
            "Inst": "LetObj",
            "Variable": {
              "Inst": "LocalVariable",
              "VariableType": {
                "PinCategory": "Object",
                "PinSubCategory": "Object",
                "PinSubCategoryObject": "/Script/FSD.FSDSaveGame"
              },
              "VariableName": "CallFunc_GetFSDSaveGame_ReturnValue"
            },
            "Expression": {
              "Inst": "CallMath",
              "Function": "GetFSDSaveGame",
              "ContextClass": "/Script/FSD.GameFunctionLibrary",
              "Parameters": [
                {
                  "Inst": "Self"
                }
              ]
            },
            "StatementIndex": 254
          },
          {
            "Inst": "Let",
            "Variable": {
              "Inst": "LocalVariable",
              "VariableType": {
                "PinCategory": "int",
                "PinSubCategory": "int"
              },
              "VariableName": "CallFunc_GetCredits_ReturnValue"
            },
            "Expression": {
              "Inst": "Context",
              "Context": {
                "Inst": "LocalVariable",
                "VariableType": {
                  "PinCategory": "Object",
                  "PinSubCategory": "Object",
                  "PinSubCategoryObject": "/Script/FSD.FSDSaveGame"
                },
                "VariableName": "CallFunc_GetFSDSaveGame_ReturnValue"
              },
              "SkipOffsetForNull": 10,
              "RValuePropertyType": {
                "PinCategory": "int",
                "PinSubCategory": "int"
              },
              "RValuePropertyName": "CallFunc_GetCredits_ReturnValue",
              "Expression": {
                "Inst": "FinalFunction",
                "Function": "GetCredits",
                "Parameters": []
              }
            },
            "StatementIndex": 275
          },
          {
            "Inst": "LetBool",
            "Variable": {
              "Inst": "LocalVariable",
              "VariableType": {
                "PinCategory": "bool",
                "PinSubCategory": "bool"
              },
              "VariableName": "CallFunc_GreaterEqual_IntInt_ReturnValue"
            },
            "Expression": {
              "Inst": "CallMath",
              "Function": "GreaterEqual_IntInt",
              "ContextClass": "/Script/Engine.KismetMathLibrary",
              "Parameters": [
                {
                  "Inst": "LocalVariable",
                  "VariableType": {
                    "PinCategory": "int",
                    "PinSubCategory": "int"
                  },
                  "VariableName": "CallFunc_GetCredits_ReturnValue"
                },
                {
                  "Inst": "InstanceVariable",
                  "VariableType": {
                    "PinCategory": "int",
                    "PinSubCategory": "int"
                  },
                  "VariableName": "TipAmount"
                }
              ]
            },
            "StatementIndex": 325
          },
          {
            "Inst": "LetBool",
            "Variable": {
              "Inst": "LocalVariable",
              "VariableType": {
                "PinCategory": "bool",
                "PinSubCategory": "bool"
              },
              "VariableName": "CallFunc_BooleanAND_ReturnValue"
            },
            "Expression": {
              "Inst": "CallMath",
              "Function": "BooleanAND",
              "ContextClass": "/Script/Engine.KismetMathLibrary",
              "Parameters": [
                {
                  "Inst": "LocalVariable",
                  "VariableType": {
                    "PinCategory": "bool",
                    "PinSubCategory": "bool"
                  },
                  "VariableName": "CallFunc_GreaterEqual_IntInt_ReturnValue"
                },
                {
                  "Inst": "LocalVariable",
                  "VariableType": {
                    "PinCategory": "bool",
                    "PinSubCategory": "bool"
                  },
                  "VariableName": "CallFunc_Not_PreBool_ReturnValue_1"
                }
              ]
            },
            "StatementIndex": 363
          },
          {
            "Inst": "LetBool",
            "Variable": {
              "Inst": "LocalOutVariable",
              "VariableType": {
                "PinCategory": "bool",
                "PinSubCategory": "bool"
              },
              "VariableName": "ReturnValue"
            },
            "Expression": {
              "Inst": "LocalVariable",
              "VariableType": {
                "PinCategory": "bool",
                "PinSubCategory": "bool"
              },
              "VariableName": "CallFunc_BooleanAND_ReturnValue"
            },
            "StatementIndex": 401
          },
          {
            "Inst": "Jump",
            "Offset": 489,
            "StatementIndex": 420
          },
          {
            "Inst": "LetBool",
            "Variable": {
              "Inst": "LocalVariable",
              "VariableType": {
                "PinCategory": "bool",
                "PinSubCategory": "bool"
              },
              "VariableName": "IsDrinking"
            },
            "Expression": {
              "Inst": "False"
            },
            "StatementIndex": 425
          },
          {
            "Inst": "Jump",
            "Offset": 165,
            "StatementIndex": 436
          },
          {
            "Inst": "LetBool",
            "Variable": {
              "Inst": "LocalVariable",
              "VariableType": {
                "PinCategory": "bool",
                "PinSubCategory": "bool"
              },
              "VariableName": "CallFunc_Not_PreBool_ReturnValue"
            },
            "Expression": {
              "Inst": "CallMath",
              "Function": "Not_PreBool",
              "ContextClass": "/Script/Engine.KismetMathLibrary",
              "Parameters": [
                {
                  "Inst": "LocalVariable",
                  "VariableType": {
                    "PinCategory": "bool",
                    "PinSubCategory": "bool"
                  },
                  "VariableName": "IsDrinking"
                }
              ]
            },
            "StatementIndex": 441
          },
          {
            "Inst": "LetBool",
            "Variable": {
              "Inst": "LocalOutVariable",
              "VariableType": {
                "PinCategory": "bool",
                "PinSubCategory": "bool"
              },
              "VariableName": "ReturnValue"
            },
            "Expression": {
              "Inst": "LocalVariable",
              "VariableType": {
                "PinCategory": "bool",
                "PinSubCategory": "bool"
              },
              "VariableName": "CallFunc_Not_PreBool_ReturnValue"
            },
            "StatementIndex": 470
          },
          {
            "Inst": "Return",
            "Expression": {
              "Inst": "LocalOutVariable",
              "VariableType": {
                "PinCategory": "bool",
                "PinSubCategory": "bool"
              },
              "VariableName": "ReturnValue"
            },
            "StatementIndex": 489
          },
          {
            "Inst": "EndOfScript",
            "StatementIndex": 499
          }
        ],
        "FunctionFlags": "1279789056"
      },
      {
        "FieldKind": "Function",
        "ObjectClass": "Function",
        "ObjectName": "SetTipAmount",
        "SuperStruct": -1,
        "Children": [],
        "ChildProperties": [
          {
            "FieldKind": "Property",
            "ObjectClass": "IntProperty",
            "ObjectName": "Credits",
            "ArrayDim": 1,
            "PropertyFlags": "148",
            "RepNotifyFunc": "None",
            "BlueprintReplicationCondition": 0
          }
        ],
        "Script": [
          {
            "Inst": "LetValueOnPersistentFrame",
            "PropertyName": "K2Node_CustomEvent_Credits",
            "PropertyType": {
              "PinCategory": "int",
              "PinSubCategory": "int"
            },
            "Expression": {
              "Inst": "LocalVariable",
              "VariableType": {
                "PinCategory": "int",
                "PinSubCategory": "int"
              },
              "VariableName": "Credits"
            },
            "StatementIndex": 0
          },
          {
            "Inst": "LocalFinalFunction",
            "Function": "ExecuteUbergraph_BP_TipJarUsable",
            "Parameters": [
              {
                "Inst": "IntConst",
                "Value": 10
              }
            ],
            "StatementIndex": 18
          },
          {
            "Inst": "Return",
            "Expression": {
              "Inst": "Nothing"
            },
            "StatementIndex": 33
          },
          {
            "Inst": "EndOfScript",
            "StatementIndex": 35
          }
        ],
        "FunctionFlags": "201326592"
      },
      {
        "FieldKind": "Function",
        "ObjectClass": "Function",
        "ObjectName": "ExecuteUbergraph_BP_TipJarUsable",
        "SuperStruct": -1,
        "Children": [],
        "ChildProperties": [
          {
            "FieldKind": "Property",
            "ObjectClass": "IntProperty",
            "ObjectName": "EntryPoint",
            "ArrayDim": 1,
            "PropertyFlags": "148",
            "RepNotifyFunc": "None",
            "BlueprintReplicationCondition": 0
          },
          {
            "FieldKind": "Property",
            "ObjectClass": "IntProperty",
            "ObjectName": "K2Node_CustomEvent_Credits",
            "ArrayDim": 1,
            "PropertyFlags": "0",
            "RepNotifyFunc": "None",
            "BlueprintReplicationCondition": 0
          }
        ],
        "Script": [
          {
            "Inst": "ComputedJump",
            "OffsetExpression": {
              "Inst": "LocalVariable",
              "VariableType": {
                "PinCategory": "int",
                "PinSubCategory": "int"
              },
              "VariableName": "EntryPoint"
            },
            "StatementIndex": 0
          },
          {
            "Inst": "Let",
            "Variable": {
              "Inst": "InstanceVariable",
              "VariableType": {
                "PinCategory": "int",
                "PinSubCategory": "int"
              },
              "VariableName": "TipAmount"
            },
            "Expression": {
              "Inst": "LocalVariable",
              "VariableType": {
                "PinCategory": "int",
                "PinSubCategory": "int"
              },
              "VariableName": "K2Node_CustomEvent_Credits"
            },
            "StatementIndex": 10
          },
          {
            "Inst": "Return",
            "Expression": {
              "Inst": "Nothing"
            },
            "StatementIndex": 37
          },
          {
            "Inst": "EndOfScript",
            "StatementIndex": 39
          }
        ],
        "FunctionFlags": "32769"
      }
    ],
    "ChildProperties": [
      {
        "FieldKind": "Property",
        "ObjectClass": "StructProperty",
        "ObjectName": "UberGraphFrame",
        "ArrayDim": 1,
        "PropertyFlags": "2105344",
        "RepNotifyFunc": "None",
        "BlueprintReplicationCondition": 0,
        "Struct": 31
      },
      {
        "FieldKind": "Property",
        "ObjectClass": "IntProperty",
        "ObjectName": "TipAmount",
        "ArrayDim": 1,
        "PropertyFlags": "65541",
        "RepNotifyFunc": "None",
        "BlueprintReplicationCondition": 0
      }
    ],
    "ClassFlags": "10749972",
    "ClassWithin": 3,
    "ClassConfigName": "Engine",
    "Interfaces": [],
    "ClassDefaultObject": 33,
    "AssetObjectData": {
      "SimpleConstructionScript": -1,
      "$ReferencedObjects": []
    },
    "GeneratedVariableNames": []
  },
  "ObjectHierarchy": [
    {
      "ObjectIndex": 0,
      "Type": "Import",
      "ClassPackage": "/Script/Engine",
      "ClassName": "BlueprintGeneratedClass",
      "Outer": 28,
      "ObjectName": "Default__BlueprintGeneratedClass"
    },
    {
      "ObjectIndex": 1,
      "Type": "Import",
      "ClassPackage": "/Script/FSD",
      "ClassName": "BPInstantUsable",
      "Outer": 29,
      "ObjectName": "Default__BPInstantUsable"
    },
    {
      "ObjectIndex": 2,
      "Type": "Import",
      "ClassPackage": "/Script/CoreUObject",
      "ClassName": "Class",
      "Outer": 27,
      "ObjectName": "Function"
    },
    {
      "ObjectIndex": 3,
      "Type": "Import",
      "ClassPackage": "/Script/CoreUObject",
      "ClassName": "Class",
      "Outer": 27,
      "ObjectName": "Object"
    },
    {
      "ObjectIndex": 4,
      "Type": "Import",
      "ClassPackage": "/Script/CoreUObject",
      "ClassName": "Class",
      "Outer": 28,
      "ObjectName": "BlueprintGeneratedClass"
    },
    {
      "ObjectIndex": 5,
      "Type": "Import",
      "ClassPackage": "/Script/CoreUObject",
      "ClassName": "Class",
      "Outer": 28,
      "ObjectName": "KismetMathLibrary"
    },
    {
      "ObjectIndex": 6,
      "Type": "Import",
      "ClassPackage": "/Script/CoreUObject",
      "ClassName": "Class",
      "Outer": 28,
      "ObjectName": "KismetTextLibrary"
    },
    {
      "ObjectIndex": 7,
      "Type": "Import",
      "ClassPackage": "/Script/CoreUObject",
      "ClassName": "Class",
      "Outer": 28,
      "ObjectName": "SceneComponent"
    },
    {
      "ObjectIndex": 8,
      "Type": "Import",
      "ClassPackage": "/Script/CoreUObject",
      "ClassName": "Class",
      "Outer": 29,
      "ObjectName": "BPInstantUsable"
    },
    {
      "ObjectIndex": 9,
      "Type": "Import",
      "ClassPackage": "/Script/CoreUObject",
      "ClassName": "Class",
      "Outer": 29,
      "ObjectName": "DrinkableItem"
    },
    {
      "ObjectIndex": 10,
      "Type": "Import",
      "ClassPackage": "/Script/CoreUObject",
      "ClassName": "Class",
      "Outer": 29,
      "ObjectName": "FSDSaveGame"
    },
    {
      "ObjectIndex": 11,
      "Type": "Import",
      "ClassPackage": "/Script/CoreUObject",
      "ClassName": "Class",
      "Outer": 29,
      "ObjectName": "GameFunctionLibrary"
    },
    {
      "ObjectIndex": 12,
      "Type": "Import",
      "ClassPackage": "/Script/CoreUObject",
      "ClassName": "Class",
      "Outer": 29,
      "ObjectName": "InventoryComponent"
    },
    {
      "ObjectIndex": 13,
      "Type": "Import",
      "ClassPackage": "/Script/CoreUObject",
      "ClassName": "Class",
      "Outer": 29,
      "ObjectName": "Item"
    },
    {
      "ObjectIndex": 14,
      "Type": "Import",
      "ClassPackage": "/Script/CoreUObject",
      "ClassName": "Class",
      "Outer": 29,
      "ObjectName": "PlayerCharacter"
    },
    {
      "ObjectIndex": 15,
      "Type": "Import",
      "ClassPackage": "/Script/CoreUObject",
      "ClassName": "Class",
      "Outer": 29,
      "ObjectName": "UsableComponent"
    },
    {
      "ObjectIndex": 16,
      "Type": "Import",
      "ClassPackage": "/Script/CoreUObject",
      "ClassName": "Class",
      "Outer": 29,
      "ObjectName": "UsableComponentBase"
    },
    {
      "ObjectIndex": 17,
      "Type": "Import",
      "ClassPackage": "/Script/CoreUObject",
      "ClassName": "Function",
      "Outer": 27,
      "ObjectName": "Default__Function"
    },
    {
      "ObjectIndex": 18,
      "Type": "Import",
      "ClassPackage": "/Script/CoreUObject",
      "ClassName": "Function",
      "Outer": 5,
      "ObjectName": "BooleanAND"
    },
    {
      "ObjectIndex": 19,
      "Type": "Import",
      "ClassPackage": "/Script/CoreUObject",
      "ClassName": "Function",
      "Outer": 5,
      "ObjectName": "GreaterEqual_IntInt"
    },
    {
      "ObjectIndex": 20,
      "Type": "Import",
      "ClassPackage": "/Script/CoreUObject",
      "ClassName": "Function",
      "Outer": 5,
      "ObjectName": "Not_PreBool"
    },
    {
      "ObjectIndex": 21,
      "Type": "Import",
      "ClassPackage": "/Script/CoreUObject",
      "ClassName": "Function",
      "Outer": 6,
      "ObjectName": "Format"
    },
    {
      "ObjectIndex": 22,
      "Type": "Import",
      "ClassPackage": "/Script/CoreUObject",
      "ClassName": "Function",
      "Outer": 8,
      "ObjectName": "BPCanUse"
    },
    {
      "ObjectIndex": 23,
      "Type": "Import",
      "ClassPackage": "/Script/CoreUObject",
      "ClassName": "Function",
      "Outer": 10,
      "ObjectName": "GetCredits"
    },
    {
      "ObjectIndex": 24,
      "Type": "Import",
      "ClassPackage": "/Script/CoreUObject",
      "ClassName": "Function",
      "Outer": 11,
      "ObjectName": "GetFSDSaveGame"
    },
    {
      "ObjectIndex": 25,
      "Type": "Import",
      "ClassPackage": "/Script/CoreUObject",
      "ClassName": "Function",
      "Outer": 12,
      "ObjectName": "GetEquippedItem"
    },
    {
      "ObjectIndex": 26,
      "Type": "Import",
      "ClassPackage": "/Script/CoreUObject",
      "ClassName": "Function",
      "Outer": 16,
      "ObjectName": "GetUseText"
    },
    {
      "ObjectIndex": 27,
      "Type": "Import",
      "ClassPackage": "/Script/CoreUObject",
      "ClassName": "Package",
      "ObjectName": "/Script/CoreUObject"
    },
    {
      "ObjectIndex": 28,
      "Type": "Import",
      "ClassPackage": "/Script/CoreUObject",
      "ClassName": "Package",
      "ObjectName": "/Script/Engine"
    },
    {
      "ObjectIndex": 29,
      "Type": "Import",
      "ClassPackage": "/Script/CoreUObject",
      "ClassName": "Package",
      "ObjectName": "/Script/FSD"
    },
    {
      "ObjectIndex": 30,
      "Type": "Import",
      "ClassPackage": "/Script/CoreUObject",
      "ClassName": "ScriptStruct",
      "Outer": 28,
      "ObjectName": "FormatArgumentData"
    },
    {
      "ObjectIndex": 31,
      "Type": "Import",
      "ClassPackage": "/Script/CoreUObject",
      "ClassName": "ScriptStruct",
      "Outer": 28,
      "ObjectName": "PointerToUberGraphFrame"
    },
    {
      "ObjectIndex": 32,
      "Type": "Export",
      "ObjectMark": "$AssetObject$"
    },
    {
      "ObjectIndex": 33,
      "Type": "Export",
      "ObjectClass": 32,
      "Outer": -1,
      "ObjectName": "Default__BP_TipJarUsable_C",
      "ObjectFlags": 49,
      "Properties": {
        "UberGraphFrame": {},
        "TipAmount": -1,
        "$ReferencedObjects": []
      }
    }
  ]
}