{
  "AssetClass": "Skeleton",
  "AssetPackage": "/Game/Art/Environments/SpaceRig/TipMachine/SK_TipMachine_Skeleton",
  "AssetName": "SK_TipMachine_Skeleton",
  "AssetSerializedData": {
    "SkipDependecies": false,
    "ReferenceSkeleton": {
      "Bones": [
        {
          "Name": "TipMachine_Root",
          "ParentIndex": -1,
          "Index": 0,
          "Pose": "0.000000,0.000000,0.000000|-0.000000,0.000000,0.000000|1.000000,1.000000,1.000000"
        },
        {
          "Name": "TipMachine_Base",
          "ParentIndex": 0,
          "Index": 1,
          "Pose": "-0.000000,-0.000000,0.000000|0.000000,-0.000000,90.000008|1.000000,1.000000,1.000000"
        },
        {
          "Name": "TipMachine_FlapL",
          "ParentIndex": 1,
          "Index": 2,
          "Pose": "15.755002,-12.609325,-11.151036|-0.000024,-0.000000,0.000000|1.000000,1.000000,1.000000"
        },
        {
          "Name": "TipMachine_FlapL_Note",
          "ParentIndex": 2,
          "Index": 3,
          "Pose": "5.625664,-2.607630,-1.356083|0.000000,-20.049725,0.000000|1.000000,1.000000,1.000000"
        },
        {
          "Name": "TipMachine_FlapR",
          "ParentIndex": 1,
          "Index": 4,
          "Pose": "-15.731536,-12.609324,-11.150751|-0.000001,0.000000,0.000000|1.000000,1.000000,1.000000"
        },
        {
          "Name": "TipMachine_FlapR_Note",
          "ParentIndex": 4,
          "Index": 5,
          "Pose": "-7.681288,-3.312275,-0.981609|-0.000000,-11.383427,0.000000|1.000000,1.000000,1.000000"
        },
        {
          "Name": "TipMachine_ArmR1",
          "ParentIndex": 1,
          "Index": 6,
          "Pose": "-15.624073,-22.872303,-15.145716|-0.000005,0.000000,-0.000061|1.000000,1.000000,1.000000"
        },
        {
          "Name": "TipMachine_ArmR2",
          "ParentIndex": 6,
          "Index": 7,
          "Pose": "-18.420610,1.114262,-0.033328|-0.000000,0.000000,0.000000|1.000000,1.000000,1.000000"
        },
        {
          "Name": "TipMachine_ArmR_Note",
          "ParentIndex": 7,
          "Index": 8,
          "Pose": "-12.631836,0.315666,-0.048992|-0.000000,0.000000,0.000000|1.000000,1.000000,1.000000"
        },
        {
          "Name": "TipMachine_ArmL1",
          "ParentIndex": 1,
          "Index": 9,
          "Pose": "15.683002,-22.987394,-15.145712|0.000000,0.000007,0.000055|1.000000,1.000000,1.000000"
        },
        {
          "Name": "TipMachine_ArmL2",
          "ParentIndex": 9,
          "Index": 10,
          "Pose": "18.370037,1.285049,-0.033327|0.000000,0.000000,-0.000000|1.000000,1.000000,1.000000"
        },
        {
          "Name": "TipMachine_ArmL_Note",
          "ParentIndex": 10,
          "Index": 11,
          "Pose": "12.623474,0.288008,-0.048993|0.000000,0.000000,0.000000|1.000000,1.000000,1.000000"
        },
        {
          "Name": "TipMachine_Screen",
          "ParentIndex": 1,
          "Index": 12,
          "Pose": "0.000000,-24.955324,-15.184618|-0.000000,-0.000001,0.000003|1.000000,1.000000,1.000000"
        },
        {
          "Name": "TipMachine_StalkL1",
          "ParentIndex": 12,
          "Index": 13,
          "Pose": "6.278580,-27.248079,-0.000002|-0.000000,-0.000000,0.000000|1.000000,1.000000,1.000000"
        },
        {
          "Name": "TipMachine_StalkL2",
          "ParentIndex": 13,
          "Index": 14,
          "Pose": "0.000000,-9.483307,0.000008|0.000000,-0.000000,0.000000|1.000000,1.000000,1.000000"
        },
        {
          "Name": "TipMachine_StalkL3",
          "ParentIndex": 14,
          "Index": 15,
          "Pose": "0.000000,-10.067101,-0.000009|-0.000000,-0.000000,0.000000|1.000000,1.000000,1.000000"
        },
        {
          "Name": "TipMachine_StalkL_Eye",
          "ParentIndex": 15,
          "Index": 16,
          "Pose": "0.000000,-8.588799,-0.524796|-0.000000,-0.000000,0.000000|1.000000,1.000000,1.000000"
        },
        {
          "Name": "TipMachine_StalkR1",
          "ParentIndex": 12,
          "Index": 17,
          "Pose": "-6.373281,-27.248079,-0.000002|-0.000000,-0.000000,0.000000|1.000000,1.000000,1.000000"
        },
        {
          "Name": "TipMachine_StalkR2",
          "ParentIndex": 17,
          "Index": 18,
          "Pose": "0.000000,-9.483307,0.000008|0.000000,-0.000000,0.000000|1.000000,1.000000,1.000000"
        },
        {
          "Name": "TipMachine_StalkR3",
          "ParentIndex": 18,
          "Index": 19,
          "Pose": "0.000000,-10.067101,-0.000009|-0.000000,-0.000000,0.000000|1.000000,1.000000,1.000000"
        },
        {
          "Name": "TipMachine_StalkR_Eye",
          "ParentIndex": 19,
          "Index": 20,
          "Pose": "0.000000,-8.588799,-0.524796|-0.000000,-0.000000,0.000000|1.000000,1.000000,1.000000"
        },
        {
          "Name": "TipMachine_Lid",
          "ParentIndex": 1,
          "Index": 21,
          "Pose": "0.000006,-22.126083,-3.022684|0.000000,-0.000000,0.000000|1.000000,1.000000,1.000000"
        },
        {
          "Name": "TipMachine_LidNote",
          "ParentIndex": 21,
          "Index": 22,
          "Pose": "-3.030679,-1.600716,3.514824|6.669127,0.000000,0.000000|1.000000,1.000000,1.000000"
        }
      ]
    },
    "AnimRetargetSources": [],
    "BoneTree": [
      0,
      0,
      0,
      0,
      0,
      0,
      0,
      0,
      0,
      0,
      0,
      0,
      0,
      0,
      0,
      0,
      0,
      0,
      0,
      0,
      0,
      0,
      0
    ],
    "VirtualBones": [],
    "AssetObjectData": {
      "BlendProfiles": [],
      "$ReferencedObjects": []
    }
  },
  "ObjectHierarchy": [
    {
      "ObjectIndex": 0,
      "Type": "Import",
      "ClassPackage": "/Script/CoreUObject",
      "ClassName": "Class",
      "Outer": 1,
      "ObjectName": "Skeleton"
    },
    {
      "ObjectIndex": 1,
      "Type": "Import",
      "ClassPackage": "/Script/CoreUObject",
      "ClassName": "Package",
      "ObjectName": "/Script/Engine"
    },
    {
      "ObjectIndex": 2,
      "Type": "Import",
      "ClassPackage": "/Script/Engine",
      "ClassName": "Skeleton",
      "Outer": 1,
      "ObjectName": "Default__Skeleton"
    },
    {
      "ObjectIndex": 3,
      "Type": "Export",
      "ObjectMark": "$AssetObject$"
    }
  ]
}