{
  "AssetClass": "Blueprint",
  "AssetPackage": "/Game/AI/Decorators/DEC_UprightCheck",
  "AssetName": "DEC_UprightCheck",
  "AssetSerializedData": {
    "SkipDependecies": false,
    "SuperStruct": 3,
    "Children": [
      {
        "FieldKind": "Function",
        "ObjectClass": "Function",
        "ObjectName": "PerformConditionCheckAI",
        "SuperStruct": 10,
        "Children": [],
        "ChildProperties": [
          {
            "FieldKind": "Property",
            "ObjectClass": "ObjectProperty",
            "ObjectName": "OwnerController",
            "ArrayDim": 1,
            "PropertyFlags": "148",
            "RepNotifyFunc": "None",
            "BlueprintReplicationCondition": 0,
            "PropertyClass": 2
          },
          {
            "FieldKind": "Property",
            "ObjectClass": "ObjectProperty",
            "ObjectName": "ControlledPawn",
            "ArrayDim": 1,
            "PropertyFlags": "148",
            "RepNotifyFunc": "None",
            "BlueprintReplicationCondition": 0,
            "PropertyClass": 9
          },
          {
            "FieldKind": "Property",
            "ObjectClass": "BoolProperty",
            "ObjectName": "ReturnValue",
            "ArrayDim": 1,
            "PropertyFlags": "1408",
            "RepNotifyFunc": "None",
            "BlueprintReplicationCondition": 0,
            "BoolSize": 1,
            "NativeBool": true
          },
          {
            "FieldKind": "Property",
            "ObjectClass": "StructProperty",
            "ObjectName": "CallFunc_GetActorUpVector_ReturnValue",
            "ArrayDim": 1,
            "PropertyFlags": "0",
            "RepNotifyFunc": "None",
            "BlueprintReplicationCondition": 0,
            "Struct": 18
          },
          {
            "FieldKind": "Property",
            "ObjectClass": "FloatProperty",
            "ObjectName": "CallFunc_BreakVector_X",
            "ArrayDim": 1,
            "PropertyFlags": "0",
            "RepNotifyFunc": "None",
            "BlueprintReplicationCondition": 0
          },
          {
            "FieldKind": "Property",
            "ObjectClass": "FloatProperty",
            "ObjectName": "CallFunc_BreakVector_Y",
            "ArrayDim": 1,
            "PropertyFlags": "0",
            "RepNotifyFunc": "None",
            "BlueprintReplicationCondition": 0
          },
          {
            "FieldKind": "Property",
            "ObjectClass": "FloatProperty",
            "ObjectName": "CallFunc_BreakVector_Z",
            "ArrayDim": 1,
            "PropertyFlags": "0",
            "RepNotifyFunc": "None",
            "BlueprintReplicationCondition": 0
          },
          {
            "FieldKind": "Property",
            "ObjectClass": "BoolProperty",
            "ObjectName": "CallFunc_GreaterEqual_FloatFloat_ReturnValue",
            "ArrayDim": 1,
            "PropertyFlags": "0",
            "RepNotifyFunc": "None",
            "BlueprintReplicationCondition": 0,
            "BoolSize": 1,
            "NativeBool": true
          }
        ],
        "Script": [
          {
            "Inst": "Let",
            "Variable": {
              "Inst": "LocalVariable",
              "VariableType": {
                "PinCategory": "Struct",
                "PinSubCategory": "Struct",
                "PinSubCategoryObject": "/Script/CoreUObject.Vector"
              },
              "VariableName": "CallFunc_GetActorUpVector_ReturnValue"
            },
            "Expression": {
              "Inst": "Context",
              "Context": {
                "Inst": "LocalVariable",
                "VariableType": {
                  "PinCategory": "Object",
                  "PinSubCategory": "Object",
                  "PinSubCategoryObject": "/Script/Engine.Pawn"
                },
                "VariableName": "ControlledPawn"
              },
              "SkipOffsetForNull": 10,
              "RValuePropertyType": {
                "PinCategory": "Struct",
                "PinSubCategory": "Struct",
                "PinSubCategoryObject": "/Script/CoreUObject.Vector"
              },
              "RValuePropertyName": "CallFunc_GetActorUpVector_ReturnValue",
              "Expression": {
                "Inst": "FinalFunction",
                "Function": "GetActorUpVector",
                "Parameters": []
              }
            },
            "StatementIndex": 0
          },
          {
            "Inst": "CallMath",
            "Function": "BreakVector",
            "ContextClass": "/Script/Engine.KismetMathLibrary",
            "Parameters": [
              {
                "Inst": "LocalVariable",
                "VariableType": {
                  "PinCategory": "Struct",
                  "PinSubCategory": "Struct",
                  "PinSubCategoryObject": "/Script/CoreUObject.Vector"
                },
                "VariableName": "CallFunc_GetActorUpVector_ReturnValue"
              },
              {
                "Inst": "LocalVariable",
                "VariableType": {
                  "PinCategory": "Float",
                  "PinSubCategory": "Float"
                },
                "VariableName": "CallFunc_BreakVector_X"
              },
              {
                "Inst": "LocalVariable",
                "VariableType": {
                  "PinCategory": "Float",
                  "PinSubCategory": "Float"
                },
                "VariableName": "CallFunc_BreakVector_Y"
              },
              {
                "Inst": "LocalVariable",
                "VariableType": {
                  "PinCategory": "Float",
                  "PinSubCategory": "Float"
                },
                "VariableName": "CallFunc_BreakVector_Z"
              }
            ],
            "StatementIndex": 50
          },
          {
            "Inst": "LetBool",
            "Variable": {
              "Inst": "LocalVariable",
              "VariableType": {
                "PinCategory": "bool",
                "PinSubCategory": "bool"
              },
              "VariableName": "CallFunc_GreaterEqual_FloatFloat_ReturnValue"
            },
            "Expression": {
              "Inst": "CallMath",
              "Function": "GreaterEqual_FloatFloat",
              "ContextClass": "/Script/Engine.KismetMathLibrary",
              "Parameters": [
                {
                  "Inst": "LocalVariable",
                  "VariableType": {
                    "PinCategory": "Float",
                    "PinSubCategory": "Float"
                  },
                  "VariableName": "CallFunc_BreakVector_Z"
                },
                {
                  "Inst": "InstanceVariable",
                  "VariableType": {
                    "PinCategory": "Float",
                    "PinSubCategory": "Float"
                  },
                  "VariableName": "ZComponent"
                }
              ]
            },
            "StatementIndex": 96
          },
          {
            "Inst": "LetBool",
            "Variable": {
              "Inst": "LocalOutVariable",
              "VariableType": {
                "PinCategory": "bool",
                "PinSubCategory": "bool"
              },
              "VariableName": "ReturnValue"
            },
            "Expression": {
              "Inst": "LocalVariable",
              "VariableType": {
                "PinCategory": "bool",
                "PinSubCategory": "bool"
              },
              "VariableName": "CallFunc_GreaterEqual_FloatFloat_ReturnValue"
            },
            "StatementIndex": 134
          },
          {
            "Inst": "Return",
            "Expression": {
              "Inst": "LocalOutVariable",
              "VariableType": {
                "PinCategory": "bool",
                "PinSubCategory": "bool"
              },
              "VariableName": "ReturnValue"
            },
            "StatementIndex": 153
          },
          {
            "Inst": "EndOfScript",
            "StatementIndex": 163
          }
        ],
        "FunctionFlags": "206047232"
      }
    ],
    "ChildProperties": [
      {
        "FieldKind": "Property",
        "ObjectClass": "FloatProperty",
        "ObjectName": "ZComponent",
        "ArrayDim": 1,
        "PropertyFlags": "5",
        "RepNotifyFunc": "None",
        "BlueprintReplicationCondition": 0
      }
    ],
    "ClassFlags": "264208",
    "ClassWithin": 5,
    "ClassConfigName": "Game",
    "Interfaces": [],
    "ClassDefaultObject": 20,
    "AssetObjectData": {
      "SimpleConstructionScript": -1,
      "$ReferencedObjects": []
    },
    "GeneratedVariableNames": []
  },
  "ObjectHierarchy": [
    {
      "ObjectIndex": 0,
      "Type": "Import",
      "ClassPackage": "/Script/Engine",
      "ClassName": "BlueprintGeneratedClass",
      "Outer": 17,
      "ObjectName": "Default__BlueprintGeneratedClass"
    },
    {
      "ObjectIndex": 1,
      "Type": "Import",
      "ClassPackage": "/Script/AIModule",
      "ClassName": "BTDecorator_BlueprintBase",
      "Outer": 15,
      "ObjectName": "Default__BTDecorator_BlueprintBase"
    },
    {
      "ObjectIndex": 2,
      "Type": "Import",
      "ClassPackage": "/Script/CoreUObject",
      "ClassName": "Class",
      "Outer": 15,
      "ObjectName": "AIController"
    },
    {
      "ObjectIndex": 3,
      "Type": "Import",
      "ClassPackage": "/Script/CoreUObject",
      "ClassName": "Class",
      "Outer": 15,
      "ObjectName": "BTDecorator_BlueprintBase"
    },
    {
      "ObjectIndex": 4,
      "Type": "Import",
      "ClassPackage": "/Script/CoreUObject",
      "ClassName": "Class",
      "Outer": 16,
      "ObjectName": "Function"
    },
    {
      "ObjectIndex": 5,
      "Type": "Import",
      "ClassPackage": "/Script/CoreUObject",
      "ClassName": "Class",
      "Outer": 16,
      "ObjectName": "Object"
    },
    {
      "ObjectIndex": 6,
      "Type": "Import",
      "ClassPackage": "/Script/CoreUObject",
      "ClassName": "Class",
      "Outer": 17,
      "ObjectName": "Actor"
    },
    {
      "ObjectIndex": 7,
      "Type": "Import",
      "ClassPackage": "/Script/CoreUObject",
      "ClassName": "Class",
      "Outer": 17,
      "ObjectName": "BlueprintGeneratedClass"
    },
    {
      "ObjectIndex": 8,
      "Type": "Import",
      "ClassPackage": "/Script/CoreUObject",
      "ClassName": "Class",
      "Outer": 17,
      "ObjectName": "KismetMathLibrary"
    },
    {
      "ObjectIndex": 9,
      "Type": "Import",
      "ClassPackage": "/Script/CoreUObject",
      "ClassName": "Class",
      "Outer": 17,
      "ObjectName": "Pawn"
    },
    {
      "ObjectIndex": 10,
      "Type": "Import",
      "ClassPackage": "/Script/CoreUObject",
      "ClassName": "Function",
      "Outer": 3,
      "ObjectName": "PerformConditionCheckAI"
    },
    {
      "ObjectIndex": 11,
      "Type": "Import",
      "ClassPackage": "/Script/CoreUObject",
      "ClassName": "Function",
      "Outer": 16,
      "ObjectName": "Default__Function"
    },
    {
      "ObjectIndex": 12,
      "Type": "Import",
      "ClassPackage": "/Script/CoreUObject",
      "ClassName": "Function",
      "Outer": 6,
      "ObjectName": "GetActorUpVector"
    },
    {
      "ObjectIndex": 13,
      "Type": "Import",
      "ClassPackage": "/Script/CoreUObject",
      "ClassName": "Function",
      "Outer": 8,
      "ObjectName": "BreakVector"
    },
    {
      "ObjectIndex": 14,
      "Type": "Import",
      "ClassPackage": "/Script/CoreUObject",
      "ClassName": "Function",
      "Outer": 8,
      "ObjectName": "GreaterEqual_FloatFloat"
    },
    {
      "ObjectIndex": 15,
      "Type": "Import",
      "ClassPackage": "/Script/CoreUObject",
      "ClassName": "Package",
      "ObjectName": "/Script/AIModule"
    },
    {
      "ObjectIndex": 16,
      "Type": "Import",
      "ClassPackage": "/Script/CoreUObject",
      "ClassName": "Package",
      "ObjectName": "/Script/CoreUObject"
    },
    {
      "ObjectIndex": 17,
      "Type": "Import",
      "ClassPackage": "/Script/CoreUObject",
      "ClassName": "Package",
      "ObjectName": "/Script/Engine"
    },
    {
      "ObjectIndex": 18,
      "Type": "Import",
      "ClassPackage": "/Script/CoreUObject",
      "ClassName": "ScriptStruct",
      "Outer": 16,
      "ObjectName": "Vector"
    },
    {
      "ObjectIndex": 19,
      "Type": "Export",
      "ObjectMark": "$AssetObject$"
    },
    {
      "ObjectIndex": 20,
      "Type": "Export",
      "ObjectClass": 19,
      "Outer": -1,
      "ObjectName": "Default__DEC_UprightCheck_C",
      "ObjectFlags": 49,
      "Properties": {
        "$ReferencedObjects": []
      }
    }
  ]
}