{
  "AssetClass": "Blueprint",
  "AssetPackage": "/Game/AI/Decorators/DEC_CanSeeTarget",
  "AssetName": "DEC_CanSeeTarget",
  "AssetSerializedData": {
    "SkipDependecies": false,
    "SuperStruct": 3,
    "Children": [
      {
        "FieldKind": "Function",
        "ObjectClass": "Function",
        "ObjectName": "PerformConditionCheckAI",
        "SuperStruct": 18,
        "Children": [],
        "ChildProperties": [
          {
            "FieldKind": "Property",
            "ObjectClass": "ObjectProperty",
            "ObjectName": "OwnerController",
            "ArrayDim": 1,
            "PropertyFlags": "148",
            "RepNotifyFunc": "None",
            "BlueprintReplicationCondition": 0,
            "PropertyClass": 2
          },
          {
            "FieldKind": "Property",
            "ObjectClass": "ObjectProperty",
            "ObjectName": "ControlledPawn",
            "ArrayDim": 1,
            "PropertyFlags": "148",
            "RepNotifyFunc": "None",
            "BlueprintReplicationCondition": 0,
            "PropertyClass": 12
          },
          {
            "FieldKind": "Property",
            "ObjectClass": "BoolProperty",
            "ObjectName": "ReturnValue",
            "ArrayDim": 1,
            "PropertyFlags": "1408",
            "RepNotifyFunc": "None",
            "BlueprintReplicationCondition": 0,
            "BoolSize": 1,
            "NativeBool": true
          },
          {
            "FieldKind": "Property",
            "ObjectClass": "StructProperty",
            "ObjectName": "EyeLocation",
            "ArrayDim": 1,
            "PropertyFlags": "5",
            "RepNotifyFunc": "None",
            "BlueprintReplicationCondition": 0,
            "Struct": 42
          },
          {
            "FieldKind": "Property",
            "ObjectClass": "InterfaceProperty",
            "ObjectName": "K2Node_DynamicCast_AsTargetable",
            "ArrayDim": 1,
            "PropertyFlags": "0",
            "RepNotifyFunc": "None",
            "BlueprintReplicationCondition": 0,
            "InterfaceClass": 16
          },
          {
            "FieldKind": "Property",
            "ObjectClass": "BoolProperty",
            "ObjectName": "K2Node_DynamicCast_bSuccess",
            "ArrayDim": 1,
            "PropertyFlags": "0",
            "RepNotifyFunc": "None",
            "BlueprintReplicationCondition": 0,
            "BoolSize": 1,
            "NativeBool": true
          },
          {
            "FieldKind": "Property",
            "ObjectClass": "BoolProperty",
            "ObjectName": "CallFunc_DoesImplementInterface_ReturnValue",
            "ArrayDim": 1,
            "PropertyFlags": "0",
            "RepNotifyFunc": "None",
            "BlueprintReplicationCondition": 0,
            "BoolSize": 1,
            "NativeBool": true
          },
          {
            "FieldKind": "Property",
            "ObjectClass": "StructProperty",
            "ObjectName": "CallFunc_GetTargetCenterMass_ReturnValue",
            "ArrayDim": 1,
            "PropertyFlags": "0",
            "RepNotifyFunc": "None",
            "BlueprintReplicationCondition": 0,
            "Struct": 42
          },
          {
            "FieldKind": "Property",
            "ObjectClass": "ArrayProperty",
            "ObjectName": "K2Node_MakeArray_Array",
            "ArrayDim": 1,
            "PropertyFlags": "134217730",
            "RepNotifyFunc": "None",
            "BlueprintReplicationCondition": 0,
            "Inner": {
              "ObjectClass": "ObjectProperty",
              "ObjectName": "K2Node_MakeArray_Array",
              "ArrayDim": 1,
              "PropertyFlags": "0",
              "RepNotifyFunc": "None",
              "BlueprintReplicationCondition": 0,
              "PropertyClass": 7
            }
          },
          {
            "FieldKind": "Property",
            "ObjectClass": "StructProperty",
            "ObjectName": "CallFunc_K2_GetActorLocation_ReturnValue",
            "ArrayDim": 1,
            "PropertyFlags": "0",
            "RepNotifyFunc": "None",
            "BlueprintReplicationCondition": 0,
            "Struct": 42
          },
          {
            "FieldKind": "Property",
            "ObjectClass": "ObjectProperty",
            "ObjectName": "CallFunc_GetCSGWorld_ReturnValue",
            "ArrayDim": 1,
            "PropertyFlags": "0",
            "RepNotifyFunc": "None",
            "BlueprintReplicationCondition": 0,
            "PropertyClass": 14
          },
          {
            "FieldKind": "Property",
            "ObjectClass": "BoolProperty",
            "ObjectName": "CallFunc_IsPointInsideTerrain_ReturnValue",
            "ArrayDim": 1,
            "PropertyFlags": "0",
            "RepNotifyFunc": "None",
            "BlueprintReplicationCondition": 0,
            "BoolSize": 1,
            "NativeBool": true
          },
          {
            "FieldKind": "Property",
            "ObjectClass": "StructProperty",
            "ObjectName": "CallFunc_Add_VectorVector_ReturnValue",
            "ArrayDim": 1,
            "PropertyFlags": "0",
            "RepNotifyFunc": "None",
            "BlueprintReplicationCondition": 0,
            "Struct": 42
          },
          {
            "FieldKind": "Property",
            "ObjectClass": "BoolProperty",
            "ObjectName": "CallFunc_Not_PreBool_ReturnValue",
            "ArrayDim": 1,
            "PropertyFlags": "0",
            "RepNotifyFunc": "None",
            "BlueprintReplicationCondition": 0,
            "BoolSize": 1,
            "NativeBool": true
          },
          {
            "FieldKind": "Property",
            "ObjectClass": "StructProperty",
            "ObjectName": "Temp_struct_Variable",
            "ArrayDim": 1,
            "PropertyFlags": "0",
            "RepNotifyFunc": "None",
            "BlueprintReplicationCondition": 0,
            "Struct": 42
          },
          {
            "FieldKind": "Property",
            "ObjectClass": "StructProperty",
            "ObjectName": "CallFunc_Add_VectorVector_ReturnValue_1",
            "ArrayDim": 1,
            "PropertyFlags": "0",
            "RepNotifyFunc": "None",
            "BlueprintReplicationCondition": 0,
            "Struct": 42
          },
          {
            "FieldKind": "Property",
            "ObjectClass": "ObjectProperty",
            "ObjectName": "CallFunc_GetBlackboardValueAsActor_ReturnValue",
            "ArrayDim": 1,
            "PropertyFlags": "0",
            "RepNotifyFunc": "None",
            "BlueprintReplicationCondition": 0,
            "PropertyClass": 7
          },
          {
            "FieldKind": "Property",
            "ObjectClass": "ObjectProperty",
            "ObjectName": "CallFunc_GetBlackboardValueAsActor_ReturnValue_1",
            "ArrayDim": 1,
            "PropertyFlags": "0",
            "RepNotifyFunc": "None",
            "BlueprintReplicationCondition": 0,
            "PropertyClass": 7
          },
          {
            "FieldKind": "Property",
            "ObjectClass": "StructProperty",
            "ObjectName": "CallFunc_K2_GetActorLocation_ReturnValue_1",
            "ArrayDim": 1,
            "PropertyFlags": "0",
            "RepNotifyFunc": "None",
            "BlueprintReplicationCondition": 0,
            "Struct": 42
          },
          {
            "FieldKind": "Property",
            "ObjectClass": "BoolProperty",
            "ObjectName": "CallFunc_IsValid_ReturnValue",
            "ArrayDim": 1,
            "PropertyFlags": "0",
            "RepNotifyFunc": "None",
            "BlueprintReplicationCondition": 0,
            "BoolSize": 1,
            "NativeBool": true
          },
          {
            "FieldKind": "Property",
            "ObjectClass": "StructProperty",
            "ObjectName": "CallFunc_Subtract_VectorVector_ReturnValue",
            "ArrayDim": 1,
            "PropertyFlags": "0",
            "RepNotifyFunc": "None",
            "BlueprintReplicationCondition": 0,
            "Struct": 42
          },
          {
            "FieldKind": "Property",
            "ObjectClass": "FloatProperty",
            "ObjectName": "CallFunc_VSize_ReturnValue",
            "ArrayDim": 1,
            "PropertyFlags": "0",
            "RepNotifyFunc": "None",
            "BlueprintReplicationCondition": 0
          },
          {
            "FieldKind": "Property",
            "ObjectClass": "StructProperty",
            "ObjectName": "CallFunc_LineTraceSingle_OutHit",
            "ArrayDim": 1,
            "PropertyFlags": "549755813888",
            "RepNotifyFunc": "None",
            "BlueprintReplicationCondition": 0,
            "Struct": 43
          },
          {
            "FieldKind": "Property",
            "ObjectClass": "BoolProperty",
            "ObjectName": "CallFunc_LineTraceSingle_ReturnValue",
            "ArrayDim": 1,
            "PropertyFlags": "0",
            "RepNotifyFunc": "None",
            "BlueprintReplicationCondition": 0,
            "BoolSize": 1,
            "NativeBool": true
          },
          {
            "FieldKind": "Property",
            "ObjectClass": "BoolProperty",
            "ObjectName": "CallFunc_Less_FloatFloat_ReturnValue",
            "ArrayDim": 1,
            "PropertyFlags": "0",
            "RepNotifyFunc": "None",
            "BlueprintReplicationCondition": 0,
            "BoolSize": 1,
            "NativeBool": true
          },
          {
            "FieldKind": "Property",
            "ObjectClass": "BoolProperty",
            "ObjectName": "CallFunc_BooleanAND_ReturnValue",
            "ArrayDim": 1,
            "PropertyFlags": "0",
            "RepNotifyFunc": "None",
            "BlueprintReplicationCondition": 0,
            "BoolSize": 1,
            "NativeBool": true
          },
          {
            "FieldKind": "Property",
            "ObjectClass": "BoolProperty",
            "ObjectName": "CallFunc_BreakHitResult_bBlockingHit",
            "ArrayDim": 1,
            "PropertyFlags": "0",
            "RepNotifyFunc": "None",
            "BlueprintReplicationCondition": 0,
            "BoolSize": 1,
            "NativeBool": true
          },
          {
            "FieldKind": "Property",
            "ObjectClass": "BoolProperty",
            "ObjectName": "CallFunc_BreakHitResult_bInitialOverlap",
            "ArrayDim": 1,
            "PropertyFlags": "0",
            "RepNotifyFunc": "None",
            "BlueprintReplicationCondition": 0,
            "BoolSize": 1,
            "NativeBool": true
          },
          {
            "FieldKind": "Property",
            "ObjectClass": "FloatProperty",
            "ObjectName": "CallFunc_BreakHitResult_Time",
            "ArrayDim": 1,
            "PropertyFlags": "0",
            "RepNotifyFunc": "None",
            "BlueprintReplicationCondition": 0
          },
          {
            "FieldKind": "Property",
            "ObjectClass": "FloatProperty",
            "ObjectName": "CallFunc_BreakHitResult_Distance",
            "ArrayDim": 1,
            "PropertyFlags": "0",
            "RepNotifyFunc": "None",
            "BlueprintReplicationCondition": 0
          },
          {
            "FieldKind": "Property",
            "ObjectClass": "StructProperty",
            "ObjectName": "CallFunc_BreakHitResult_Location",
            "ArrayDim": 1,
            "PropertyFlags": "0",
            "RepNotifyFunc": "None",
            "BlueprintReplicationCondition": 0,
            "Struct": 42
          },
          {
            "FieldKind": "Property",
            "ObjectClass": "StructProperty",
            "ObjectName": "CallFunc_BreakHitResult_ImpactPoint",
            "ArrayDim": 1,
            "PropertyFlags": "0",
            "RepNotifyFunc": "None",
            "BlueprintReplicationCondition": 0,
            "Struct": 42
          },
          {
            "FieldKind": "Property",
            "ObjectClass": "StructProperty",
            "ObjectName": "CallFunc_BreakHitResult_Normal",
            "ArrayDim": 1,
            "PropertyFlags": "0",
            "RepNotifyFunc": "None",
            "BlueprintReplicationCondition": 0,
            "Struct": 42
          },
          {
            "FieldKind": "Property",
            "ObjectClass": "StructProperty",
            "ObjectName": "CallFunc_BreakHitResult_ImpactNormal",
            "ArrayDim": 1,
            "PropertyFlags": "0",
            "RepNotifyFunc": "None",
            "BlueprintReplicationCondition": 0,
            "Struct": 42
          },
          {
            "FieldKind": "Property",
            "ObjectClass": "ObjectProperty",
            "ObjectName": "CallFunc_BreakHitResult_PhysMat",
            "ArrayDim": 1,
            "PropertyFlags": "0",
            "RepNotifyFunc": "None",
            "BlueprintReplicationCondition": 0,
            "PropertyClass": 17
          },
          {
            "FieldKind": "Property",
            "ObjectClass": "ObjectProperty",
            "ObjectName": "CallFunc_BreakHitResult_HitActor",
            "ArrayDim": 1,
            "PropertyFlags": "0",
            "RepNotifyFunc": "None",
            "BlueprintReplicationCondition": 0,
            "PropertyClass": 7
          },
          {
            "FieldKind": "Property",
            "ObjectClass": "ObjectProperty",
            "ObjectName": "CallFunc_BreakHitResult_HitComponent",
            "ArrayDim": 1,
            "PropertyFlags": "524288",
            "RepNotifyFunc": "None",
            "BlueprintReplicationCondition": 0,
            "PropertyClass": 13
          },
          {
            "FieldKind": "Property",
            "ObjectClass": "NameProperty",
            "ObjectName": "CallFunc_BreakHitResult_HitBoneName",
            "ArrayDim": 1,
            "PropertyFlags": "0",
            "RepNotifyFunc": "None",
            "BlueprintReplicationCondition": 0
          },
          {
            "FieldKind": "Property",
            "ObjectClass": "IntProperty",
            "ObjectName": "CallFunc_BreakHitResult_HitItem",
            "ArrayDim": 1,
            "PropertyFlags": "0",
            "RepNotifyFunc": "None",
            "BlueprintReplicationCondition": 0
          },
          {
            "FieldKind": "Property",
            "ObjectClass": "IntProperty",
            "ObjectName": "CallFunc_BreakHitResult_ElementIndex",
            "ArrayDim": 1,
            "PropertyFlags": "0",
            "RepNotifyFunc": "None",
            "BlueprintReplicationCondition": 0
          },
          {
            "FieldKind": "Property",
            "ObjectClass": "IntProperty",
            "ObjectName": "CallFunc_BreakHitResult_FaceIndex",
            "ArrayDim": 1,
            "PropertyFlags": "0",
            "RepNotifyFunc": "None",
            "BlueprintReplicationCondition": 0
          },
          {
            "FieldKind": "Property",
            "ObjectClass": "StructProperty",
            "ObjectName": "CallFunc_BreakHitResult_TraceStart",
            "ArrayDim": 1,
            "PropertyFlags": "0",
            "RepNotifyFunc": "None",
            "BlueprintReplicationCondition": 0,
            "Struct": 42
          },
          {
            "FieldKind": "Property",
            "ObjectClass": "StructProperty",
            "ObjectName": "CallFunc_BreakHitResult_TraceEnd",
            "ArrayDim": 1,
            "PropertyFlags": "0",
            "RepNotifyFunc": "None",
            "BlueprintReplicationCondition": 0,
            "Struct": 42
          },
          {
            "FieldKind": "Property",
            "ObjectClass": "BoolProperty",
            "ObjectName": "CallFunc_EqualEqual_ObjectObject_ReturnValue",
            "ArrayDim": 1,
            "PropertyFlags": "0",
            "RepNotifyFunc": "None",
            "BlueprintReplicationCondition": 0,
            "BoolSize": 1,
            "NativeBool": true
          }
        ],
        "Script": [
          {
            "Inst": "Let",
            "Variable": {
              "Inst": "LocalVariable",
              "VariableType": {
                "PinCategory": "Struct",
                "PinSubCategory": "Struct",
                "PinSubCategoryObject": "/Script/CoreUObject.Vector"
              },
              "VariableName": "EyeLocation"
            },
            "Expression": {
              "Inst": "VectorConst",
              "X": 0.0,
              "Y": 0.0,
              "Z": 0.0
            },
            "StatementIndex": 0
          },
          {
            "Inst": "LetObj",
            "Variable": {
              "Inst": "LocalVariable",
              "VariableType": {
                "PinCategory": "Object",
                "PinSubCategory": "Object",
                "PinSubCategoryObject": "/Script/Engine.Actor"
              },
              "VariableName": "CallFunc_GetBlackboardValueAsActor_ReturnValue_1"
            },
            "Expression": {
              "Inst": "CallMath",
              "Function": "GetBlackboardValueAsActor",
              "ContextClass": "/Script/AIModule.BTFunctionLibrary",
              "Parameters": [
                {
                  "Inst": "Self"
                },
                {
                  "Inst": "InstanceVariable",
                  "VariableType": {
                    "PinCategory": "Struct",
                    "PinSubCategory": "Struct",
                    "PinSubCategoryObject": "/Script/AIModule.BlackboardKeySelector"
                  },
                  "VariableName": "TargetKey"
                }
              ]
            },
            "StatementIndex": 31
          },
          {
            "Inst": "LetBool",
            "Variable": {
              "Inst": "LocalVariable",
              "VariableType": {
                "PinCategory": "bool",
                "PinSubCategory": "bool"
              },
              "VariableName": "CallFunc_IsValid_ReturnValue"
            },
            "Expression": {
              "Inst": "CallMath",
              "Function": "IsValid",
              "ContextClass": "/Script/Engine.KismetSystemLibrary",
              "Parameters": [
                {
                  "Inst": "LocalVariable",
                  "VariableType": {
                    "PinCategory": "Object",
                    "PinSubCategory": "Object",
                    "PinSubCategoryObject": "/Script/Engine.Actor"
                  },
                  "VariableName": "CallFunc_GetBlackboardValueAsActor_ReturnValue_1"
                }
              ]
            },
            "StatementIndex": 61
          },
          {
            "Inst": "JumpIfNot",
            "Offset": 1264,
            "Condition": {
              "Inst": "LocalVariable",
              "VariableType": {
                "PinCategory": "bool",
                "PinSubCategory": "bool"
              },
              "VariableName": "CallFunc_IsValid_ReturnValue"
            },
            "StatementIndex": 90
          },
          {
            "Inst": "LetBool",
            "Variable": {
              "Inst": "LocalVariable",
              "VariableType": {
                "PinCategory": "bool",
                "PinSubCategory": "bool"
              },
              "VariableName": "CallFunc_DoesImplementInterface_ReturnValue"
            },
            "Expression": {
              "Inst": "CallMath",
              "Function": "DoesImplementInterface",
              "ContextClass": "/Script/Engine.KismetSystemLibrary",
              "Parameters": [
                {
                  "Inst": "LocalVariable",
                  "VariableType": {
                    "PinCategory": "Object",
                    "PinSubCategory": "Object",
                    "PinSubCategoryObject": "/Script/Engine.Pawn"
                  },
                  "VariableName": "ControlledPawn"
                },
                {
                  "Inst": "ObjectConst",
                  "Object": "/Script/FSD.Targetable"
                }
              ]
            },
            "StatementIndex": 104
          },
          {
            "Inst": "JumpIfNot",
            "Offset": 1280,
            "Condition": {
              "Inst": "LocalVariable",
              "VariableType": {
                "PinCategory": "bool",
                "PinSubCategory": "bool"
              },
              "VariableName": "CallFunc_DoesImplementInterface_ReturnValue"
            },
            "StatementIndex": 142
          },
          {
            "Inst": "Let",
            "Variable": {
              "Inst": "LocalVariable",
              "VariableType": {
                "PinCategory": "Interface",
                "PinSubCategory": "Interface",
                "PinSubCategoryObject": "/Script/FSD.Targetable"
              },
              "VariableName": "K2Node_DynamicCast_AsTargetable"
            },
            "Expression": {
              "Inst": "ObjToInterfaceCast",
              "InterfaceClass": "/Script/FSD.Targetable",
              "Expression": {
                "Inst": "LocalVariable",
                "VariableType": {
                  "PinCategory": "Object",
                  "PinSubCategory": "Object",
                  "PinSubCategoryObject": "/Script/Engine.Pawn"
                },
                "VariableName": "ControlledPawn"
              }
            },
            "StatementIndex": 156
          },
          {
            "Inst": "Let",
            "Variable": {
              "Inst": "LocalVariable",
              "VariableType": {
                "PinCategory": "bool",
                "PinSubCategory": "bool"
              },
              "VariableName": "K2Node_DynamicCast_bSuccess"
            },
            "Expression": {
              "Inst": "PrimitiveCast",
              "CastType": "InterfaceToBool",
              "Expression": {
                "Inst": "LocalVariable",
                "VariableType": {
                  "PinCategory": "Interface",
                  "PinSubCategory": "Interface",
                  "PinSubCategoryObject": "/Script/FSD.Targetable"
                },
                "VariableName": "K2Node_DynamicCast_AsTargetable"
              }
            },
            "StatementIndex": 192
          },
          {
            "Inst": "JumpIfNot",
            "Offset": 1408,
            "Condition": {
              "Inst": "LocalVariable",
              "VariableType": {
                "PinCategory": "bool",
                "PinSubCategory": "bool"
              },
              "VariableName": "K2Node_DynamicCast_bSuccess"
            },
            "StatementIndex": 221
          },
          {
            "Inst": "Let",
            "Variable": {
              "Inst": "LocalVariable",
              "VariableType": {
                "PinCategory": "Struct",
                "PinSubCategory": "Struct",
                "PinSubCategoryObject": "/Script/CoreUObject.Vector"
              },
              "VariableName": "CallFunc_GetTargetCenterMass_ReturnValue"
            },
            "Expression": {
              "Inst": "Context",
              "Context": {
                "Inst": "InterfaceContext",
                "Expression": {
                  "Inst": "LocalVariable",
                  "VariableType": {
                    "PinCategory": "Interface",
                    "PinSubCategory": "Interface",
                    "PinSubCategoryObject": "/Script/FSD.Targetable"
                  },
                  "VariableName": "K2Node_DynamicCast_AsTargetable"
                }
              },
              "SkipOffsetForNull": 14,
              "RValuePropertyType": {
                "PinCategory": "Struct",
                "PinSubCategory": "Struct",
                "PinSubCategoryObject": "/Script/CoreUObject.Vector"
              },
              "RValuePropertyName": "CallFunc_GetTargetCenterMass_ReturnValue",
              "Expression": {
                "Inst": "VirtualFunction",
                "Function": "GetTargetCenterMass",
                "Parameters": []
              }
            },
            "StatementIndex": 235
          },
          {
            "Inst": "Let",
            "Variable": {
              "Inst": "LocalVariable",
              "VariableType": {
                "PinCategory": "Struct",
                "PinSubCategory": "Struct",
                "PinSubCategoryObject": "/Script/CoreUObject.Vector"
              },
              "VariableName": "Temp_struct_Variable"
            },
            "Expression": {
              "Inst": "LocalVariable",
              "VariableType": {
                "PinCategory": "Struct",
                "PinSubCategory": "Struct",
                "PinSubCategoryObject": "/Script/CoreUObject.Vector"
              },
              "VariableName": "CallFunc_GetTargetCenterMass_ReturnValue"
            },
            "StatementIndex": 290
          },
          {
            "Inst": "Let",
            "Variable": {
              "Inst": "LocalVariable",
              "VariableType": {
                "PinCategory": "Struct",
                "PinSubCategory": "Struct",
                "PinSubCategoryObject": "/Script/CoreUObject.Vector"
              },
              "VariableName": "CallFunc_Add_VectorVector_ReturnValue_1"
            },
            "Expression": {
              "Inst": "CallMath",
              "Function": "Add_VectorVector",
              "ContextClass": "/Script/Engine.KismetMathLibrary",
              "Parameters": [
                {
                  "Inst": "LocalVariable",
                  "VariableType": {
                    "PinCategory": "Struct",
                    "PinSubCategory": "Struct",
                    "PinSubCategoryObject": "/Script/CoreUObject.Vector"
                  },
                  "VariableName": "Temp_struct_Variable"
                },
                {
                  "Inst": "InstanceVariable",
                  "VariableType": {
                    "PinCategory": "Struct",
                    "PinSubCategory": "Struct",
                    "PinSubCategoryObject": "/Script/CoreUObject.Vector"
                  },
                  "VariableName": "EyeLocationOffset"
                }
              ]
            },
            "StatementIndex": 317
          },
          {
            "Inst": "Let",
            "Variable": {
              "Inst": "LocalVariable",
              "VariableType": {
                "PinCategory": "Struct",
                "PinSubCategory": "Struct",
                "PinSubCategoryObject": "/Script/CoreUObject.Vector"
              },
              "VariableName": "EyeLocation"
            },
            "Expression": {
              "Inst": "LocalVariable",
              "VariableType": {
                "PinCategory": "Struct",
                "PinSubCategory": "Struct",
                "PinSubCategoryObject": "/Script/CoreUObject.Vector"
              },
              "VariableName": "CallFunc_Add_VectorVector_ReturnValue_1"
            },
            "StatementIndex": 363
          },
          {
            "Inst": "LetObj",
            "Variable": {
              "Inst": "LocalVariable",
              "VariableType": {
                "PinCategory": "Object",
                "PinSubCategory": "Object",
                "PinSubCategoryObject": "/Script/FSD.DeepCSGWorld"
              },
              "VariableName": "CallFunc_GetCSGWorld_ReturnValue"
            },
            "Expression": {
              "Inst": "CallMath",
              "Function": "GetCSGWorld",
              "ContextClass": "/Script/FSD.GameFunctionLibrary",
              "Parameters": [
                {
                  "Inst": "Self"
                }
              ]
            },
            "StatementIndex": 390
          },
          {
            "Inst": "LetBool",
            "Variable": {
              "Inst": "LocalVariable",
              "VariableType": {
                "PinCategory": "bool",
                "PinSubCategory": "bool"
              },
              "VariableName": "CallFunc_IsPointInsideTerrain_ReturnValue"
            },
            "Expression": {
              "Inst": "Context",
              "Context": {
                "Inst": "LocalVariable",
                "VariableType": {
                  "PinCategory": "Object",
                  "PinSubCategory": "Object",
                  "PinSubCategoryObject": "/Script/FSD.DeepCSGWorld"
                },
                "VariableName": "CallFunc_GetCSGWorld_ReturnValue"
              },
              "SkipOffsetForNull": 19,
              "RValuePropertyType": {
                "PinCategory": "bool",
                "PinSubCategory": "bool"
              },
              "RValuePropertyName": "CallFunc_IsPointInsideTerrain_ReturnValue",
              "Expression": {
                "Inst": "FinalFunction",
                "Function": "IsPointInsideTerrain",
                "Parameters": [
                  {
                    "Inst": "LocalVariable",
                    "VariableType": {
                      "PinCategory": "Struct",
                      "PinSubCategory": "Struct",
                      "PinSubCategoryObject": "/Script/CoreUObject.Vector"
                    },
                    "VariableName": "EyeLocation"
                  }
                ]
              }
            },
            "StatementIndex": 411
          },
          {
            "Inst": "LetBool",
            "Variable": {
              "Inst": "LocalVariable",
              "VariableType": {
                "PinCategory": "bool",
                "PinSubCategory": "bool"
              },
              "VariableName": "CallFunc_Not_PreBool_ReturnValue"
            },
            "Expression": {
              "Inst": "CallMath",
              "Function": "Not_PreBool",
              "ContextClass": "/Script/Engine.KismetMathLibrary",
              "Parameters": [
                {
                  "Inst": "LocalVariable",
                  "VariableType": {
                    "PinCategory": "bool",
                    "PinSubCategory": "bool"
                  },
                  "VariableName": "CallFunc_IsPointInsideTerrain_ReturnValue"
                }
              ]
            },
            "StatementIndex": 462
          },
          {
            "Inst": "LetObj",
            "Variable": {
              "Inst": "LocalVariable",
              "VariableType": {
                "PinCategory": "Object",
                "PinSubCategory": "Object",
                "PinSubCategoryObject": "/Script/Engine.Actor"
              },
              "VariableName": "CallFunc_GetBlackboardValueAsActor_ReturnValue_1"
            },
            "Expression": {
              "Inst": "CallMath",
              "Function": "GetBlackboardValueAsActor",
              "ContextClass": "/Script/AIModule.BTFunctionLibrary",
              "Parameters": [
                {
                  "Inst": "Self"
                },
                {
                  "Inst": "InstanceVariable",
                  "VariableType": {
                    "PinCategory": "Struct",
                    "PinSubCategory": "Struct",
                    "PinSubCategoryObject": "/Script/AIModule.BlackboardKeySelector"
                  },
                  "VariableName": "TargetKey"
                }
              ]
            },
            "StatementIndex": 491
          },
          {
            "Inst": "Let",
            "Variable": {
              "Inst": "LocalVariable",
              "VariableType": {
                "PinCategory": "Struct",
                "PinSubCategory": "Struct",
                "PinSubCategoryObject": "/Script/CoreUObject.Vector"
              },
              "VariableName": "CallFunc_K2_GetActorLocation_ReturnValue_1"
            },
            "Expression": {
              "Inst": "Context",
              "Context": {
                "Inst": "LocalVariable",
                "VariableType": {
                  "PinCategory": "Object",
                  "PinSubCategory": "Object",
                  "PinSubCategoryObject": "/Script/Engine.Actor"
                },
                "VariableName": "CallFunc_GetBlackboardValueAsActor_ReturnValue_1"
              },
              "SkipOffsetForNull": 10,
              "RValuePropertyType": {
                "PinCategory": "Struct",
                "PinSubCategory": "Struct",
                "PinSubCategoryObject": "/Script/CoreUObject.Vector"
              },
              "RValuePropertyName": "CallFunc_K2_GetActorLocation_ReturnValue_1",
              "Expression": {
                "Inst": "FinalFunction",
                "Function": "K2_GetActorLocation",
                "Parameters": []
              }
            },
            "StatementIndex": 521
          },
          {
            "Inst": "Let",
            "Variable": {
              "Inst": "LocalVariable",
              "VariableType": {
                "PinCategory": "Struct",
                "PinSubCategory": "Struct",
                "PinSubCategoryObject": "/Script/CoreUObject.Vector"
              },
              "VariableName": "CallFunc_Subtract_VectorVector_ReturnValue"
            },
            "Expression": {
              "Inst": "CallMath",
              "Function": "Subtract_VectorVector",
              "ContextClass": "/Script/Engine.KismetMathLibrary",
              "Parameters": [
                {
                  "Inst": "LocalVariable",
                  "VariableType": {
                    "PinCategory": "Struct",
                    "PinSubCategory": "Struct",
                    "PinSubCategoryObject": "/Script/CoreUObject.Vector"
                  },
                  "VariableName": "EyeLocation"
                },
                {
                  "Inst": "LocalVariable",
                  "VariableType": {
                    "PinCategory": "Struct",
                    "PinSubCategory": "Struct",
                    "PinSubCategoryObject": "/Script/CoreUObject.Vector"
                  },
                  "VariableName": "CallFunc_K2_GetActorLocation_ReturnValue_1"
                }
              ]
            },
            "StatementIndex": 571
          },
          {
            "Inst": "Let",
            "Variable": {
              "Inst": "LocalVariable",
              "VariableType": {
                "PinCategory": "Float",
                "PinSubCategory": "Float"
              },
              "VariableName": "CallFunc_VSize_ReturnValue"
            },
            "Expression": {
              "Inst": "CallMath",
              "Function": "VSize",
              "ContextClass": "/Script/Engine.KismetMathLibrary",
              "Parameters": [
                {
                  "Inst": "LocalVariable",
                  "VariableType": {
                    "PinCategory": "Struct",
                    "PinSubCategory": "Struct",
                    "PinSubCategoryObject": "/Script/CoreUObject.Vector"
                  },
                  "VariableName": "CallFunc_Subtract_VectorVector_ReturnValue"
                }
              ]
            },
            "StatementIndex": 617
          },
          {
            "Inst": "LetBool",
            "Variable": {
              "Inst": "LocalVariable",
              "VariableType": {
                "PinCategory": "bool",
                "PinSubCategory": "bool"
              },
              "VariableName": "CallFunc_Less_FloatFloat_ReturnValue"
            },
            "Expression": {
              "Inst": "CallMath",
              "Function": "Less_FloatFloat",
              "ContextClass": "/Script/Engine.KismetMathLibrary",
              "Parameters": [
                {
                  "Inst": "LocalVariable",
                  "VariableType": {
                    "PinCategory": "Float",
                    "PinSubCategory": "Float"
                  },
                  "VariableName": "CallFunc_VSize_ReturnValue"
                },
                {
                  "Inst": "InstanceVariable",
                  "VariableType": {
                    "PinCategory": "Float",
                    "PinSubCategory": "Float"
                  },
                  "VariableName": "MaxDistance"
                }
              ]
            },
            "StatementIndex": 654
          },
          {
            "Inst": "LetBool",
            "Variable": {
              "Inst": "LocalVariable",
              "VariableType": {
                "PinCategory": "bool",
                "PinSubCategory": "bool"
              },
              "VariableName": "CallFunc_BooleanAND_ReturnValue"
            },
            "Expression": {
              "Inst": "CallMath",
              "Function": "BooleanAND",
              "ContextClass": "/Script/Engine.KismetMathLibrary",
              "Parameters": [
                {
                  "Inst": "LocalVariable",
                  "VariableType": {
                    "PinCategory": "bool",
                    "PinSubCategory": "bool"
                  },
                  "VariableName": "CallFunc_Less_FloatFloat_ReturnValue"
                },
                {
                  "Inst": "LocalVariable",
                  "VariableType": {
                    "PinCategory": "bool",
                    "PinSubCategory": "bool"
                  },
                  "VariableName": "CallFunc_Not_PreBool_ReturnValue"
                }
              ]
            },
            "StatementIndex": 692
          },
          {
            "Inst": "JumpIfNot",
            "Offset": 1264,
            "Condition": {
              "Inst": "LocalVariable",
              "VariableType": {
                "PinCategory": "bool",
                "PinSubCategory": "bool"
              },
              "VariableName": "CallFunc_BooleanAND_ReturnValue"
            },
            "StatementIndex": 730
          },
          {
            "Inst": "SetArray",
            "LeftSideExpression": {
              "Inst": "LocalVariable",
              "VariableType": {
                "PinCategory": "Object",
                "PinSubCategory": "Object",
                "PinSubCategoryObject": "/Script/Engine.Actor",
                "ContainerType": 1,
                "IsConst": true
              },
              "VariableName": "K2Node_MakeArray_Array"
            },
            "Values": [
              {
                "Inst": "LocalVariable",
                "VariableType": {
                  "PinCategory": "Object",
                  "PinSubCategory": "Object",
                  "PinSubCategoryObject": "/Script/Engine.Pawn"
                },
                "VariableName": "ControlledPawn"
              }
            ],
            "StatementIndex": 744
          },
          {
            "Inst": "LetObj",
            "Variable": {
              "Inst": "LocalVariable",
              "VariableType": {
                "PinCategory": "Object",
                "PinSubCategory": "Object",
                "PinSubCategoryObject": "/Script/Engine.Actor"
              },
              "VariableName": "CallFunc_GetBlackboardValueAsActor_ReturnValue_1"
            },
            "Expression": {
              "Inst": "CallMath",
              "Function": "GetBlackboardValueAsActor",
              "ContextClass": "/Script/AIModule.BTFunctionLibrary",
              "Parameters": [
                {
                  "Inst": "Self"
                },
                {
                  "Inst": "InstanceVariable",
                  "VariableType": {
                    "PinCategory": "Struct",
                    "PinSubCategory": "Struct",
                    "PinSubCategoryObject": "/Script/AIModule.BlackboardKeySelector"
                  },
                  "VariableName": "TargetKey"
                }
              ]
            },
            "StatementIndex": 764
          },
          {
            "Inst": "Let",
            "Variable": {
              "Inst": "LocalVariable",
              "VariableType": {
                "PinCategory": "Struct",
                "PinSubCategory": "Struct",
                "PinSubCategoryObject": "/Script/CoreUObject.Vector"
              },
              "VariableName": "CallFunc_K2_GetActorLocation_ReturnValue_1"
            },
            "Expression": {
              "Inst": "Context",
              "Context": {
                "Inst": "LocalVariable",
                "VariableType": {
                  "PinCategory": "Object",
                  "PinSubCategory": "Object",
                  "PinSubCategoryObject": "/Script/Engine.Actor"
                },
                "VariableName": "CallFunc_GetBlackboardValueAsActor_ReturnValue_1"
              },
              "SkipOffsetForNull": 10,
              "RValuePropertyType": {
                "PinCategory": "Struct",
                "PinSubCategory": "Struct",
                "PinSubCategoryObject": "/Script/CoreUObject.Vector"
              },
              "RValuePropertyName": "CallFunc_K2_GetActorLocation_ReturnValue_1",
              "Expression": {
                "Inst": "FinalFunction",
                "Function": "K2_GetActorLocation",
                "Parameters": []
              }
            },
            "StatementIndex": 794
          },
          {
            "Inst": "LetBool",
            "Variable": {
              "Inst": "LocalVariable",
              "VariableType": {
                "PinCategory": "bool",
                "PinSubCategory": "bool"
              },
              "VariableName": "CallFunc_LineTraceSingle_ReturnValue"
            },
            "Expression": {
              "Inst": "CallMath",
              "Function": "LineTraceSingle",
              "ContextClass": "/Script/Engine.KismetSystemLibrary",
              "Parameters": [
                {
                  "Inst": "Self"
                },
                {
                  "Inst": "LocalVariable",
                  "VariableType": {
                    "PinCategory": "Struct",
                    "PinSubCategory": "Struct",
                    "PinSubCategoryObject": "/Script/CoreUObject.Vector"
                  },
                  "VariableName": "EyeLocation"
                },
                {
                  "Inst": "LocalVariable",
                  "VariableType": {
                    "PinCategory": "Struct",
                    "PinSubCategory": "Struct",
                    "PinSubCategoryObject": "/Script/CoreUObject.Vector"
                  },
                  "VariableName": "CallFunc_K2_GetActorLocation_ReturnValue_1"
                },
                {
                  "Inst": "ByteConst",
                  "Value": 2
                },
                {
                  "Inst": "False"
                },
                {
                  "Inst": "LocalVariable",
                  "VariableType": {
                    "PinCategory": "Object",
                    "PinSubCategory": "Object",
                    "PinSubCategoryObject": "/Script/Engine.Actor",
                    "ContainerType": 1,
                    "IsConst": true
                  },
                  "VariableName": "K2Node_MakeArray_Array"
                },
                {
                  "Inst": "ByteConst",
                  "Value": 0
                },
                {
                  "Inst": "LocalVariable",
                  "VariableType": {
                    "PinCategory": "Struct",
                    "PinSubCategory": "Struct",
                    "PinSubCategoryObject": "/Script/Engine.HitResult"
                  },
                  "VariableName": "CallFunc_LineTraceSingle_OutHit"
                },
                {
                  "Inst": "True"
                },
                {
                  "Inst": "StructConst",
                  "Struct": "/Script/CoreUObject.LinearColor",
                  "Properties": {
                    "Missing property name0": [
                      {
                        "Inst": "FloatConst",
                        "Value": 1.0
                      }
                    ],
                    "Missing property name1": [
                      {
                        "Inst": "FloatConst",
                        "Value": 0.0
                      }
                    ],
                    "Missing property name2": [
                      {
                        "Inst": "FloatConst",
                        "Value": 0.0
                      }
                    ],
                    "Missing property name3": [
                      {
                        "Inst": "FloatConst",
                        "Value": 1.0
                      }
                    ]
                  }
                },
                {
                  "Inst": "StructConst",
                  "Struct": "/Script/CoreUObject.LinearColor",
                  "Properties": {
                    "Missing property name0": [
                      {
                        "Inst": "FloatConst",
                        "Value": 0.0
                      }
                    ],
                    "Missing property name1": [
                      {
                        "Inst": "FloatConst",
                        "Value": 1.0
                      }
                    ],
                    "Missing property name2": [
                      {
                        "Inst": "FloatConst",
                        "Value": 0.0
                      }
                    ],
                    "Missing property name3": [
                      {
                        "Inst": "FloatConst",
                        "Value": 1.0
                      }
                    ]
                  }
                },
                {
                  "Inst": "FloatConst",
                  "Value": 2.5
                }
              ]
            },
            "StatementIndex": 844
          },
          {
            "Inst": "JumpIfNot",
            "Offset": 1444,
            "Condition": {
              "Inst": "LocalVariable",
              "VariableType": {
                "PinCategory": "bool",
                "PinSubCategory": "bool"
              },
              "VariableName": "CallFunc_LineTraceSingle_ReturnValue"
            },
            "StatementIndex": 980
          },
          {
            "Inst": "LetObj",
            "Variable": {
              "Inst": "LocalVariable",
              "VariableType": {
                "PinCategory": "Object",
                "PinSubCategory": "Object",
                "PinSubCategoryObject": "/Script/Engine.Actor"
              },
              "VariableName": "CallFunc_GetBlackboardValueAsActor_ReturnValue"
            },
            "Expression": {
              "Inst": "CallMath",
              "Function": "GetBlackboardValueAsActor",
              "ContextClass": "/Script/AIModule.BTFunctionLibrary",
              "Parameters": [
                {
                  "Inst": "Self"
                },
                {
                  "Inst": "InstanceVariable",
                  "VariableType": {
                    "PinCategory": "Struct",
                    "PinSubCategory": "Struct",
                    "PinSubCategoryObject": "/Script/AIModule.BlackboardKeySelector"
                  },
                  "VariableName": "TargetKey"
                }
              ]
            },
            "StatementIndex": 994
          },
          {
            "Inst": "CallMath",
            "Function": "BreakHitResult",
            "ContextClass": "/Script/Engine.GameplayStatics",
            "Parameters": [
              {
                "Inst": "LocalVariable",
                "VariableType": {
                  "PinCategory": "Struct",
                  "PinSubCategory": "Struct",
                  "PinSubCategoryObject": "/Script/Engine.HitResult"
                },
                "VariableName": "CallFunc_LineTraceSingle_OutHit"
              },
              {
                "Inst": "LocalVariable",
                "VariableType": {
                  "PinCategory": "bool",
                  "PinSubCategory": "bool"
                },
                "VariableName": "CallFunc_BreakHitResult_bBlockingHit"
              },
              {
                "Inst": "LocalVariable",
                "VariableType": {
                  "PinCategory": "bool",
                  "PinSubCategory": "bool"
                },
                "VariableName": "CallFunc_BreakHitResult_bInitialOverlap"
              },
              {
                "Inst": "LocalVariable",
                "VariableType": {
                  "PinCategory": "Float",
                  "PinSubCategory": "Float"
                },
                "VariableName": "CallFunc_BreakHitResult_Time"
              },
              {
                "Inst": "LocalVariable",
                "VariableType": {
                  "PinCategory": "Float",
                  "PinSubCategory": "Float"
                },
                "VariableName": "CallFunc_BreakHitResult_Distance"
              },
              {
                "Inst": "LocalVariable",
                "VariableType": {
                  "PinCategory": "Struct",
                  "PinSubCategory": "Struct",
                  "PinSubCategoryObject": "/Script/CoreUObject.Vector"
                },
                "VariableName": "CallFunc_BreakHitResult_Location"
              },
              {
                "Inst": "LocalVariable",
                "VariableType": {
                  "PinCategory": "Struct",
                  "PinSubCategory": "Struct",
                  "PinSubCategoryObject": "/Script/CoreUObject.Vector"
                },
                "VariableName": "CallFunc_BreakHitResult_ImpactPoint"
              },
              {
                "Inst": "LocalVariable",
                "VariableType": {
                  "PinCategory": "Struct",
                  "PinSubCategory": "Struct",
                  "PinSubCategoryObject": "/Script/CoreUObject.Vector"
                },
                "VariableName": "CallFunc_BreakHitResult_Normal"
              },
              {
                "Inst": "LocalVariable",
                "VariableType": {
                  "PinCategory": "Struct",
                  "PinSubCategory": "Struct",
                  "PinSubCategoryObject": "/Script/CoreUObject.Vector"
                },
                "VariableName": "CallFunc_BreakHitResult_ImpactNormal"
              },
              {
                "Inst": "LocalVariable",
                "VariableType": {
                  "PinCategory": "Object",
                  "PinSubCategory": "Object",
                  "PinSubCategoryObject": "/Script/PhysicsCore.PhysicalMaterial"
                },
                "VariableName": "CallFunc_BreakHitResult_PhysMat"
              },
              {
                "Inst": "LocalVariable",
                "VariableType": {
                  "PinCategory": "Object",
                  "PinSubCategory": "Object",
                  "PinSubCategoryObject": "/Script/Engine.Actor"
                },
                "VariableName": "CallFunc_BreakHitResult_HitActor"
              },
              {
                "Inst": "LocalVariable",
                "VariableType": {
                  "PinCategory": "Object",
                  "PinSubCategory": "Object",
                  "PinSubCategoryObject": "/Script/Engine.PrimitiveComponent"
                },
                "VariableName": "CallFunc_BreakHitResult_HitComponent"
              },
              {
                "Inst": "LocalVariable",
                "VariableType": {
                  "PinCategory": "Name",
                  "PinSubCategory": "Name"
                },
                "VariableName": "CallFunc_BreakHitResult_HitBoneName"
              },
              {
                "Inst": "LocalVariable",
                "VariableType": {
                  "PinCategory": "int",
                  "PinSubCategory": "int"
                },
                "VariableName": "CallFunc_BreakHitResult_HitItem"
              },
              {
                "Inst": "LocalVariable",
                "VariableType": {
                  "PinCategory": "int",
                  "PinSubCategory": "int"
                },
                "VariableName": "CallFunc_BreakHitResult_ElementIndex"
              },
              {
                "Inst": "LocalVariable",
                "VariableType": {
                  "PinCategory": "int",
                  "PinSubCategory": "int"
                },
                "VariableName": "CallFunc_BreakHitResult_FaceIndex"
              },
              {
                "Inst": "LocalVariable",
                "VariableType": {
                  "PinCategory": "Struct",
                  "PinSubCategory": "Struct",
                  "PinSubCategoryObject": "/Script/CoreUObject.Vector"
                },
                "VariableName": "CallFunc_BreakHitResult_TraceStart"
              },
              {
                "Inst": "LocalVariable",
                "VariableType": {
                  "PinCategory": "Struct",
                  "PinSubCategory": "Struct",
                  "PinSubCategoryObject": "/Script/CoreUObject.Vector"
                },
                "VariableName": "CallFunc_BreakHitResult_TraceEnd"
              }
            ],
            "StatementIndex": 1024
          },
          {
            "Inst": "LetBool",
            "Variable": {
              "Inst": "LocalVariable",
              "VariableType": {
                "PinCategory": "bool",
                "PinSubCategory": "bool"
              },
              "VariableName": "CallFunc_EqualEqual_ObjectObject_ReturnValue"
            },
            "Expression": {
              "Inst": "CallMath",
              "Function": "EqualEqual_ObjectObject",
              "ContextClass": "/Script/Engine.KismetMathLibrary",
              "Parameters": [
                {
                  "Inst": "LocalVariable",
                  "VariableType": {
                    "PinCategory": "Object",
                    "PinSubCategory": "Object",
                    "PinSubCategoryObject": "/Script/Engine.Actor"
                  },
                  "VariableName": "CallFunc_BreakHitResult_HitActor"
                },
                {
                  "Inst": "LocalVariable",
                  "VariableType": {
                    "PinCategory": "Object",
                    "PinSubCategory": "Object",
                    "PinSubCategoryObject": "/Script/Engine.Actor"
                  },
                  "VariableName": "CallFunc_GetBlackboardValueAsActor_ReturnValue"
                }
              ]
            },
            "StatementIndex": 1196
          },
          {
            "Inst": "JumpIfNot",
            "Offset": 1460,
            "Condition": {
              "Inst": "LocalVariable",
              "VariableType": {
                "PinCategory": "bool",
                "PinSubCategory": "bool"
              },
              "VariableName": "CallFunc_EqualEqual_ObjectObject_ReturnValue"
            },
            "StatementIndex": 1234
          },
          {
            "Inst": "LetBool",
            "Variable": {
              "Inst": "LocalOutVariable",
              "VariableType": {
                "PinCategory": "bool",
                "PinSubCategory": "bool"
              },
              "VariableName": "ReturnValue"
            },
            "Expression": {
              "Inst": "True"
            },
            "StatementIndex": 1248
          },
          {
            "Inst": "Jump",
            "Offset": 1471,
            "StatementIndex": 1259
          },
          {
            "Inst": "LetBool",
            "Variable": {
              "Inst": "LocalOutVariable",
              "VariableType": {
                "PinCategory": "bool",
                "PinSubCategory": "bool"
              },
              "VariableName": "ReturnValue"
            },
            "Expression": {
              "Inst": "False"
            },
            "StatementIndex": 1264
          },
          {
            "Inst": "Jump",
            "Offset": 1471,
            "StatementIndex": 1275
          },
          {
            "Inst": "Let",
            "Variable": {
              "Inst": "LocalVariable",
              "VariableType": {
                "PinCategory": "Struct",
                "PinSubCategory": "Struct",
                "PinSubCategoryObject": "/Script/CoreUObject.Vector"
              },
              "VariableName": "CallFunc_K2_GetActorLocation_ReturnValue"
            },
            "Expression": {
              "Inst": "Context",
              "Context": {
                "Inst": "LocalVariable",
                "VariableType": {
                  "PinCategory": "Object",
                  "PinSubCategory": "Object",
                  "PinSubCategoryObject": "/Script/Engine.Pawn"
                },
                "VariableName": "ControlledPawn"
              },
              "SkipOffsetForNull": 10,
              "RValuePropertyType": {
                "PinCategory": "Struct",
                "PinSubCategory": "Struct",
                "PinSubCategoryObject": "/Script/CoreUObject.Vector"
              },
              "RValuePropertyName": "CallFunc_K2_GetActorLocation_ReturnValue",
              "Expression": {
                "Inst": "FinalFunction",
                "Function": "K2_GetActorLocation",
                "Parameters": []
              }
            },
            "StatementIndex": 1280
          },
          {
            "Inst": "Let",
            "Variable": {
              "Inst": "LocalVariable",
              "VariableType": {
                "PinCategory": "Struct",
                "PinSubCategory": "Struct",
                "PinSubCategoryObject": "/Script/CoreUObject.Vector"
              },
              "VariableName": "CallFunc_Add_VectorVector_ReturnValue"
            },
            "Expression": {
              "Inst": "CallMath",
              "Function": "Add_VectorVector",
              "ContextClass": "/Script/Engine.KismetMathLibrary",
              "Parameters": [
                {
                  "Inst": "LocalVariable",
                  "VariableType": {
                    "PinCategory": "Struct",
                    "PinSubCategory": "Struct",
                    "PinSubCategoryObject": "/Script/CoreUObject.Vector"
                  },
                  "VariableName": "CallFunc_K2_GetActorLocation_ReturnValue"
                },
                {
                  "Inst": "InstanceVariable",
                  "VariableType": {
                    "PinCategory": "Struct",
                    "PinSubCategory": "Struct",
                    "PinSubCategoryObject": "/Script/CoreUObject.Vector"
                  },
                  "VariableName": "EyeLocationOffset"
                }
              ]
            },
            "StatementIndex": 1330
          },
          {
            "Inst": "Let",
            "Variable": {
              "Inst": "LocalVariable",
              "VariableType": {
                "PinCategory": "Struct",
                "PinSubCategory": "Struct",
                "PinSubCategoryObject": "/Script/CoreUObject.Vector"
              },
              "VariableName": "EyeLocation"
            },
            "Expression": {
              "Inst": "LocalVariable",
              "VariableType": {
                "PinCategory": "Struct",
                "PinSubCategory": "Struct",
                "PinSubCategoryObject": "/Script/CoreUObject.Vector"
              },
              "VariableName": "CallFunc_Add_VectorVector_ReturnValue"
            },
            "StatementIndex": 1376
          },
          {
            "Inst": "Jump",
            "Offset": 390,
            "StatementIndex": 1403
          },
          {
            "Inst": "Let",
            "Variable": {
              "Inst": "LocalVariable",
              "VariableType": {
                "PinCategory": "Struct",
                "PinSubCategory": "Struct",
                "PinSubCategoryObject": "/Script/CoreUObject.Vector"
              },
              "VariableName": "Temp_struct_Variable"
            },
            "Expression": {
              "Inst": "VectorConst",
              "X": 0.0,
              "Y": 0.0,
              "Z": 0.0
            },
            "StatementIndex": 1408
          },
          {
            "Inst": "Jump",
            "Offset": 317,
            "StatementIndex": 1439
          },
          {
            "Inst": "LetBool",
            "Variable": {
              "Inst": "LocalOutVariable",
              "VariableType": {
                "PinCategory": "bool",
                "PinSubCategory": "bool"
              },
              "VariableName": "ReturnValue"
            },
            "Expression": {
              "Inst": "True"
            },
            "StatementIndex": 1444
          },
          {
            "Inst": "Jump",
            "Offset": 1471,
            "StatementIndex": 1455
          },
          {
            "Inst": "LetBool",
            "Variable": {
              "Inst": "LocalOutVariable",
              "VariableType": {
                "PinCategory": "bool",
                "PinSubCategory": "bool"
              },
              "VariableName": "ReturnValue"
            },
            "Expression": {
              "Inst": "False"
            },
            "StatementIndex": 1460
          },
          {
            "Inst": "Return",
            "Expression": {
              "Inst": "LocalOutVariable",
              "VariableType": {
                "PinCategory": "bool",
                "PinSubCategory": "bool"
              },
              "VariableName": "ReturnValue"
            },
            "StatementIndex": 1471
          },
          {
            "Inst": "EndOfScript",
            "StatementIndex": 1481
          }
        ],
        "FunctionFlags": "214435840"
      }
    ],
    "ChildProperties": [
      {
        "FieldKind": "Property",
        "ObjectClass": "FloatProperty",
        "ObjectName": "MaxDistance",
        "ArrayDim": 1,
        "PropertyFlags": "5",
        "RepNotifyFunc": "None",
        "BlueprintReplicationCondition": 0
      },
      {
        "FieldKind": "Property",
        "ObjectClass": "StructProperty",
        "ObjectName": "TargetKey",
        "ArrayDim": 1,
        "PropertyFlags": "5",
        "RepNotifyFunc": "None",
        "BlueprintReplicationCondition": 0,
        "Struct": 40
      },
      {
        "FieldKind": "Property",
        "ObjectClass": "StructProperty",
        "ObjectName": "EyeLocationOffset",
        "ArrayDim": 1,
        "PropertyFlags": "5",
        "RepNotifyFunc": "None",
        "BlueprintReplicationCondition": 0,
        "Struct": 42
      }
    ],
    "ClassFlags": "264208",
    "ClassWithin": 6,
    "ClassConfigName": "Game",
    "Interfaces": [],
    "ClassDefaultObject": 45,
    "AssetObjectData": {
      "SimpleConstructionScript": -1,
      "$ReferencedObjects": []
    },
    "GeneratedVariableNames": []
  },
  "ObjectHierarchy": [
    {
      "ObjectIndex": 0,
      "Type": "Import",
      "ClassPackage": "/Script/Engine",
      "ClassName": "BlueprintGeneratedClass",
      "Outer": 37,
      "ObjectName": "Default__BlueprintGeneratedClass"
    },
    {
      "ObjectIndex": 1,
      "Type": "Import",
      "ClassPackage": "/Script/AIModule",
      "ClassName": "BTDecorator_BlueprintBase",
      "Outer": 35,
      "ObjectName": "Default__BTDecorator_BlueprintBase"
    },
    {
      "ObjectIndex": 2,
      "Type": "Import",
      "ClassPackage": "/Script/CoreUObject",
      "ClassName": "Class",
      "Outer": 35,
      "ObjectName": "AIController"
    },
    {
      "ObjectIndex": 3,
      "Type": "Import",
      "ClassPackage": "/Script/CoreUObject",
      "ClassName": "Class",
      "Outer": 35,
      "ObjectName": "BTDecorator_BlueprintBase"
    },
    {
      "ObjectIndex": 4,
      "Type": "Import",
      "ClassPackage": "/Script/CoreUObject",
      "ClassName": "Class",
      "Outer": 35,
      "ObjectName": "BTFunctionLibrary"
    },
    {
      "ObjectIndex": 5,
      "Type": "Import",
      "ClassPackage": "/Script/CoreUObject",
      "ClassName": "Class",
      "Outer": 36,
      "ObjectName": "Function"
    },
    {
      "ObjectIndex": 6,
      "Type": "Import",
      "ClassPackage": "/Script/CoreUObject",
      "ClassName": "Class",
      "Outer": 36,
      "ObjectName": "Object"
    },
    {
      "ObjectIndex": 7,
      "Type": "Import",
      "ClassPackage": "/Script/CoreUObject",
      "ClassName": "Class",
      "Outer": 37,
      "ObjectName": "Actor"
    },
    {
      "ObjectIndex": 8,
      "Type": "Import",
      "ClassPackage": "/Script/CoreUObject",
      "ClassName": "Class",
      "Outer": 37,
      "ObjectName": "BlueprintGeneratedClass"
    },
    {
      "ObjectIndex": 9,
      "Type": "Import",
      "ClassPackage": "/Script/CoreUObject",
      "ClassName": "Class",
      "Outer": 37,
      "ObjectName": "GameplayStatics"
    },
    {
      "ObjectIndex": 10,
      "Type": "Import",
      "ClassPackage": "/Script/CoreUObject",
      "ClassName": "Class",
      "Outer": 37,
      "ObjectName": "KismetMathLibrary"
    },
    {
      "ObjectIndex": 11,
      "Type": "Import",
      "ClassPackage": "/Script/CoreUObject",
      "ClassName": "Class",
      "Outer": 37,
      "ObjectName": "KismetSystemLibrary"
    },
    {
      "ObjectIndex": 12,
      "Type": "Import",
      "ClassPackage": "/Script/CoreUObject",
      "ClassName": "Class",
      "Outer": 37,
      "ObjectName": "Pawn"
    },
    {
      "ObjectIndex": 13,
      "Type": "Import",
      "ClassPackage": "/Script/CoreUObject",
      "ClassName": "Class",
      "Outer": 37,
      "ObjectName": "PrimitiveComponent"
    },
    {
      "ObjectIndex": 14,
      "Type": "Import",
      "ClassPackage": "/Script/CoreUObject",
      "ClassName": "Class",
      "Outer": 38,
      "ObjectName": "DeepCSGWorld"
    },
    {
      "ObjectIndex": 15,
      "Type": "Import",
      "ClassPackage": "/Script/CoreUObject",
      "ClassName": "Class",
      "Outer": 38,
      "ObjectName": "GameFunctionLibrary"
    },
    {
      "ObjectIndex": 16,
      "Type": "Import",
      "ClassPackage": "/Script/CoreUObject",
      "ClassName": "Class",
      "Outer": 38,
      "ObjectName": "Targetable"
    },
    {
      "ObjectIndex": 17,
      "Type": "Import",
      "ClassPackage": "/Script/CoreUObject",
      "ClassName": "Class",
      "Outer": 39,
      "ObjectName": "PhysicalMaterial"
    },
    {
      "ObjectIndex": 18,
      "Type": "Import",
      "ClassPackage": "/Script/CoreUObject",
      "ClassName": "Function",
      "Outer": 3,
      "ObjectName": "PerformConditionCheckAI"
    },
    {
      "ObjectIndex": 19,
      "Type": "Import",
      "ClassPackage": "/Script/CoreUObject",
      "ClassName": "Function",
      "Outer": 4,
      "ObjectName": "GetBlackboardValueAsActor"
    },
    {
      "ObjectIndex": 20,
      "Type": "Import",
      "ClassPackage": "/Script/CoreUObject",
      "ClassName": "Function",
      "Outer": 36,
      "ObjectName": "Default__Function"
    },
    {
      "ObjectIndex": 21,
      "Type": "Import",
      "ClassPackage": "/Script/CoreUObject",
      "ClassName": "Function",
      "Outer": 7,
      "ObjectName": "K2_GetActorLocation"
    },
    {
      "ObjectIndex": 22,
      "Type": "Import",
      "ClassPackage": "/Script/CoreUObject",
      "ClassName": "Function",
      "Outer": 9,
      "ObjectName": "BreakHitResult"
    },
    {
      "ObjectIndex": 23,
      "Type": "Import",
      "ClassPackage": "/Script/CoreUObject",
      "ClassName": "Function",
      "Outer": 10,
      "ObjectName": "Add_VectorVector"
    },
    {
      "ObjectIndex": 24,
      "Type": "Import",
      "ClassPackage": "/Script/CoreUObject",
      "ClassName": "Function",
      "Outer": 10,
      "ObjectName": "BooleanAND"
    },
    {
      "ObjectIndex": 25,
      "Type": "Import",
      "ClassPackage": "/Script/CoreUObject",
      "ClassName": "Function",
      "Outer": 10,
      "ObjectName": "EqualEqual_ObjectObject"
    },
    {
      "ObjectIndex": 26,
      "Type": "Import",
      "ClassPackage": "/Script/CoreUObject",
      "ClassName": "Function",
      "Outer": 10,
      "ObjectName": "Less_FloatFloat"
    },
    {
      "ObjectIndex": 27,
      "Type": "Import",
      "ClassPackage": "/Script/CoreUObject",
      "ClassName": "Function",
      "Outer": 10,
      "ObjectName": "Not_PreBool"
    },
    {
      "ObjectIndex": 28,
      "Type": "Import",
      "ClassPackage": "/Script/CoreUObject",
      "ClassName": "Function",
      "Outer": 10,
      "ObjectName": "Subtract_VectorVector"
    },
    {
      "ObjectIndex": 29,
      "Type": "Import",
      "ClassPackage": "/Script/CoreUObject",
      "ClassName": "Function",
      "Outer": 10,
      "ObjectName": "VSize"
    },
    {
      "ObjectIndex": 30,
      "Type": "Import",
      "ClassPackage": "/Script/CoreUObject",
      "ClassName": "Function",
      "Outer": 11,
      "ObjectName": "DoesImplementInterface"
    },
    {
      "ObjectIndex": 31,
      "Type": "Import",
      "ClassPackage": "/Script/CoreUObject",
      "ClassName": "Function",
      "Outer": 11,
      "ObjectName": "IsValid"
    },
    {
      "ObjectIndex": 32,
      "Type": "Import",
      "ClassPackage": "/Script/CoreUObject",
      "ClassName": "Function",
      "Outer": 11,
      "ObjectName": "LineTraceSingle"
    },
    {
      "ObjectIndex": 33,
      "Type": "Import",
      "ClassPackage": "/Script/CoreUObject",
      "ClassName": "Function",
      "Outer": 14,
      "ObjectName": "IsPointInsideTerrain"
    },
    {
      "ObjectIndex": 34,
      "Type": "Import",
      "ClassPackage": "/Script/CoreUObject",
      "ClassName": "Function",
      "Outer": 15,
      "ObjectName": "GetCSGWorld"
    },
    {
      "ObjectIndex": 35,
      "Type": "Import",
      "ClassPackage": "/Script/CoreUObject",
      "ClassName": "Package",
      "ObjectName": "/Script/AIModule"
    },
    {
      "ObjectIndex": 36,
      "Type": "Import",
      "ClassPackage": "/Script/CoreUObject",
      "ClassName": "Package",
      "ObjectName": "/Script/CoreUObject"
    },
    {
      "ObjectIndex": 37,
      "Type": "Import",
      "ClassPackage": "/Script/CoreUObject",
      "ClassName": "Package",
      "ObjectName": "/Script/Engine"
    },
    {
      "ObjectIndex": 38,
      "Type": "Import",
      "ClassPackage": "/Script/CoreUObject",
      "ClassName": "Package",
      "ObjectName": "/Script/FSD"
    },
    {
      "ObjectIndex": 39,
      "Type": "Import",
      "ClassPackage": "/Script/CoreUObject",
      "ClassName": "Package",
      "ObjectName": "/Script/PhysicsCore"
    },
    {
      "ObjectIndex": 40,
      "Type": "Import",
      "ClassPackage": "/Script/CoreUObject",
      "ClassName": "ScriptStruct",
      "Outer": 35,
      "ObjectName": "BlackboardKeySelector"
    },
    {
      "ObjectIndex": 41,
      "Type": "Import",
      "ClassPackage": "/Script/CoreUObject",
      "ClassName": "ScriptStruct",
      "Outer": 36,
      "ObjectName": "LinearColor"
    },
    {
      "ObjectIndex": 42,
      "Type": "Import",
      "ClassPackage": "/Script/CoreUObject",
      "ClassName": "ScriptStruct",
      "Outer": 36,
      "ObjectName": "Vector"
    },
    {
      "ObjectIndex": 43,
      "Type": "Import",
      "ClassPackage": "/Script/CoreUObject",
      "ClassName": "ScriptStruct",
      "Outer": 37,
      "ObjectName": "HitResult"
    },
    {
      "ObjectIndex": 44,
      "Type": "Export",
      "ObjectMark": "$AssetObject$"
    },
    {
      "ObjectIndex": 45,
      "Type": "Export",
      "ObjectClass": 44,
      "Outer": -1,
      "ObjectName": "Default__DEC_CanSeeTarget_C",
      "ObjectFlags": 49,
      "Properties": {
        "MaxDistance": 2000.0,
        "TargetKey": {
          "AllowedTypes": [],
          "SelectedKeyName": "None",
          "SelectedKeyType": -1,
          "SelectedKeyID": 255,
          "bNoneIsAllowedValue": false
        },
        "EyeLocationOffset": {
          "X": 0.0,
          "Y": 0.0,
          "Z": 0.0
        },
        "bIsObservingBB": true,
        "$ReferencedObjects": [
          -1
        ]
      }
    }
  ]
}