{
  "AssetClass": "AnimSequence",
  "AssetPackage": "/Game/Art/DropPod/Assets/Airlock/ANIM_DropPod_Airlock02_CloseOuter",
  "AssetName": "ANIM_DropPod_Airlock02_CloseOuter",
  "AssetSerializedData": {
    "SkipDependecies": false,
    "AssetObjectData": {
      "NumFrames": 21,
      "TrackToSkeletonMapTable": [
        {
          "BoneTreeIndex": 0
        },
        {
          "BoneTreeIndex": 7
        },
        {
          "BoneTreeIndex": 6
        },
        {
          "BoneTreeIndex": 5
        },
        {
          "BoneTreeIndex": 9
        },
        {
          "BoneTreeIndex": 4
        },
        {
          "BoneTreeIndex": 3
        },
        {
          "BoneTreeIndex": 8
        },
        {
          "BoneTreeIndex": 2
        },
        {
          "BoneTreeIndex": 1
        }
      ],
      "BoneCompressionSettings": 0,
      "CurveCompressionSettings": 1,
      "Notifies": [
        {
          "TriggerTimeOffset": 0.0001,
          "EndTriggerTimeOffset": 0.0,
          "TriggerWeightThreshold": 1E-05,
          "NotifyName": "DroppodDoorCloseMesh_Cue1",
          "Notify": 18,
          "NotifyStateClass": -1,
          "Duration": 0.0,
          "EndLink": {
            "LinkedMontage": -1,
            "SlotIndex": -1,
            "SegmentIndex": -1,
            "LinkMethod": "EAnimLinkMethod::Absolute",
            "CachedLinkMethod": "EAnimLinkMethod::Absolute",
            "SegmentBeginTime": 0.0,
            "SegmentLength": 0.0,
            "LinkValue": 0.0,
            "LinkedSequence": -1
          },
          "bConvertedFromBranchingPoint": false,
          "MontageTickType": "EMontageNotifyTickType::Queued",
          "NotifyTriggerChance": 1.0,
          "NotifyFilterType": "ENotifyFilterType::NoFiltering",
          "NotifyFilterLOD": 0,
          "bTriggerOnDedicatedServer": true,
          "bTriggerOnFollower": false,
          "TrackIndex": 1,
          "LinkedMontage": -1,
          "SlotIndex": -1,
          "SegmentIndex": 0,
          "LinkMethod": "EAnimLinkMethod::Absolute",
          "CachedLinkMethod": "EAnimLinkMethod::Absolute",
          "SegmentBeginTime": 0.0,
          "SegmentLength": 0.6666667,
          "LinkValue": 0.0,
          "LinkedSequence": 16
        },
        {
          "TriggerTimeOffset": 0.0,
          "EndTriggerTimeOffset": 0.0,
          "TriggerWeightThreshold": 1E-05,
          "NotifyName": "PlaySound",
          "Notify": 17,
          "NotifyStateClass": -1,
          "Duration": 0.0,
          "EndLink": {
            "LinkedMontage": -1,
            "SlotIndex": 0,
            "SegmentIndex": -1,
            "LinkMethod": "EAnimLinkMethod::Absolute",
            "CachedLinkMethod": "EAnimLinkMethod::Absolute",
            "SegmentBeginTime": 0.0,
            "SegmentLength": 0.0,
            "LinkValue": 0.63843954,
            "LinkedSequence": -1
          },
          "bConvertedFromBranchingPoint": false,
          "MontageTickType": "EMontageNotifyTickType::Queued",
          "NotifyTriggerChance": 1.0,
          "NotifyFilterType": "ENotifyFilterType::NoFiltering",
          "NotifyFilterLOD": 0,
          "bTriggerOnDedicatedServer": true,
          "bTriggerOnFollower": false,
          "TrackIndex": 0,
          "LinkedMontage": -1,
          "SlotIndex": 0,
          "SegmentIndex": 0,
          "LinkMethod": "EAnimLinkMethod::Absolute",
          "CachedLinkMethod": "EAnimLinkMethod::Absolute",
          "SegmentBeginTime": 0.0,
          "SegmentLength": 0.6666667,
          "LinkValue": 0.63843954,
          "LinkedSequence": 16
        }
      ],
      "SequenceLength": 0.6666667,
      "RateScale": 0.5,
      "Skeleton": 13,
      "$ReferencedObjects": []
    }
  },
  "ObjectHierarchy": [
    {
      "ObjectIndex": 0,
      "Type": "Import",
      "ClassPackage": "/Script/Engine",
      "ClassName": "AnimBoneCompressionSettings",
      "Outer": 6,
      "ObjectName": "DefaultAnimBoneCompressionSettings"
    },
    {
      "ObjectIndex": 1,
      "Type": "Import",
      "ClassPackage": "/Script/Engine",
      "ClassName": "AnimCurveCompressionSettings",
      "Outer": 7,
      "ObjectName": "DefaultAnimCurveCompressionSettings"
    },
    {
      "ObjectIndex": 2,
      "Type": "Import",
      "ClassPackage": "/Script/Engine",
      "ClassName": "AnimSequence",
      "Outer": 11,
      "ObjectName": "Default__AnimSequence"
    },
    {
      "ObjectIndex": 3,
      "Type": "Import",
      "ClassPackage": "/Script/CoreUObject",
      "ClassName": "Class",
      "Outer": 11,
      "ObjectName": "AnimSequence"
    },
    {
      "ObjectIndex": 4,
      "Type": "Import",
      "ClassPackage": "/Script/CoreUObject",
      "ClassName": "Class",
      "Outer": 12,
      "ObjectName": "FSDAnimNotify_PlaySound"
    },
    {
      "ObjectIndex": 5,
      "Type": "Import",
      "ClassPackage": "/Script/FSD",
      "ClassName": "FSDAnimNotify_PlaySound",
      "Outer": 12,
      "ObjectName": "Default__FSDAnimNotify_PlaySound"
    },
    {
      "ObjectIndex": 6,
      "Type": "Import",
      "ClassPackage": "/Script/CoreUObject",
      "ClassName": "Package",
      "ObjectName": "/Engine/Animation/DefaultAnimBoneCompressionSettings"
    },
    {
      "ObjectIndex": 7,
      "Type": "Import",
      "ClassPackage": "/Script/CoreUObject",
      "ClassName": "Package",
      "ObjectName": "/Engine/Animation/DefaultAnimCurveCompressionSettings"
    },
    {
      "ObjectIndex": 8,
      "Type": "Import",
      "ClassPackage": "/Script/CoreUObject",
      "ClassName": "Package",
      "ObjectName": "/Game/Art/DropPod/Assets/Airlock/SK_DropPod_Airlock02_Skeleton"
    },
    {
      "ObjectIndex": 9,
      "Type": "Import",
      "ClassPackage": "/Script/CoreUObject",
      "ClassName": "Package",
      "ObjectName": "/Game/Audio/SFX/LevelElements/DropPod/PodDoors/DroppodDoorCloseMesh_Cue"
    },
    {
      "ObjectIndex": 10,
      "Type": "Import",
      "ClassPackage": "/Script/CoreUObject",
      "ClassName": "Package",
      "ObjectName": "/Game/Audio/SFX/LevelElements/DropPod/PodDoors/DroppodDoorCloseOuter_Cue"
    },
    {
      "ObjectIndex": 11,
      "Type": "Import",
      "ClassPackage": "/Script/CoreUObject",
      "ClassName": "Package",
      "ObjectName": "/Script/Engine"
    },
    {
      "ObjectIndex": 12,
      "Type": "Import",
      "ClassPackage": "/Script/CoreUObject",
      "ClassName": "Package",
      "ObjectName": "/Script/FSD"
    },
    {
      "ObjectIndex": 13,
      "Type": "Import",
      "ClassPackage": "/Script/Engine",
      "ClassName": "Skeleton",
      "Outer": 8,
      "ObjectName": "SK_DropPod_Airlock02_Skeleton"
    },
    {
      "ObjectIndex": 14,
      "Type": "Import",
      "ClassPackage": "/Script/Engine",
      "ClassName": "SoundCue",
      "Outer": 9,
      "ObjectName": "DroppodDoorCloseMesh_Cue"
    },
    {
      "ObjectIndex": 15,
      "Type": "Import",
      "ClassPackage": "/Script/Engine",
      "ClassName": "SoundCue",
      "Outer": 10,
      "ObjectName": "DroppodDoorCloseOuter_Cue"
    },
    {
      "ObjectIndex": 16,
      "Type": "Export",
      "ObjectMark": "$AssetObject$"
    },
    {
      "ObjectIndex": 17,
      "Type": "Export",
      "ObjectClass": 4,
      "Outer": 16,
      "ObjectName": "AnimNotify_PlaySound_0",
      "ObjectFlags": 8,
      "Properties": {
        "Sound": 15,
        "bFollow": true,
        "AttachName": "InnerAirlock_UpperWire",
        "$ReferencedObjects": [
          15
        ]
      }
    },
    {
      "ObjectIndex": 18,
      "Type": "Export",
      "ObjectClass": 4,
      "Outer": 16,
      "ObjectName": "AnimNotify_PlaySound_2",
      "ObjectFlags": 8,
      "Properties": {
        "Sound": 14,
        "PitchMultiplier": 0.75,
        "bFollow": true,
        "AttachName": "InnerAirlock_UpperWire",
        "$ReferencedObjects": [
          14
        ]
      }
    }
  ]
}