{
  "AssetClass": "Blueprint",
  "AssetPackage": "/Game/AI/Services/SER_FindTargetViaSenses",
  "AssetName": "SER_FindTargetViaSenses",
  "AssetSerializedData": {
    "SkipDependecies": false,
    "SuperStruct": 4,
    "Children": [
      {
        "FieldKind": "Function",
        "ObjectClass": "Function",
        "ObjectName": "ReceiveSearchStartAI",
        "SuperStruct": 19,
        "Children": [],
        "ChildProperties": [
          {
            "FieldKind": "Property",
            "ObjectClass": "ObjectProperty",
            "ObjectName": "OwnerController",
            "ArrayDim": 1,
            "PropertyFlags": "148",
            "RepNotifyFunc": "None",
            "BlueprintReplicationCondition": 0,
            "PropertyClass": 2
          },
          {
            "FieldKind": "Property",
            "ObjectClass": "ObjectProperty",
            "ObjectName": "ControlledPawn",
            "ArrayDim": 1,
            "PropertyFlags": "148",
            "RepNotifyFunc": "None",
            "BlueprintReplicationCondition": 0,
            "PropertyClass": 12
          }
        ],
        "Script": [
          {
            "Inst": "LetValueOnPersistentFrame",
            "PropertyName": "K2Node_Event_OwnerController_1",
            "PropertyType": {
              "PinCategory": "Object",
              "PinSubCategory": "Object",
              "PinSubCategoryObject": "/Script/AIModule.AIController"
            },
            "Expression": {
              "Inst": "LocalVariable",
              "VariableType": {
                "PinCategory": "Object",
                "PinSubCategory": "Object",
                "PinSubCategoryObject": "/Script/AIModule.AIController"
              },
              "VariableName": "OwnerController"
            },
            "StatementIndex": 0
          },
          {
            "Inst": "LetValueOnPersistentFrame",
            "PropertyName": "K2Node_Event_ControlledPawn_1",
            "PropertyType": {
              "PinCategory": "Object",
              "PinSubCategory": "Object",
              "PinSubCategoryObject": "/Script/Engine.Pawn"
            },
            "Expression": {
              "Inst": "LocalVariable",
              "VariableType": {
                "PinCategory": "Object",
                "PinSubCategory": "Object",
                "PinSubCategoryObject": "/Script/Engine.Pawn"
              },
              "VariableName": "ControlledPawn"
            },
            "StatementIndex": 18
          },
          {
            "Inst": "LocalFinalFunction",
            "Function": "ExecuteUbergraph_SER_FindTargetViaSenses",
            "Parameters": [
              {
                "Inst": "IntConst",
                "Value": 562
              }
            ],
            "StatementIndex": 36
          },
          {
            "Inst": "Return",
            "Expression": {
              "Inst": "Nothing"
            },
            "StatementIndex": 51
          },
          {
            "Inst": "EndOfScript",
            "StatementIndex": 53
          }
        ],
        "FunctionFlags": "134744064"
      },
      {
        "FieldKind": "Function",
        "ObjectClass": "Function",
        "ObjectName": "OnSensePawn",
        "SuperStruct": -1,
        "Children": [],
        "ChildProperties": [
          {
            "FieldKind": "Property",
            "ObjectClass": "ObjectProperty",
            "ObjectName": "Pawn",
            "ArrayDim": 1,
            "PropertyFlags": "148",
            "RepNotifyFunc": "None",
            "BlueprintReplicationCondition": 0,
            "PropertyClass": 12
          }
        ],
        "Script": [
          {
            "Inst": "LetValueOnPersistentFrame",
            "PropertyName": "K2Node_CustomEvent_Pawn",
            "PropertyType": {
              "PinCategory": "Object",
              "PinSubCategory": "Object",
              "PinSubCategoryObject": "/Script/Engine.Pawn"
            },
            "Expression": {
              "Inst": "LocalVariable",
              "VariableType": {
                "PinCategory": "Object",
                "PinSubCategory": "Object",
                "PinSubCategoryObject": "/Script/Engine.Pawn"
              },
              "VariableName": "Pawn"
            },
            "StatementIndex": 0
          },
          {
            "Inst": "LocalFinalFunction",
            "Function": "ExecuteUbergraph_SER_FindTargetViaSenses",
            "Parameters": [
              {
                "Inst": "IntConst",
                "Value": 776
              }
            ],
            "StatementIndex": 18
          },
          {
            "Inst": "Return",
            "Expression": {
              "Inst": "Nothing"
            },
            "StatementIndex": 33
          },
          {
            "Inst": "EndOfScript",
            "StatementIndex": 35
          }
        ],
        "FunctionFlags": "201326592"
      },
      {
        "FieldKind": "Function",
        "ObjectClass": "Function",
        "ObjectName": "ReceiveTickAI",
        "SuperStruct": 20,
        "Children": [],
        "ChildProperties": [
          {
            "FieldKind": "Property",
            "ObjectClass": "ObjectProperty",
            "ObjectName": "OwnerController",
            "ArrayDim": 1,
            "PropertyFlags": "148",
            "RepNotifyFunc": "None",
            "BlueprintReplicationCondition": 0,
            "PropertyClass": 2
          },
          {
            "FieldKind": "Property",
            "ObjectClass": "ObjectProperty",
            "ObjectName": "ControlledPawn",
            "ArrayDim": 1,
            "PropertyFlags": "148",
            "RepNotifyFunc": "None",
            "BlueprintReplicationCondition": 0,
            "PropertyClass": 12
          },
          {
            "FieldKind": "Property",
            "ObjectClass": "FloatProperty",
            "ObjectName": "DeltaSeconds",
            "ArrayDim": 1,
            "PropertyFlags": "148",
            "RepNotifyFunc": "None",
            "BlueprintReplicationCondition": 0
          }
        ],
        "Script": [
          {
            "Inst": "LetValueOnPersistentFrame",
            "PropertyName": "K2Node_Event_OwnerController",
            "PropertyType": {
              "PinCategory": "Object",
              "PinSubCategory": "Object",
              "PinSubCategoryObject": "/Script/AIModule.AIController"
            },
            "Expression": {
              "Inst": "LocalVariable",
              "VariableType": {
                "PinCategory": "Object",
                "PinSubCategory": "Object",
                "PinSubCategoryObject": "/Script/AIModule.AIController"
              },
              "VariableName": "OwnerController"
            },
            "StatementIndex": 0
          },
          {
            "Inst": "LetValueOnPersistentFrame",
            "PropertyName": "K2Node_Event_ControlledPawn",
            "PropertyType": {
              "PinCategory": "Object",
              "PinSubCategory": "Object",
              "PinSubCategoryObject": "/Script/Engine.Pawn"
            },
            "Expression": {
              "Inst": "LocalVariable",
              "VariableType": {
                "PinCategory": "Object",
                "PinSubCategory": "Object",
                "PinSubCategoryObject": "/Script/Engine.Pawn"
              },
              "VariableName": "ControlledPawn"
            },
            "StatementIndex": 18
          },
          {
            "Inst": "LetValueOnPersistentFrame",
            "PropertyName": "K2Node_Event_DeltaSeconds",
            "PropertyType": {
              "PinCategory": "Float",
              "PinSubCategory": "Float"
            },
            "Expression": {
              "Inst": "LocalVariable",
              "VariableType": {
                "PinCategory": "Float",
                "PinSubCategory": "Float"
              },
              "VariableName": "DeltaSeconds"
            },
            "StatementIndex": 36
          },
          {
            "Inst": "LocalFinalFunction",
            "Function": "ExecuteUbergraph_SER_FindTargetViaSenses",
            "Parameters": [
              {
                "Inst": "IntConst",
                "Value": 1056
              }
            ],
            "StatementIndex": 54
          },
          {
            "Inst": "Return",
            "Expression": {
              "Inst": "Nothing"
            },
            "StatementIndex": 69
          },
          {
            "Inst": "EndOfScript",
            "StatementIndex": 71
          }
        ],
        "FunctionFlags": "134744064"
      },
      {
        "FieldKind": "Function",
        "ObjectClass": "Function",
        "ObjectName": "ExecuteUbergraph_SER_FindTargetViaSenses",
        "SuperStruct": -1,
        "Children": [],
        "ChildProperties": [
          {
            "FieldKind": "Property",
            "ObjectClass": "IntProperty",
            "ObjectName": "EntryPoint",
            "ArrayDim": 1,
            "PropertyFlags": "148",
            "RepNotifyFunc": "None",
            "BlueprintReplicationCondition": 0
          },
          {
            "FieldKind": "Property",
            "ObjectClass": "ObjectProperty",
            "ObjectName": "Temp_object_Variable",
            "ArrayDim": 1,
            "PropertyFlags": "524288",
            "RepNotifyFunc": "None",
            "BlueprintReplicationCondition": 0,
            "PropertyClass": 13
          },
          {
            "FieldKind": "Property",
            "ObjectClass": "DelegateProperty",
            "ObjectName": "K2Node_CreateDelegate_OutputDelegate",
            "ArrayDim": 1,
            "PropertyFlags": "0",
            "RepNotifyFunc": "None",
            "BlueprintReplicationCondition": 0,
            "SignatureFunction": "SeePawnDelegate__DelegateSignature"
          },
          {
            "FieldKind": "Property",
            "ObjectClass": "BoolProperty",
            "ObjectName": "CallFunc_IsAlive_ReturnValue",
            "ArrayDim": 1,
            "PropertyFlags": "0",
            "RepNotifyFunc": "None",
            "BlueprintReplicationCondition": 0,
            "BoolSize": 1,
            "NativeBool": true
          },
          {
            "FieldKind": "Property",
            "ObjectClass": "ObjectProperty",
            "ObjectName": "Temp_object_Variable_1",
            "ArrayDim": 1,
            "PropertyFlags": "524288",
            "RepNotifyFunc": "None",
            "BlueprintReplicationCondition": 0,
            "PropertyClass": 13
          },
          {
            "FieldKind": "Property",
            "ObjectClass": "BoolProperty",
            "ObjectName": "Temp_bool_Variable",
            "ArrayDim": 1,
            "PropertyFlags": "0",
            "RepNotifyFunc": "None",
            "BlueprintReplicationCondition": 0,
            "BoolSize": 1,
            "NativeBool": true
          },
          {
            "FieldKind": "Property",
            "ObjectClass": "BoolProperty",
            "ObjectName": "CallFunc_BooleanAND_ReturnValue",
            "ArrayDim": 1,
            "PropertyFlags": "0",
            "RepNotifyFunc": "None",
            "BlueprintReplicationCondition": 0,
            "BoolSize": 1,
            "NativeBool": true
          },
          {
            "FieldKind": "Property",
            "ObjectClass": "BoolProperty",
            "ObjectName": "CallFunc_IsAlive_ReturnValue_1",
            "ArrayDim": 1,
            "PropertyFlags": "0",
            "RepNotifyFunc": "None",
            "BlueprintReplicationCondition": 0,
            "BoolSize": 1,
            "NativeBool": true
          },
          {
            "FieldKind": "Property",
            "ObjectClass": "ObjectProperty",
            "ObjectName": "K2Node_Event_OwnerController_1",
            "ArrayDim": 1,
            "PropertyFlags": "0",
            "RepNotifyFunc": "None",
            "BlueprintReplicationCondition": 0,
            "PropertyClass": 2
          },
          {
            "FieldKind": "Property",
            "ObjectClass": "ObjectProperty",
            "ObjectName": "K2Node_Event_ControlledPawn_1",
            "ArrayDim": 1,
            "PropertyFlags": "0",
            "RepNotifyFunc": "None",
            "BlueprintReplicationCondition": 0,
            "PropertyClass": 12
          },
          {
            "FieldKind": "Property",
            "ObjectClass": "ObjectProperty",
            "ObjectName": "K2Node_CustomEvent_Pawn",
            "ArrayDim": 1,
            "PropertyFlags": "0",
            "RepNotifyFunc": "None",
            "BlueprintReplicationCondition": 0,
            "PropertyClass": 12
          },
          {
            "FieldKind": "Property",
            "ObjectClass": "ObjectProperty",
            "ObjectName": "CallFunc_GetComponentByClass_ReturnValue",
            "ArrayDim": 1,
            "PropertyFlags": "524288",
            "RepNotifyFunc": "None",
            "BlueprintReplicationCondition": 0,
            "PropertyClass": 5
          },
          {
            "FieldKind": "Property",
            "ObjectClass": "InterfaceProperty",
            "ObjectName": "K2Node_DynamicCast_AsGameplay_Tag_Asset_Interface",
            "ArrayDim": 1,
            "PropertyFlags": "0",
            "RepNotifyFunc": "None",
            "BlueprintReplicationCondition": 0,
            "InterfaceClass": 15
          },
          {
            "FieldKind": "Property",
            "ObjectClass": "BoolProperty",
            "ObjectName": "K2Node_DynamicCast_bSuccess",
            "ArrayDim": 1,
            "PropertyFlags": "0",
            "RepNotifyFunc": "None",
            "BlueprintReplicationCondition": 0,
            "BoolSize": 1,
            "NativeBool": true
          },
          {
            "FieldKind": "Property",
            "ObjectClass": "BoolProperty",
            "ObjectName": "CallFunc_IsValid_ReturnValue",
            "ArrayDim": 1,
            "PropertyFlags": "0",
            "RepNotifyFunc": "None",
            "BlueprintReplicationCondition": 0,
            "BoolSize": 1,
            "NativeBool": true
          },
          {
            "FieldKind": "Property",
            "ObjectClass": "InterfaceProperty",
            "ObjectName": "K2Node_DynamicCast_AsTargetable",
            "ArrayDim": 1,
            "PropertyFlags": "0",
            "RepNotifyFunc": "None",
            "BlueprintReplicationCondition": 0,
            "InterfaceClass": 14
          },
          {
            "FieldKind": "Property",
            "ObjectClass": "BoolProperty",
            "ObjectName": "K2Node_DynamicCast_bSuccess_1",
            "ArrayDim": 1,
            "PropertyFlags": "0",
            "RepNotifyFunc": "None",
            "BlueprintReplicationCondition": 0,
            "BoolSize": 1,
            "NativeBool": true
          },
          {
            "FieldKind": "Property",
            "ObjectClass": "BoolProperty",
            "ObjectName": "CallFunc_DoesImplementInterface_ReturnValue",
            "ArrayDim": 1,
            "PropertyFlags": "0",
            "RepNotifyFunc": "None",
            "BlueprintReplicationCondition": 0,
            "BoolSize": 1,
            "NativeBool": true
          },
          {
            "FieldKind": "Property",
            "ObjectClass": "ObjectProperty",
            "ObjectName": "CallFunc_GetTargetHealthComponent_ReturnValue",
            "ArrayDim": 1,
            "PropertyFlags": "524288",
            "RepNotifyFunc": "None",
            "BlueprintReplicationCondition": 0,
            "PropertyClass": 13
          },
          {
            "FieldKind": "Property",
            "ObjectClass": "ObjectProperty",
            "ObjectName": "K2Node_Event_OwnerController",
            "ArrayDim": 1,
            "PropertyFlags": "0",
            "RepNotifyFunc": "None",
            "BlueprintReplicationCondition": 0,
            "PropertyClass": 2
          },
          {
            "FieldKind": "Property",
            "ObjectClass": "ObjectProperty",
            "ObjectName": "K2Node_Event_ControlledPawn",
            "ArrayDim": 1,
            "PropertyFlags": "0",
            "RepNotifyFunc": "None",
            "BlueprintReplicationCondition": 0,
            "PropertyClass": 12
          },
          {
            "FieldKind": "Property",
            "ObjectClass": "FloatProperty",
            "ObjectName": "K2Node_Event_DeltaSeconds",
            "ArrayDim": 1,
            "PropertyFlags": "0",
            "RepNotifyFunc": "None",
            "BlueprintReplicationCondition": 0
          },
          {
            "FieldKind": "Property",
            "ObjectClass": "ObjectProperty",
            "ObjectName": "CallFunc_GetBlackboardValueAsActor_ReturnValue",
            "ArrayDim": 1,
            "PropertyFlags": "0",
            "RepNotifyFunc": "None",
            "BlueprintReplicationCondition": 0,
            "PropertyClass": 8
          },
          {
            "FieldKind": "Property",
            "ObjectClass": "InterfaceProperty",
            "ObjectName": "K2Node_DynamicCast_AsTargetable_1",
            "ArrayDim": 1,
            "PropertyFlags": "0",
            "RepNotifyFunc": "None",
            "BlueprintReplicationCondition": 0,
            "InterfaceClass": 14
          },
          {
            "FieldKind": "Property",
            "ObjectClass": "BoolProperty",
            "ObjectName": "K2Node_DynamicCast_bSuccess_2",
            "ArrayDim": 1,
            "PropertyFlags": "0",
            "RepNotifyFunc": "None",
            "BlueprintReplicationCondition": 0,
            "BoolSize": 1,
            "NativeBool": true
          },
          {
            "FieldKind": "Property",
            "ObjectClass": "BoolProperty",
            "ObjectName": "CallFunc_IsValid_ReturnValue_1",
            "ArrayDim": 1,
            "PropertyFlags": "0",
            "RepNotifyFunc": "None",
            "BlueprintReplicationCondition": 0,
            "BoolSize": 1,
            "NativeBool": true
          },
          {
            "FieldKind": "Property",
            "ObjectClass": "ObjectProperty",
            "ObjectName": "CallFunc_GetTargetHealthComponent_ReturnValue_1",
            "ArrayDim": 1,
            "PropertyFlags": "524288",
            "RepNotifyFunc": "None",
            "BlueprintReplicationCondition": 0,
            "PropertyClass": 13
          },
          {
            "FieldKind": "Property",
            "ObjectClass": "BoolProperty",
            "ObjectName": "CallFunc_DoesImplementInterface_ReturnValue_1",
            "ArrayDim": 1,
            "PropertyFlags": "0",
            "RepNotifyFunc": "None",
            "BlueprintReplicationCondition": 0,
            "BoolSize": 1,
            "NativeBool": true
          },
          {
            "FieldKind": "Property",
            "ObjectClass": "BoolProperty",
            "ObjectName": "CallFunc_LineOfSightTo_ReturnValue",
            "ArrayDim": 1,
            "PropertyFlags": "0",
            "RepNotifyFunc": "None",
            "BlueprintReplicationCondition": 0,
            "BoolSize": 1,
            "NativeBool": true
          },
          {
            "FieldKind": "Property",
            "ObjectClass": "BoolProperty",
            "ObjectName": "CallFunc_BooleanAND_ReturnValue_1",
            "ArrayDim": 1,
            "PropertyFlags": "0",
            "RepNotifyFunc": "None",
            "BlueprintReplicationCondition": 0,
            "BoolSize": 1,
            "NativeBool": true
          },
          {
            "FieldKind": "Property",
            "ObjectClass": "ObjectProperty",
            "ObjectName": "CallFunc_GetBlackboardValueAsActor_ReturnValue_1",
            "ArrayDim": 1,
            "PropertyFlags": "0",
            "RepNotifyFunc": "None",
            "BlueprintReplicationCondition": 0,
            "PropertyClass": 8
          },
          {
            "FieldKind": "Property",
            "ObjectClass": "BoolProperty",
            "ObjectName": "CallFunc_IsValid_ReturnValue_2",
            "ArrayDim": 1,
            "PropertyFlags": "0",
            "RepNotifyFunc": "None",
            "BlueprintReplicationCondition": 0,
            "BoolSize": 1,
            "NativeBool": true
          },
          {
            "FieldKind": "Property",
            "ObjectClass": "BoolProperty",
            "ObjectName": "CallFunc_HasAnyMatchingGameplayTags_ReturnValue",
            "ArrayDim": 1,
            "PropertyFlags": "0",
            "RepNotifyFunc": "None",
            "BlueprintReplicationCondition": 0,
            "BoolSize": 1,
            "NativeBool": true
          }
        ],
        "Script": [
          {
            "Inst": "ComputedJump",
            "OffsetExpression": {
              "Inst": "LocalVariable",
              "VariableType": {
                "PinCategory": "int",
                "PinSubCategory": "int"
              },
              "VariableName": "EntryPoint"
            },
            "StatementIndex": 0
          },
          {
            "Inst": "LetObj",
            "Variable": {
              "Inst": "LocalVariable",
              "VariableType": {
                "PinCategory": "Object",
                "PinSubCategory": "Object",
                "PinSubCategoryObject": "/Script/FSD.HealthComponentBase"
              },
              "VariableName": "Temp_object_Variable"
            },
            "Expression": {
              "Inst": "NoObject"
            },
            "StatementIndex": 10
          },
          {
            "Inst": "Let",
            "Variable": {
              "Inst": "LocalVariable",
              "VariableType": {
                "PinCategory": "Interface",
                "PinSubCategory": "Interface",
                "PinSubCategoryObject": "/Script/GameplayTags.GameplayTagAssetInterface"
              },
              "VariableName": "K2Node_DynamicCast_AsGameplay_Tag_Asset_Interface"
            },
            "Expression": {
              "Inst": "ObjToInterfaceCast",
              "InterfaceClass": "/Script/GameplayTags.GameplayTagAssetInterface",
              "Expression": {
                "Inst": "LocalVariable",
                "VariableType": {
                  "PinCategory": "Object",
                  "PinSubCategory": "Object",
                  "PinSubCategoryObject": "/Script/Engine.Pawn"
                },
                "VariableName": "K2Node_CustomEvent_Pawn"
              }
            },
            "StatementIndex": 21
          },
          {
            "Inst": "Let",
            "Variable": {
              "Inst": "LocalVariable",
              "VariableType": {
                "PinCategory": "bool",
                "PinSubCategory": "bool"
              },
              "VariableName": "K2Node_DynamicCast_bSuccess"
            },
            "Expression": {
              "Inst": "PrimitiveCast",
              "CastType": "InterfaceToBool",
              "Expression": {
                "Inst": "LocalVariable",
                "VariableType": {
                  "PinCategory": "Interface",
                  "PinSubCategory": "Interface",
                  "PinSubCategoryObject": "/Script/GameplayTags.GameplayTagAssetInterface"
                },
                "VariableName": "K2Node_DynamicCast_AsGameplay_Tag_Asset_Interface"
              }
            },
            "StatementIndex": 57
          },
          {
            "Inst": "JumpIfNot",
            "Offset": 307,
            "Condition": {
              "Inst": "LocalVariable",
              "VariableType": {
                "PinCategory": "bool",
                "PinSubCategory": "bool"
              },
              "VariableName": "K2Node_DynamicCast_bSuccess"
            },
            "StatementIndex": 86
          },
          {
            "Inst": "LetBool",
            "Variable": {
              "Inst": "LocalVariable",
              "VariableType": {
                "PinCategory": "bool",
                "PinSubCategory": "bool"
              },
              "VariableName": "CallFunc_HasAnyMatchingGameplayTags_ReturnValue"
            },
            "Expression": {
              "Inst": "Context",
              "Context": {
                "Inst": "InterfaceContext",
                "Expression": {
                  "Inst": "LocalVariable",
                  "VariableType": {
                    "PinCategory": "Interface",
                    "PinSubCategory": "Interface",
                    "PinSubCategoryObject": "/Script/GameplayTags.GameplayTagAssetInterface"
                  },
                  "VariableName": "K2Node_DynamicCast_AsGameplay_Tag_Asset_Interface"
                }
              },
              "SkipOffsetForNull": 23,
              "RValuePropertyType": {
                "PinCategory": "bool",
                "PinSubCategory": "bool"
              },
              "RValuePropertyName": "CallFunc_HasAnyMatchingGameplayTags_ReturnValue",
              "Expression": {
                "Inst": "VirtualFunction",
                "Function": "HasAnyMatchingGameplayTags",
                "Parameters": [
                  {
                    "Inst": "InstanceVariable",
                    "VariableType": {
                      "PinCategory": "Struct",
                      "PinSubCategory": "Struct",
                      "PinSubCategoryObject": "/Script/GameplayTags.GameplayTagContainer"
                    },
                    "VariableName": "AllowedTargets"
                  }
                ]
              }
            },
            "StatementIndex": 100
          },
          {
            "Inst": "LetBool",
            "Variable": {
              "Inst": "LocalVariable",
              "VariableType": {
                "PinCategory": "bool",
                "PinSubCategory": "bool"
              },
              "VariableName": "Temp_bool_Variable"
            },
            "Expression": {
              "Inst": "LocalVariable",
              "VariableType": {
                "PinCategory": "bool",
                "PinSubCategory": "bool"
              },
              "VariableName": "CallFunc_HasAnyMatchingGameplayTags_ReturnValue"
            },
            "StatementIndex": 156
          },
          {
            "Inst": "LetBool",
            "Variable": {
              "Inst": "LocalVariable",
              "VariableType": {
                "PinCategory": "bool",
                "PinSubCategory": "bool"
              },
              "VariableName": "CallFunc_IsAlive_ReturnValue"
            },
            "Expression": {
              "Inst": "Context",
              "Context": {
                "Inst": "LocalVariable",
                "VariableType": {
                  "PinCategory": "Object",
                  "PinSubCategory": "Object",
                  "PinSubCategoryObject": "/Script/FSD.HealthComponentBase"
                },
                "VariableName": "Temp_object_Variable"
              },
              "SkipOffsetForNull": 14,
              "RValuePropertyType": {
                "PinCategory": "bool",
                "PinSubCategory": "bool"
              },
              "RValuePropertyName": "CallFunc_IsAlive_ReturnValue",
              "Expression": {
                "Inst": "VirtualFunction",
                "Function": "IsAlive",
                "Parameters": []
              }
            },
            "StatementIndex": 175
          },
          {
            "Inst": "LetBool",
            "Variable": {
              "Inst": "LocalVariable",
              "VariableType": {
                "PinCategory": "bool",
                "PinSubCategory": "bool"
              },
              "VariableName": "CallFunc_BooleanAND_ReturnValue"
            },
            "Expression": {
              "Inst": "CallMath",
              "Function": "BooleanAND",
              "ContextClass": "/Script/Engine.KismetMathLibrary",
              "Parameters": [
                {
                  "Inst": "LocalVariable",
                  "VariableType": {
                    "PinCategory": "bool",
                    "PinSubCategory": "bool"
                  },
                  "VariableName": "Temp_bool_Variable"
                },
                {
                  "Inst": "LocalVariable",
                  "VariableType": {
                    "PinCategory": "bool",
                    "PinSubCategory": "bool"
                  },
                  "VariableName": "CallFunc_IsAlive_ReturnValue"
                }
              ]
            },
            "StatementIndex": 221
          },
          {
            "Inst": "JumpIfNot",
            "Offset": 1391,
            "Condition": {
              "Inst": "LocalVariable",
              "VariableType": {
                "PinCategory": "bool",
                "PinSubCategory": "bool"
              },
              "VariableName": "CallFunc_BooleanAND_ReturnValue"
            },
            "StatementIndex": 259
          },
          {
            "Inst": "CallMath",
            "Function": "SetBlackboardValueAsObject",
            "ContextClass": "/Script/AIModule.BTFunctionLibrary",
            "Parameters": [
              {
                "Inst": "Self"
              },
              {
                "Inst": "InstanceVariable",
                "VariableType": {
                  "PinCategory": "Struct",
                  "PinSubCategory": "Struct",
                  "PinSubCategoryObject": "/Script/AIModule.BlackboardKeySelector"
                },
                "VariableName": "TargetKey"
              },
              {
                "Inst": "LocalVariable",
                "VariableType": {
                  "PinCategory": "Object",
                  "PinSubCategory": "Object",
                  "PinSubCategoryObject": "/Script/Engine.Pawn"
                },
                "VariableName": "K2Node_CustomEvent_Pawn"
              }
            ],
            "StatementIndex": 273
          },
          {
            "Inst": "Jump",
            "Offset": 1391,
            "StatementIndex": 302
          },
          {
            "Inst": "LetBool",
            "Variable": {
              "Inst": "LocalVariable",
              "VariableType": {
                "PinCategory": "bool",
                "PinSubCategory": "bool"
              },
              "VariableName": "Temp_bool_Variable"
            },
            "Expression": {
              "Inst": "False"
            },
            "StatementIndex": 307
          },
          {
            "Inst": "Jump",
            "Offset": 175,
            "StatementIndex": 318
          },
          {
            "Inst": "LetObj",
            "Variable": {
              "Inst": "LocalVariable",
              "VariableType": {
                "PinCategory": "Object",
                "PinSubCategory": "Object",
                "PinSubCategoryObject": "/Script/FSD.HealthComponentBase"
              },
              "VariableName": "Temp_object_Variable_1"
            },
            "Expression": {
              "Inst": "NoObject"
            },
            "StatementIndex": 323
          },
          {
            "Inst": "LetBool",
            "Variable": {
              "Inst": "LocalVariable",
              "VariableType": {
                "PinCategory": "bool",
                "PinSubCategory": "bool"
              },
              "VariableName": "CallFunc_IsAlive_ReturnValue_1"
            },
            "Expression": {
              "Inst": "Context",
              "Context": {
                "Inst": "LocalVariable",
                "VariableType": {
                  "PinCategory": "Object",
                  "PinSubCategory": "Object",
                  "PinSubCategoryObject": "/Script/FSD.HealthComponentBase"
                },
                "VariableName": "Temp_object_Variable_1"
              },
              "SkipOffsetForNull": 14,
              "RValuePropertyType": {
                "PinCategory": "bool",
                "PinSubCategory": "bool"
              },
              "RValuePropertyName": "CallFunc_IsAlive_ReturnValue_1",
              "Expression": {
                "Inst": "VirtualFunction",
                "Function": "IsAlive",
                "Parameters": []
              }
            },
            "StatementIndex": 334
          },
          {
            "Inst": "LetObj",
            "Variable": {
              "Inst": "LocalVariable",
              "VariableType": {
                "PinCategory": "Object",
                "PinSubCategory": "Object",
                "PinSubCategoryObject": "/Script/Engine.Actor"
              },
              "VariableName": "CallFunc_GetBlackboardValueAsActor_ReturnValue"
            },
            "Expression": {
              "Inst": "CallMath",
              "Function": "GetBlackboardValueAsActor",
              "ContextClass": "/Script/AIModule.BTFunctionLibrary",
              "Parameters": [
                {
                  "Inst": "Self"
                },
                {
                  "Inst": "InstanceVariable",
                  "VariableType": {
                    "PinCategory": "Struct",
                    "PinSubCategory": "Struct",
                    "PinSubCategoryObject": "/Script/AIModule.BlackboardKeySelector"
                  },
                  "VariableName": "TargetKey"
                }
              ]
            },
            "StatementIndex": 380
          },
          {
            "Inst": "LetBool",
            "Variable": {
              "Inst": "LocalVariable",
              "VariableType": {
                "PinCategory": "bool",
                "PinSubCategory": "bool"
              },
              "VariableName": "CallFunc_LineOfSightTo_ReturnValue"
            },
            "Expression": {
              "Inst": "Context",
              "Context": {
                "Inst": "LocalVariable",
                "VariableType": {
                  "PinCategory": "Object",
                  "PinSubCategory": "Object",
                  "PinSubCategoryObject": "/Script/AIModule.AIController"
                },
                "VariableName": "K2Node_Event_OwnerController"
              },
              "SkipOffsetForNull": 37,
              "RValuePropertyType": {
                "PinCategory": "bool",
                "PinSubCategory": "bool"
              },
              "RValuePropertyName": "CallFunc_LineOfSightTo_ReturnValue",
              "Expression": {
                "Inst": "VirtualFunction",
                "Function": "LineOfSightTo",
                "Parameters": [
                  {
                    "Inst": "LocalVariable",
                    "VariableType": {
                      "PinCategory": "Object",
                      "PinSubCategory": "Object",
                      "PinSubCategoryObject": "/Script/Engine.Actor"
                    },
                    "VariableName": "CallFunc_GetBlackboardValueAsActor_ReturnValue"
                  },
                  {
                    "Inst": "VectorConst",
                    "X": 0.0,
                    "Y": 0.0,
                    "Z": 0.0
                  },
                  {
                    "Inst": "False"
                  }
                ]
              }
            },
            "StatementIndex": 410
          },
          {
            "Inst": "LetBool",
            "Variable": {
              "Inst": "LocalVariable",
              "VariableType": {
                "PinCategory": "bool",
                "PinSubCategory": "bool"
              },
              "VariableName": "CallFunc_BooleanAND_ReturnValue_1"
            },
            "Expression": {
              "Inst": "CallMath",
              "Function": "BooleanAND",
              "ContextClass": "/Script/Engine.KismetMathLibrary",
              "Parameters": [
                {
                  "Inst": "LocalVariable",
                  "VariableType": {
                    "PinCategory": "bool",
                    "PinSubCategory": "bool"
                  },
                  "VariableName": "CallFunc_IsAlive_ReturnValue_1"
                },
                {
                  "Inst": "LocalVariable",
                  "VariableType": {
                    "PinCategory": "bool",
                    "PinSubCategory": "bool"
                  },
                  "VariableName": "CallFunc_LineOfSightTo_ReturnValue"
                }
              ]
            },
            "StatementIndex": 479
          },
          {
            "Inst": "JumpIfNot",
            "Offset": 536,
            "Condition": {
              "Inst": "LocalVariable",
              "VariableType": {
                "PinCategory": "bool",
                "PinSubCategory": "bool"
              },
              "VariableName": "CallFunc_BooleanAND_ReturnValue_1"
            },
            "StatementIndex": 517
          },
          {
            "Inst": "Jump",
            "Offset": 1391,
            "StatementIndex": 531
          },
          {
            "Inst": "CallMath",
            "Function": "SetBlackboardValueAsObject",
            "ContextClass": "/Script/AIModule.BTFunctionLibrary",
            "Parameters": [
              {
                "Inst": "Self"
              },
              {
                "Inst": "InstanceVariable",
                "VariableType": {
                  "PinCategory": "Struct",
                  "PinSubCategory": "Struct",
                  "PinSubCategoryObject": "/Script/AIModule.BlackboardKeySelector"
                },
                "VariableName": "TargetKey"
              },
              {
                "Inst": "NoObject"
              }
            ],
            "StatementIndex": 536
          },
          {
            "Inst": "Jump",
            "Offset": 1391,
            "StatementIndex": 557
          },
          {
            "Inst": "LetObj",
            "Variable": {
              "Inst": "LocalVariable",
              "VariableType": {
                "PinCategory": "Object",
                "PinSubCategory": "Object",
                "PinSubCategoryObject": "/Script/AIModule.PawnSensingComponent"
              },
              "VariableName": "CallFunc_GetComponentByClass_ReturnValue"
            },
            "Expression": {
              "Inst": "Context",
              "Context": {
                "Inst": "LocalVariable",
                "VariableType": {
                  "PinCategory": "Object",
                  "PinSubCategory": "Object",
                  "PinSubCategoryObject": "/Script/Engine.Pawn"
                },
                "VariableName": "K2Node_Event_ControlledPawn_1"
              },
              "SkipOffsetForNull": 19,
              "RValuePropertyType": {
                "PinCategory": "Object",
                "PinSubCategory": "Object",
                "PinSubCategoryObject": "/Script/AIModule.PawnSensingComponent"
              },
              "RValuePropertyName": "CallFunc_GetComponentByClass_ReturnValue",
              "Expression": {
                "Inst": "FinalFunction",
                "Function": "GetComponentByClass",
                "Parameters": [
                  {
                    "Inst": "ObjectConst",
                    "Object": "/Script/AIModule.PawnSensingComponent"
                  }
                ]
              }
            },
            "StatementIndex": 562
          },
          {
            "Inst": "LetBool",
            "Variable": {
              "Inst": "LocalVariable",
              "VariableType": {
                "PinCategory": "bool",
                "PinSubCategory": "bool"
              },
              "VariableName": "CallFunc_IsValid_ReturnValue"
            },
            "Expression": {
              "Inst": "CallMath",
              "Function": "IsValid",
              "ContextClass": "/Script/Engine.KismetSystemLibrary",
              "Parameters": [
                {
                  "Inst": "LocalVariable",
                  "VariableType": {
                    "PinCategory": "Object",
                    "PinSubCategory": "Object",
                    "PinSubCategoryObject": "/Script/AIModule.PawnSensingComponent"
                  },
                  "VariableName": "CallFunc_GetComponentByClass_ReturnValue"
                }
              ]
            },
            "StatementIndex": 613
          },
          {
            "Inst": "JumpIfNot",
            "Offset": 1391,
            "Condition": {
              "Inst": "LocalVariable",
              "VariableType": {
                "PinCategory": "bool",
                "PinSubCategory": "bool"
              },
              "VariableName": "CallFunc_IsValid_ReturnValue"
            },
            "StatementIndex": 642
          },
          {
            "Inst": "BindDelegate",
            "FunctionName": "OnSensePawn",
            "Delegate": {
              "Inst": "LocalVariable",
              "VariableType": {
                "PinCategory": "Delegate",
                "PinSubCategory": "Delegate"
              },
              "VariableName": "K2Node_CreateDelegate_OutputDelegate"
            },
            "Object": {
              "Inst": "Self"
            },
            "StatementIndex": 656
          },
          {
            "Inst": "LetObj",
            "Variable": {
              "Inst": "LocalVariable",
              "VariableType": {
                "PinCategory": "Object",
                "PinSubCategory": "Object",
                "PinSubCategoryObject": "/Script/AIModule.PawnSensingComponent"
              },
              "VariableName": "CallFunc_GetComponentByClass_ReturnValue"
            },
            "Expression": {
              "Inst": "Context",
              "Context": {
                "Inst": "LocalVariable",
                "VariableType": {
                  "PinCategory": "Object",
                  "PinSubCategory": "Object",
                  "PinSubCategoryObject": "/Script/Engine.Pawn"
                },
                "VariableName": "K2Node_Event_ControlledPawn_1"
              },
              "SkipOffsetForNull": 19,
              "RValuePropertyType": {
                "PinCategory": "Object",
                "PinSubCategory": "Object",
                "PinSubCategoryObject": "/Script/AIModule.PawnSensingComponent"
              },
              "RValuePropertyName": "CallFunc_GetComponentByClass_ReturnValue",
              "Expression": {
                "Inst": "FinalFunction",
                "Function": "GetComponentByClass",
                "Parameters": [
                  {
                    "Inst": "ObjectConst",
                    "Object": "/Script/AIModule.PawnSensingComponent"
                  }
                ]
              }
            },
            "StatementIndex": 679
          },
          {
            "Inst": "AddMulticastDelegate",
            "MulticastDelegate": {
              "Inst": "Context",
              "Context": {
                "Inst": "LocalVariable",
                "VariableType": {
                  "PinCategory": "Object",
                  "PinSubCategory": "Object",
                  "PinSubCategoryObject": "/Script/AIModule.PawnSensingComponent"
                },
                "VariableName": "CallFunc_GetComponentByClass_ReturnValue"
              },
              "SkipOffsetForNull": 9,
              "RValuePropertyType": "##NOT SERIALIZED##",
              "RValuePropertyName": "OnSeePawn",
              "Expression": {
                "Inst": "InstanceVariable",
                "VariableType": "##NOT SERIALIZED##",
                "VariableName": "OnSeePawn"
              }
            },
            "Delegate": {
              "Inst": "LocalVariable",
              "VariableType": {
                "PinCategory": "Delegate",
                "PinSubCategory": "Delegate"
              },
              "VariableName": "K2Node_CreateDelegate_OutputDelegate"
            },
            "StatementIndex": 730
          },
          {
            "Inst": "Jump",
            "Offset": 1391,
            "StatementIndex": 771
          },
          {
            "Inst": "LetObj",
            "Variable": {
              "Inst": "LocalVariable",
              "VariableType": {
                "PinCategory": "Object",
                "PinSubCategory": "Object",
                "PinSubCategoryObject": "/Script/Engine.Actor"
              },
              "VariableName": "CallFunc_GetBlackboardValueAsActor_ReturnValue_1"
            },
            "Expression": {
              "Inst": "CallMath",
              "Function": "GetBlackboardValueAsActor",
              "ContextClass": "/Script/AIModule.BTFunctionLibrary",
              "Parameters": [
                {
                  "Inst": "Self"
                },
                {
                  "Inst": "InstanceVariable",
                  "VariableType": {
                    "PinCategory": "Struct",
                    "PinSubCategory": "Struct",
                    "PinSubCategoryObject": "/Script/AIModule.BlackboardKeySelector"
                  },
                  "VariableName": "TargetKey"
                }
              ]
            },
            "StatementIndex": 776
          },
          {
            "Inst": "LetBool",
            "Variable": {
              "Inst": "LocalVariable",
              "VariableType": {
                "PinCategory": "bool",
                "PinSubCategory": "bool"
              },
              "VariableName": "CallFunc_IsValid_ReturnValue_2"
            },
            "Expression": {
              "Inst": "CallMath",
              "Function": "IsValid",
              "ContextClass": "/Script/Engine.KismetSystemLibrary",
              "Parameters": [
                {
                  "Inst": "LocalVariable",
                  "VariableType": {
                    "PinCategory": "Object",
                    "PinSubCategory": "Object",
                    "PinSubCategoryObject": "/Script/Engine.Actor"
                  },
                  "VariableName": "CallFunc_GetBlackboardValueAsActor_ReturnValue_1"
                }
              ]
            },
            "StatementIndex": 806
          },
          {
            "Inst": "JumpIfNot",
            "Offset": 854,
            "Condition": {
              "Inst": "LocalVariable",
              "VariableType": {
                "PinCategory": "bool",
                "PinSubCategory": "bool"
              },
              "VariableName": "CallFunc_IsValid_ReturnValue_2"
            },
            "StatementIndex": 835
          },
          {
            "Inst": "Jump",
            "Offset": 1391,
            "StatementIndex": 849
          },
          {
            "Inst": "LetBool",
            "Variable": {
              "Inst": "LocalVariable",
              "VariableType": {
                "PinCategory": "bool",
                "PinSubCategory": "bool"
              },
              "VariableName": "CallFunc_DoesImplementInterface_ReturnValue"
            },
            "Expression": {
              "Inst": "CallMath",
              "Function": "DoesImplementInterface",
              "ContextClass": "/Script/Engine.KismetSystemLibrary",
              "Parameters": [
                {
                  "Inst": "LocalVariable",
                  "VariableType": {
                    "PinCategory": "Object",
                    "PinSubCategory": "Object",
                    "PinSubCategoryObject": "/Script/Engine.Pawn"
                  },
                  "VariableName": "K2Node_CustomEvent_Pawn"
                },
                {
                  "Inst": "ObjectConst",
                  "Object": "/Script/FSD.Targetable"
                }
              ]
            },
            "StatementIndex": 854
          },
          {
            "Inst": "JumpIfNot",
            "Offset": 1391,
            "Condition": {
              "Inst": "LocalVariable",
              "VariableType": {
                "PinCategory": "bool",
                "PinSubCategory": "bool"
              },
              "VariableName": "CallFunc_DoesImplementInterface_ReturnValue"
            },
            "StatementIndex": 892
          },
          {
            "Inst": "Let",
            "Variable": {
              "Inst": "LocalVariable",
              "VariableType": {
                "PinCategory": "Interface",
                "PinSubCategory": "Interface",
                "PinSubCategoryObject": "/Script/FSD.Targetable"
              },
              "VariableName": "K2Node_DynamicCast_AsTargetable"
            },
            "Expression": {
              "Inst": "ObjToInterfaceCast",
              "InterfaceClass": "/Script/FSD.Targetable",
              "Expression": {
                "Inst": "LocalVariable",
                "VariableType": {
                  "PinCategory": "Object",
                  "PinSubCategory": "Object",
                  "PinSubCategoryObject": "/Script/Engine.Pawn"
                },
                "VariableName": "K2Node_CustomEvent_Pawn"
              }
            },
            "StatementIndex": 906
          },
          {
            "Inst": "Let",
            "Variable": {
              "Inst": "LocalVariable",
              "VariableType": {
                "PinCategory": "bool",
                "PinSubCategory": "bool"
              },
              "VariableName": "K2Node_DynamicCast_bSuccess_1"
            },
            "Expression": {
              "Inst": "PrimitiveCast",
              "CastType": "InterfaceToBool",
              "Expression": {
                "Inst": "LocalVariable",
                "VariableType": {
                  "PinCategory": "Interface",
                  "PinSubCategory": "Interface",
                  "PinSubCategoryObject": "/Script/FSD.Targetable"
                },
                "VariableName": "K2Node_DynamicCast_AsTargetable"
              }
            },
            "StatementIndex": 942
          },
          {
            "Inst": "JumpIfNot",
            "Offset": 10,
            "Condition": {
              "Inst": "LocalVariable",
              "VariableType": {
                "PinCategory": "bool",
                "PinSubCategory": "bool"
              },
              "VariableName": "K2Node_DynamicCast_bSuccess_1"
            },
            "StatementIndex": 971
          },
          {
            "Inst": "LetObj",
            "Variable": {
              "Inst": "LocalVariable",
              "VariableType": {
                "PinCategory": "Object",
                "PinSubCategory": "Object",
                "PinSubCategoryObject": "/Script/FSD.HealthComponentBase"
              },
              "VariableName": "CallFunc_GetTargetHealthComponent_ReturnValue"
            },
            "Expression": {
              "Inst": "Context",
              "Context": {
                "Inst": "InterfaceContext",
                "Expression": {
                  "Inst": "LocalVariable",
                  "VariableType": {
                    "PinCategory": "Interface",
                    "PinSubCategory": "Interface",
                    "PinSubCategoryObject": "/Script/FSD.Targetable"
                  },
                  "VariableName": "K2Node_DynamicCast_AsTargetable"
                }
              },
              "SkipOffsetForNull": 14,
              "RValuePropertyType": {
                "PinCategory": "Object",
                "PinSubCategory": "Object",
                "PinSubCategoryObject": "/Script/FSD.HealthComponentBase"
              },
              "RValuePropertyName": "CallFunc_GetTargetHealthComponent_ReturnValue",
              "Expression": {
                "Inst": "VirtualFunction",
                "Function": "GetTargetHealthComponent",
                "Parameters": []
              }
            },
            "StatementIndex": 985
          },
          {
            "Inst": "LetObj",
            "Variable": {
              "Inst": "LocalVariable",
              "VariableType": {
                "PinCategory": "Object",
                "PinSubCategory": "Object",
                "PinSubCategoryObject": "/Script/FSD.HealthComponentBase"
              },
              "VariableName": "Temp_object_Variable"
            },
            "Expression": {
              "Inst": "LocalVariable",
              "VariableType": {
                "PinCategory": "Object",
                "PinSubCategory": "Object",
                "PinSubCategoryObject": "/Script/FSD.HealthComponentBase"
              },
              "VariableName": "CallFunc_GetTargetHealthComponent_ReturnValue"
            },
            "StatementIndex": 1032
          },
          {
            "Inst": "Jump",
            "Offset": 21,
            "StatementIndex": 1051
          },
          {
            "Inst": "LetObj",
            "Variable": {
              "Inst": "LocalVariable",
              "VariableType": {
                "PinCategory": "Object",
                "PinSubCategory": "Object",
                "PinSubCategoryObject": "/Script/Engine.Actor"
              },
              "VariableName": "CallFunc_GetBlackboardValueAsActor_ReturnValue"
            },
            "Expression": {
              "Inst": "CallMath",
              "Function": "GetBlackboardValueAsActor",
              "ContextClass": "/Script/AIModule.BTFunctionLibrary",
              "Parameters": [
                {
                  "Inst": "Self"
                },
                {
                  "Inst": "InstanceVariable",
                  "VariableType": {
                    "PinCategory": "Struct",
                    "PinSubCategory": "Struct",
                    "PinSubCategoryObject": "/Script/AIModule.BlackboardKeySelector"
                  },
                  "VariableName": "TargetKey"
                }
              ]
            },
            "StatementIndex": 1056
          },
          {
            "Inst": "LetBool",
            "Variable": {
              "Inst": "LocalVariable",
              "VariableType": {
                "PinCategory": "bool",
                "PinSubCategory": "bool"
              },
              "VariableName": "CallFunc_IsValid_ReturnValue_1"
            },
            "Expression": {
              "Inst": "CallMath",
              "Function": "IsValid",
              "ContextClass": "/Script/Engine.KismetSystemLibrary",
              "Parameters": [
                {
                  "Inst": "LocalVariable",
                  "VariableType": {
                    "PinCategory": "Object",
                    "PinSubCategory": "Object",
                    "PinSubCategoryObject": "/Script/Engine.Actor"
                  },
                  "VariableName": "CallFunc_GetBlackboardValueAsActor_ReturnValue"
                }
              ]
            },
            "StatementIndex": 1086
          },
          {
            "Inst": "JumpIfNot",
            "Offset": 1391,
            "Condition": {
              "Inst": "LocalVariable",
              "VariableType": {
                "PinCategory": "bool",
                "PinSubCategory": "bool"
              },
              "VariableName": "CallFunc_IsValid_ReturnValue_1"
            },
            "StatementIndex": 1115
          },
          {
            "Inst": "LetObj",
            "Variable": {
              "Inst": "LocalVariable",
              "VariableType": {
                "PinCategory": "Object",
                "PinSubCategory": "Object",
                "PinSubCategoryObject": "/Script/Engine.Actor"
              },
              "VariableName": "CallFunc_GetBlackboardValueAsActor_ReturnValue"
            },
            "Expression": {
              "Inst": "CallMath",
              "Function": "GetBlackboardValueAsActor",
              "ContextClass": "/Script/AIModule.BTFunctionLibrary",
              "Parameters": [
                {
                  "Inst": "Self"
                },
                {
                  "Inst": "InstanceVariable",
                  "VariableType": {
                    "PinCategory": "Struct",
                    "PinSubCategory": "Struct",
                    "PinSubCategoryObject": "/Script/AIModule.BlackboardKeySelector"
                  },
                  "VariableName": "TargetKey"
                }
              ]
            },
            "StatementIndex": 1129
          },
          {
            "Inst": "LetBool",
            "Variable": {
              "Inst": "LocalVariable",
              "VariableType": {
                "PinCategory": "bool",
                "PinSubCategory": "bool"
              },
              "VariableName": "CallFunc_DoesImplementInterface_ReturnValue_1"
            },
            "Expression": {
              "Inst": "CallMath",
              "Function": "DoesImplementInterface",
              "ContextClass": "/Script/Engine.KismetSystemLibrary",
              "Parameters": [
                {
                  "Inst": "LocalVariable",
                  "VariableType": {
                    "PinCategory": "Object",
                    "PinSubCategory": "Object",
                    "PinSubCategoryObject": "/Script/Engine.Actor"
                  },
                  "VariableName": "CallFunc_GetBlackboardValueAsActor_ReturnValue"
                },
                {
                  "Inst": "ObjectConst",
                  "Object": "/Script/FSD.Targetable"
                }
              ]
            },
            "StatementIndex": 1159
          },
          {
            "Inst": "JumpIfNot",
            "Offset": 1391,
            "Condition": {
              "Inst": "LocalVariable",
              "VariableType": {
                "PinCategory": "bool",
                "PinSubCategory": "bool"
              },
              "VariableName": "CallFunc_DoesImplementInterface_ReturnValue_1"
            },
            "StatementIndex": 1197
          },
          {
            "Inst": "LetObj",
            "Variable": {
              "Inst": "LocalVariable",
              "VariableType": {
                "PinCategory": "Object",
                "PinSubCategory": "Object",
                "PinSubCategoryObject": "/Script/Engine.Actor"
              },
              "VariableName": "CallFunc_GetBlackboardValueAsActor_ReturnValue"
            },
            "Expression": {
              "Inst": "CallMath",
              "Function": "GetBlackboardValueAsActor",
              "ContextClass": "/Script/AIModule.BTFunctionLibrary",
              "Parameters": [
                {
                  "Inst": "Self"
                },
                {
                  "Inst": "InstanceVariable",
                  "VariableType": {
                    "PinCategory": "Struct",
                    "PinSubCategory": "Struct",
                    "PinSubCategoryObject": "/Script/AIModule.BlackboardKeySelector"
                  },
                  "VariableName": "TargetKey"
                }
              ]
            },
            "StatementIndex": 1211
          },
          {
            "Inst": "Let",
            "Variable": {
              "Inst": "LocalVariable",
              "VariableType": {
                "PinCategory": "Interface",
                "PinSubCategory": "Interface",
                "PinSubCategoryObject": "/Script/FSD.Targetable"
              },
              "VariableName": "K2Node_DynamicCast_AsTargetable_1"
            },
            "Expression": {
              "Inst": "ObjToInterfaceCast",
              "InterfaceClass": "/Script/FSD.Targetable",
              "Expression": {
                "Inst": "LocalVariable",
                "VariableType": {
                  "PinCategory": "Object",
                  "PinSubCategory": "Object",
                  "PinSubCategoryObject": "/Script/Engine.Actor"
                },
                "VariableName": "CallFunc_GetBlackboardValueAsActor_ReturnValue"
              }
            },
            "StatementIndex": 1241
          },
          {
            "Inst": "Let",
            "Variable": {
              "Inst": "LocalVariable",
              "VariableType": {
                "PinCategory": "bool",
                "PinSubCategory": "bool"
              },
              "VariableName": "K2Node_DynamicCast_bSuccess_2"
            },
            "Expression": {
              "Inst": "PrimitiveCast",
              "CastType": "InterfaceToBool",
              "Expression": {
                "Inst": "LocalVariable",
                "VariableType": {
                  "PinCategory": "Interface",
                  "PinSubCategory": "Interface",
                  "PinSubCategoryObject": "/Script/FSD.Targetable"
                },
                "VariableName": "K2Node_DynamicCast_AsTargetable_1"
              }
            },
            "StatementIndex": 1277
          },
          {
            "Inst": "JumpIfNot",
            "Offset": 323,
            "Condition": {
              "Inst": "LocalVariable",
              "VariableType": {
                "PinCategory": "bool",
                "PinSubCategory": "bool"
              },
              "VariableName": "K2Node_DynamicCast_bSuccess_2"
            },
            "StatementIndex": 1306
          },
          {
            "Inst": "LetObj",
            "Variable": {
              "Inst": "LocalVariable",
              "VariableType": {
                "PinCategory": "Object",
                "PinSubCategory": "Object",
                "PinSubCategoryObject": "/Script/FSD.HealthComponentBase"
              },
              "VariableName": "CallFunc_GetTargetHealthComponent_ReturnValue_1"
            },
            "Expression": {
              "Inst": "Context",
              "Context": {
                "Inst": "InterfaceContext",
                "Expression": {
                  "Inst": "LocalVariable",
                  "VariableType": {
                    "PinCategory": "Interface",
                    "PinSubCategory": "Interface",
                    "PinSubCategoryObject": "/Script/FSD.Targetable"
                  },
                  "VariableName": "K2Node_DynamicCast_AsTargetable_1"
                }
              },
              "SkipOffsetForNull": 14,
              "RValuePropertyType": {
                "PinCategory": "Object",
                "PinSubCategory": "Object",
                "PinSubCategoryObject": "/Script/FSD.HealthComponentBase"
              },
              "RValuePropertyName": "CallFunc_GetTargetHealthComponent_ReturnValue_1",
              "Expression": {
                "Inst": "VirtualFunction",
                "Function": "GetTargetHealthComponent",
                "Parameters": []
              }
            },
            "StatementIndex": 1320
          },
          {
            "Inst": "LetObj",
            "Variable": {
              "Inst": "LocalVariable",
              "VariableType": {
                "PinCategory": "Object",
                "PinSubCategory": "Object",
                "PinSubCategoryObject": "/Script/FSD.HealthComponentBase"
              },
              "VariableName": "Temp_object_Variable_1"
            },
            "Expression": {
              "Inst": "LocalVariable",
              "VariableType": {
                "PinCategory": "Object",
                "PinSubCategory": "Object",
                "PinSubCategoryObject": "/Script/FSD.HealthComponentBase"
              },
              "VariableName": "CallFunc_GetTargetHealthComponent_ReturnValue_1"
            },
            "StatementIndex": 1367
          },
          {
            "Inst": "Jump",
            "Offset": 334,
            "StatementIndex": 1386
          },
          {
            "Inst": "Return",
            "Expression": {
              "Inst": "Nothing"
            },
            "StatementIndex": 1391
          },
          {
            "Inst": "EndOfScript",
            "StatementIndex": 1393
          }
        ],
        "FunctionFlags": "32769"
      }
    ],
    "ChildProperties": [
      {
        "FieldKind": "Property",
        "ObjectClass": "StructProperty",
        "ObjectName": "UberGraphFrame",
        "ArrayDim": 1,
        "PropertyFlags": "2105344",
        "RepNotifyFunc": "None",
        "BlueprintReplicationCondition": 0,
        "Struct": 32
      },
      {
        "FieldKind": "Property",
        "ObjectClass": "StructProperty",
        "ObjectName": "TargetKey",
        "ArrayDim": 1,
        "PropertyFlags": "5",
        "RepNotifyFunc": "None",
        "BlueprintReplicationCondition": 0,
        "Struct": 31
      },
      {
        "FieldKind": "Property",
        "ObjectClass": "StructProperty",
        "ObjectName": "AllowedTargets",
        "ArrayDim": 1,
        "PropertyFlags": "5",
        "RepNotifyFunc": "None",
        "BlueprintReplicationCondition": 0,
        "Struct": 33
      }
    ],
    "ClassFlags": "264208",
    "ClassWithin": 7,
    "ClassConfigName": "Game",
    "Interfaces": [],
    "ClassDefaultObject": 35,
    "AssetObjectData": {
      "SimpleConstructionScript": -1,
      "$ReferencedObjects": []
    },
    "GeneratedVariableNames": []
  },
  "ObjectHierarchy": [
    {
      "ObjectIndex": 0,
      "Type": "Import",
      "ClassPackage": "/Script/Engine",
      "ClassName": "BlueprintGeneratedClass",
      "Outer": 28,
      "ObjectName": "Default__BlueprintGeneratedClass"
    },
    {
      "ObjectIndex": 1,
      "Type": "Import",
      "ClassPackage": "/Script/AIModule",
      "ClassName": "BTService_BlueprintBase",
      "Outer": 26,
      "ObjectName": "Default__BTService_BlueprintBase"
    },
    {
      "ObjectIndex": 2,
      "Type": "Import",
      "ClassPackage": "/Script/CoreUObject",
      "ClassName": "Class",
      "Outer": 26,
      "ObjectName": "AIController"
    },
    {
      "ObjectIndex": 3,
      "Type": "Import",
      "ClassPackage": "/Script/CoreUObject",
      "ClassName": "Class",
      "Outer": 26,
      "ObjectName": "BTFunctionLibrary"
    },
    {
      "ObjectIndex": 4,
      "Type": "Import",
      "ClassPackage": "/Script/CoreUObject",
      "ClassName": "Class",
      "Outer": 26,
      "ObjectName": "BTService_BlueprintBase"
    },
    {
      "ObjectIndex": 5,
      "Type": "Import",
      "ClassPackage": "/Script/CoreUObject",
      "ClassName": "Class",
      "Outer": 26,
      "ObjectName": "PawnSensingComponent"
    },
    {
      "ObjectIndex": 6,
      "Type": "Import",
      "ClassPackage": "/Script/CoreUObject",
      "ClassName": "Class",
      "Outer": 27,
      "ObjectName": "Function"
    },
    {
      "ObjectIndex": 7,
      "Type": "Import",
      "ClassPackage": "/Script/CoreUObject",
      "ClassName": "Class",
      "Outer": 27,
      "ObjectName": "Object"
    },
    {
      "ObjectIndex": 8,
      "Type": "Import",
      "ClassPackage": "/Script/CoreUObject",
      "ClassName": "Class",
      "Outer": 28,
      "ObjectName": "Actor"
    },
    {
      "ObjectIndex": 9,
      "Type": "Import",
      "ClassPackage": "/Script/CoreUObject",
      "ClassName": "Class",
      "Outer": 28,
      "ObjectName": "BlueprintGeneratedClass"
    },
    {
      "ObjectIndex": 10,
      "Type": "Import",
      "ClassPackage": "/Script/CoreUObject",
      "ClassName": "Class",
      "Outer": 28,
      "ObjectName": "KismetMathLibrary"
    },
    {
      "ObjectIndex": 11,
      "Type": "Import",
      "ClassPackage": "/Script/CoreUObject",
      "ClassName": "Class",
      "Outer": 28,
      "ObjectName": "KismetSystemLibrary"
    },
    {
      "ObjectIndex": 12,
      "Type": "Import",
      "ClassPackage": "/Script/CoreUObject",
      "ClassName": "Class",
      "Outer": 28,
      "ObjectName": "Pawn"
    },
    {
      "ObjectIndex": 13,
      "Type": "Import",
      "ClassPackage": "/Script/CoreUObject",
      "ClassName": "Class",
      "Outer": 29,
      "ObjectName": "HealthComponentBase"
    },
    {
      "ObjectIndex": 14,
      "Type": "Import",
      "ClassPackage": "/Script/CoreUObject",
      "ClassName": "Class",
      "Outer": 29,
      "ObjectName": "Targetable"
    },
    {
      "ObjectIndex": 15,
      "Type": "Import",
      "ClassPackage": "/Script/CoreUObject",
      "ClassName": "Class",
      "Outer": 30,
      "ObjectName": "GameplayTagAssetInterface"
    },
    {
      "ObjectIndex": 16,
      "Type": "Import",
      "ClassPackage": "/Script/CoreUObject",
      "ClassName": "DelegateFunction",
      "Outer": 5,
      "ObjectName": "SeePawnDelegate__DelegateSignature"
    },
    {
      "ObjectIndex": 17,
      "Type": "Import",
      "ClassPackage": "/Script/CoreUObject",
      "ClassName": "Function",
      "Outer": 3,
      "ObjectName": "GetBlackboardValueAsActor"
    },
    {
      "ObjectIndex": 18,
      "Type": "Import",
      "ClassPackage": "/Script/CoreUObject",
      "ClassName": "Function",
      "Outer": 3,
      "ObjectName": "SetBlackboardValueAsObject"
    },
    {
      "ObjectIndex": 19,
      "Type": "Import",
      "ClassPackage": "/Script/CoreUObject",
      "ClassName": "Function",
      "Outer": 4,
      "ObjectName": "ReceiveSearchStartAI"
    },
    {
      "ObjectIndex": 20,
      "Type": "Import",
      "ClassPackage": "/Script/CoreUObject",
      "ClassName": "Function",
      "Outer": 4,
      "ObjectName": "ReceiveTickAI"
    },
    {
      "ObjectIndex": 21,
      "Type": "Import",
      "ClassPackage": "/Script/CoreUObject",
      "ClassName": "Function",
      "Outer": 27,
      "ObjectName": "Default__Function"
    },
    {
      "ObjectIndex": 22,
      "Type": "Import",
      "ClassPackage": "/Script/CoreUObject",
      "ClassName": "Function",
      "Outer": 8,
      "ObjectName": "GetComponentByClass"
    },
    {
      "ObjectIndex": 23,
      "Type": "Import",
      "ClassPackage": "/Script/CoreUObject",
      "ClassName": "Function",
      "Outer": 10,
      "ObjectName": "BooleanAND"
    },
    {
      "ObjectIndex": 24,
      "Type": "Import",
      "ClassPackage": "/Script/CoreUObject",
      "ClassName": "Function",
      "Outer": 11,
      "ObjectName": "DoesImplementInterface"
    },
    {
      "ObjectIndex": 25,
      "Type": "Import",
      "ClassPackage": "/Script/CoreUObject",
      "ClassName": "Function",
      "Outer": 11,
      "ObjectName": "IsValid"
    },
    {
      "ObjectIndex": 26,
      "Type": "Import",
      "ClassPackage": "/Script/CoreUObject",
      "ClassName": "Package",
      "ObjectName": "/Script/AIModule"
    },
    {
      "ObjectIndex": 27,
      "Type": "Import",
      "ClassPackage": "/Script/CoreUObject",
      "ClassName": "Package",
      "ObjectName": "/Script/CoreUObject"
    },
    {
      "ObjectIndex": 28,
      "Type": "Import",
      "ClassPackage": "/Script/CoreUObject",
      "ClassName": "Package",
      "ObjectName": "/Script/Engine"
    },
    {
      "ObjectIndex": 29,
      "Type": "Import",
      "ClassPackage": "/Script/CoreUObject",
      "ClassName": "Package",
      "ObjectName": "/Script/FSD"
    },
    {
      "ObjectIndex": 30,
      "Type": "Import",
      "ClassPackage": "/Script/CoreUObject",
      "ClassName": "Package",
      "ObjectName": "/Script/GameplayTags"
    },
    {
      "ObjectIndex": 31,
      "Type": "Import",
      "ClassPackage": "/Script/CoreUObject",
      "ClassName": "ScriptStruct",
      "Outer": 26,
      "ObjectName": "BlackboardKeySelector"
    },
    {
      "ObjectIndex": 32,
      "Type": "Import",
      "ClassPackage": "/Script/CoreUObject",
      "ClassName": "ScriptStruct",
      "Outer": 28,
      "ObjectName": "PointerToUberGraphFrame"
    },
    {
      "ObjectIndex": 33,
      "Type": "Import",
      "ClassPackage": "/Script/CoreUObject",
      "ClassName": "ScriptStruct",
      "Outer": 30,
      "ObjectName": "GameplayTagContainer"
    },
    {
      "ObjectIndex": 34,
      "Type": "Export",
      "ObjectMark": "$AssetObject$"
    },
    {
      "ObjectIndex": 35,
      "Type": "Export",
      "ObjectClass": 34,
      "Outer": -1,
      "ObjectName": "Default__SER_FindTargetViaSenses_C",
      "ObjectFlags": 49,
      "Properties": {
        "UberGraphFrame": {},
        "TargetKey": {
          "AllowedTypes": [],
          "SelectedKeyName": "None",
          "SelectedKeyType": -1,
          "SelectedKeyID": 255,
          "bNoneIsAllowedValue": false
        },
        "AllowedTargets": {
          "AllowedTargets": []
        },
        "$ReferencedObjects": [
          -1
        ]
      }
    }
  ]
}