{
  "AssetClass": "UserDefinedEnum",
  "AssetPackage": "/Game/Art/Environments/SpaceRig/Furniture/ENUM_ModularLamps",
  "AssetName": "ENUM_ModularLamps",
  "AssetSerializedData": {
    "SkipDependecies": false,
    "Names": [
      {
        "Value": 0,
        "Name": "ENUM_ModularLamps::NewEnumerator4"
      },
      {
        "Value": 1,
        "Name": "ENUM_ModularLamps::NewEnumerator0"
      },
      {
        "Value": 2,
        "Name": "ENUM_ModularLamps::NewEnumerator1"
      },
      {
        "Value": 3,
        "Name": "ENUM_ModularLamps::NewEnumerator2"
      },
      {
        "Value": 4,
        "Name": "ENUM_ModularLamps::NewEnumerator14"
      },
      {
        "Value": 5,
        "Name": "ENUM_ModularLamps::NewEnumerator7"
      },
      {
        "Value": 6,
        "Name": "ENUM_ModularLamps::NewEnumerator8"
      },
      {
        "Value": 7,
        "Name": "ENUM_ModularLamps::NewEnumerator9"
      },
      {
        "Value": 8,
        "Name": "ENUM_ModularLamps::NewEnumerator10"
      },
      {
        "Value": 9,
        "Name": "ENUM_ModularLamps::NewEnumerator5"
      },
      {
        "Value": 10,
        "Name": "ENUM_ModularLamps::NewEnumerator6"
      },
      {
        "Value": 11,
        "Name": "ENUM_ModularLamps::NewEnumerator11"
      },
      {
        "Value": 12,
        "Name": "ENUM_ModularLamps::NewEnumerator12"
      },
      {
        "Value": 13,
        "Name": "ENUM_ModularLamps::NewEnumerator15"
      },
      {
        "Value": 14,
        "Name": "ENUM_ModularLamps::NewEnumerator16"
      },
      {
        "Value": 15,
        "Name": "ENUM_ModularLamps::NewEnumerator17"
      },
      {
        "Value": 16,
        "Name": "ENUM_ModularLamps::ENUM_MAX"
      }
    ],
    "CppForm": 1,
    "DisplayNameMap": [
      {
        "Name": "NewEnumerator0",
        "DisplayName": "INVTEXT(\"Flourescent 01\")"
      },
      {
        "Name": "NewEnumerator1",
        "DisplayName": "INVTEXT(\"Flourescent 02\")"
      },
      {
        "Name": "NewEnumerator2",
        "DisplayName": "INVTEXT(\"Flourescent 03\")"
      },
      {
        "Name": "NewEnumerator4",
        "DisplayName": "INVTEXT(\"- None -\")"
      },
      {
        "Name": "NewEnumerator5",
        "DisplayName": "INVTEXT(\"Hanging 01\")"
      },
      {
        "Name": "NewEnumerator6",
        "DisplayName": "INVTEXT(\"Hanging 02\")"
      },
      {
        "Name": "NewEnumerator7",
        "DisplayName": "INVTEXT(\"Wall 01\")"
      },
      {
        "Name": "NewEnumerator8",
        "DisplayName": "INVTEXT(\"Wall 02\")"
      },
      {
        "Name": "NewEnumerator9",
        "DisplayName": "INVTEXT(\"Wall 03\")"
      },
      {
        "Name": "NewEnumerator10",
        "DisplayName": "INVTEXT(\"Wall 04\")"
      },
      {
        "Name": "NewEnumerator11",
        "DisplayName": "INVTEXT(\"Spot 01\")"
      },
      {
        "Name": "NewEnumerator12",
        "DisplayName": "INVTEXT(\"Spot 02\")"
      },
      {
        "Name": "NewEnumerator14",
        "DisplayName": "INVTEXT(\"Flourescent 04\")"
      },
      {
        "Name": "NewEnumerator15",
        "DisplayName": "INVTEXT(\"Standing 01\")"
      },
      {
        "Name": "NewEnumerator16",
        "DisplayName": "INVTEXT(\"Standing 02\")"
      },
      {
        "Name": "NewEnumerator17",
        "DisplayName": "INVTEXT(\"Standing 03\")"
      }
    ]
  },
  "ObjectHierarchy": [
    {
      "ObjectIndex": 0,
      "Type": "Import",
      "ClassPackage": "/Script/CoreUObject",
      "ClassName": "Class",
      "Outer": 1,
      "ObjectName": "UserDefinedEnum"
    },
    {
      "ObjectIndex": 1,
      "Type": "Import",
      "ClassPackage": "/Script/CoreUObject",
      "ClassName": "Package",
      "ObjectName": "/Script/Engine"
    },
    {
      "ObjectIndex": 2,
      "Type": "Import",
      "ClassPackage": "/Script/Engine",
      "ClassName": "UserDefinedEnum",
      "Outer": 1,
      "ObjectName": "Default__UserDefinedEnum"
    },
    {
      "ObjectIndex": 3,
      "Type": "Export",
      "ObjectMark": "$AssetObject$"
    }
  ]
}