{
  "AssetClass": "Skeleton",
  "AssetPackage": "/Game/Art/DropPod/Assets/OreBox/SK_DropPod_OreBox_Skeleton",
  "AssetName": "SK_DropPod_OreBox_Skeleton",
  "AssetSerializedData": {
    "SkipDependecies": false,
    "ReferenceSkeleton": {
      "Bones": [
        {
          "Name": "Root_OreBox",
          "ParentIndex": -1,
          "Index": 0,
          "Pose": "0.000000,0.000000,0.000000|-0.000000,0.000000,0.000000|1.000000,1.000000,1.000000"
        },
        {
          "Name": "OreBox_LidLower",
          "ParentIndex": 0,
          "Index": 1,
          "Pose": "-0.000053,325.858521,84.106010|0.000000,-0.000000,0.000000|1.000000,1.000000,1.000000"
        },
        {
          "Name": "OreBox_LidUpper",
          "ParentIndex": 1,
          "Index": 2,
          "Pose": "-0.000005,7.006348,39.246979|0.000000,-0.000000,0.000000|1.000000,1.000000,1.000000"
        },
        {
          "Name": "OreBox_Tray",
          "ParentIndex": 0,
          "Index": 3,
          "Pose": "-0.000080,254.262497,107.071762|0.000000,-0.000000,0.000000|1.000000,1.000000,1.000000"
        },
        {
          "Name": "OreBox_GrinderLower",
          "ParentIndex": 3,
          "Index": 4,
          "Pose": "0.044027,21.817825,-0.506439|0.000000,-0.000000,0.000000|1.000000,1.000000,1.000000"
        },
        {
          "Name": "OreBox_GrinderUpper",
          "ParentIndex": 3,
          "Index": 5,
          "Pose": "0.044034,8.373184,37.375488|0.000000,-0.000000,0.000000|1.000000,1.000000,1.000000"
        }
      ]
    },
    "AnimRetargetSources": [],
    "BoneTree": [
      0,
      0,
      0,
      0,
      0,
      0
    ],
    "VirtualBones": [],
    "AssetObjectData": {
      "BlendProfiles": [],
      "$ReferencedObjects": []
    }
  },
  "ObjectHierarchy": [
    {
      "ObjectIndex": 0,
      "Type": "Import",
      "ClassPackage": "/Script/CoreUObject",
      "ClassName": "Class",
      "Outer": 1,
      "ObjectName": "Skeleton"
    },
    {
      "ObjectIndex": 1,
      "Type": "Import",
      "ClassPackage": "/Script/CoreUObject",
      "ClassName": "Package",
      "ObjectName": "/Script/Engine"
    },
    {
      "ObjectIndex": 2,
      "Type": "Import",
      "ClassPackage": "/Script/Engine",
      "ClassName": "Skeleton",
      "Outer": 1,
      "ObjectName": "Default__Skeleton"
    },
    {
      "ObjectIndex": 3,
      "Type": "Export",
      "ObjectMark": "$AssetObject$"
    }
  ]
}