{
  "AssetClass": "Blueprint",
  "AssetPackage": "/Game/Art/Environments/SpaceRig/Big_Structures/BP_SpinningFan01",
  "AssetName": "BP_SpinningFan01",
  "AssetSerializedData": {
    "SkipDependecies": false,
    "SuperStruct": 10,
    "Children": [
      {
        "FieldKind": "Function",
        "ObjectClass": "Function",
        "ObjectName": "SetSpeed",
        "SuperStruct": -1,
        "Children": [],
        "ChildProperties": [
          {
            "FieldKind": "Property",
            "ObjectClass": "FloatProperty",
            "ObjectName": "Speed",
            "ArrayDim": 1,
            "PropertyFlags": "148",
            "RepNotifyFunc": "None",
            "BlueprintReplicationCondition": 0
          },
          {
            "FieldKind": "Property",
            "ObjectClass": "StructProperty",
            "ObjectName": "CallFunc_MakeRotator_ReturnValue",
            "ArrayDim": 1,
            "PropertyFlags": "0",
            "RepNotifyFunc": "None",
            "BlueprintReplicationCondition": 0,
            "Struct": 24
          }
        ],
        "Script": [
          {
            "Inst": "Let",
            "Variable": {
              "Inst": "InstanceVariable",
              "VariableType": {
                "PinCategory": "Float",
                "PinSubCategory": "Float"
              },
              "VariableName": "Speed"
            },
            "Expression": {
              "Inst": "LocalVariable",
              "VariableType": {
                "PinCategory": "Float",
                "PinSubCategory": "Float"
              },
              "VariableName": "Speed"
            },
            "StatementIndex": 0
          },
          {
            "Inst": "Let",
            "Variable": {
              "Inst": "LocalVariable",
              "VariableType": {
                "PinCategory": "Struct",
                "PinSubCategory": "Struct",
                "PinSubCategoryObject": "/Script/CoreUObject.Rotator"
              },
              "VariableName": "CallFunc_MakeRotator_ReturnValue"
            },
            "Expression": {
              "Inst": "CallMath",
              "Function": "MakeRotator",
              "ContextClass": "/Script/Engine.KismetMathLibrary",
              "Parameters": [
                {
                  "Inst": "FloatConst",
                  "Value": 0.0
                },
                {
                  "Inst": "FloatConst",
                  "Value": 0.0
                },
                {
                  "Inst": "InstanceVariable",
                  "VariableType": {
                    "PinCategory": "Float",
                    "PinSubCategory": "Float"
                  },
                  "VariableName": "Speed"
                }
              ]
            },
            "StatementIndex": 27
          },
          {
            "Inst": "Let",
            "Variable": {
              "Inst": "Context",
              "Context": {
                "Inst": "InstanceVariable",
                "VariableType": {
                  "PinCategory": "Object",
                  "PinSubCategory": "Object",
                  "PinSubCategoryObject": "/Script/Engine.RotatingMovementComponent"
                },
                "VariableName": "RotatingMovement"
              },
              "SkipOffsetForNull": 9,
              "RValuePropertyType": "##NOT SERIALIZED##",
              "RValuePropertyName": "RotationRate",
              "Expression": {
                "Inst": "InstanceVariable",
                "VariableType": "##NOT SERIALIZED##",
                "VariableName": "RotationRate"
              }
            },
            "Expression": {
              "Inst": "LocalVariable",
              "VariableType": {
                "PinCategory": "Struct",
                "PinSubCategory": "Struct",
                "PinSubCategoryObject": "/Script/CoreUObject.Rotator"
              },
              "VariableName": "CallFunc_MakeRotator_ReturnValue"
            },
            "StatementIndex": 74
          },
          {
            "Inst": "Return",
            "Expression": {
              "Inst": "Nothing"
            },
            "StatementIndex": 123
          },
          {
            "Inst": "EndOfScript",
            "StatementIndex": 125
          }
        ],
        "FunctionFlags": "201457664"
      },
      {
        "FieldKind": "Function",
        "ObjectClass": "Function",
        "ObjectName": "ReceiveBeginPlay",
        "SuperStruct": 13,
        "Children": [],
        "ChildProperties": [],
        "Script": [
          {
            "Inst": "LocalFinalFunction",
            "Function": "ExecuteUbergraph_BP_SpinningFan01",
            "Parameters": [
              {
                "Inst": "IntConst",
                "Value": 10
              }
            ],
            "StatementIndex": 0
          },
          {
            "Inst": "Return",
            "Expression": {
              "Inst": "Nothing"
            },
            "StatementIndex": 15
          },
          {
            "Inst": "EndOfScript",
            "StatementIndex": 17
          }
        ],
        "FunctionFlags": "134744064"
      },
      {
        "FieldKind": "Function",
        "ObjectClass": "Function",
        "ObjectName": "ExecuteUbergraph_BP_SpinningFan01",
        "SuperStruct": -1,
        "Children": [],
        "ChildProperties": [
          {
            "FieldKind": "Property",
            "ObjectClass": "IntProperty",
            "ObjectName": "EntryPoint",
            "ArrayDim": 1,
            "PropertyFlags": "148",
            "RepNotifyFunc": "None",
            "BlueprintReplicationCondition": 0
          }
        ],
        "Script": [
          {
            "Inst": "ComputedJump",
            "OffsetExpression": {
              "Inst": "LocalVariable",
              "VariableType": {
                "PinCategory": "int",
                "PinSubCategory": "int"
              },
              "VariableName": "EntryPoint"
            },
            "StatementIndex": 0
          },
          {
            "Inst": "LocalVirtualFunction",
            "FunctionName": "SetSpeed",
            "Parameters": [
              {
                "Inst": "InstanceVariable",
                "VariableType": {
                  "PinCategory": "Float",
                  "PinSubCategory": "Float"
                },
                "VariableName": "Speed"
              }
            ],
            "StatementIndex": 10
          },
          {
            "Inst": "Return",
            "Expression": {
              "Inst": "Nothing"
            },
            "StatementIndex": 33
          },
          {
            "Inst": "EndOfScript",
            "StatementIndex": 35
          }
        ],
        "FunctionFlags": "32769"
      }
    ],
    "ChildProperties": [
      {
        "FieldKind": "Property",
        "ObjectClass": "StructProperty",
        "ObjectName": "UberGraphFrame",
        "ArrayDim": 1,
        "PropertyFlags": "2105344",
        "RepNotifyFunc": "None",
        "BlueprintReplicationCondition": 0,
        "Struct": 25
      },
      {
        "FieldKind": "Property",
        "ObjectClass": "ObjectProperty",
        "ObjectName": "RotatingMovement",
        "ArrayDim": 1,
        "PropertyFlags": "17180393476",
        "RepNotifyFunc": "None",
        "BlueprintReplicationCondition": 0,
        "PropertyClass": 6
      },
      {
        "FieldKind": "Property",
        "ObjectClass": "FloatProperty",
        "ObjectName": "Speed",
        "ArrayDim": 1,
        "PropertyFlags": "5",
        "RepNotifyFunc": "None",
        "BlueprintReplicationCondition": 0
      }
    ],
    "ClassFlags": "8652820",
    "ClassWithin": 2,
    "ClassConfigName": "Engine",
    "Interfaces": [],
    "ClassDefaultObject": 32,
    "AssetObjectData": {
      "SimpleConstructionScript": 37,
      "$ReferencedObjects": [
        37
      ]
    },
    "GeneratedVariableNames": [
      "RotatingMovement"
    ]
  },
  "ObjectHierarchy": [
    {
      "ObjectIndex": 0,
      "Type": "Import",
      "ClassPackage": "/Script/Engine",
      "ClassName": "BlueprintGeneratedClass",
      "Outer": 21,
      "ObjectName": "Default__BlueprintGeneratedClass"
    },
    {
      "ObjectIndex": 1,
      "Type": "Import",
      "ClassPackage": "/Script/CoreUObject",
      "ClassName": "Class",
      "Outer": 20,
      "ObjectName": "Function"
    },
    {
      "ObjectIndex": 2,
      "Type": "Import",
      "ClassPackage": "/Script/CoreUObject",
      "ClassName": "Class",
      "Outer": 20,
      "ObjectName": "Object"
    },
    {
      "ObjectIndex": 3,
      "Type": "Import",
      "ClassPackage": "/Script/CoreUObject",
      "ClassName": "Class",
      "Outer": 21,
      "ObjectName": "Actor"
    },
    {
      "ObjectIndex": 4,
      "Type": "Import",
      "ClassPackage": "/Script/CoreUObject",
      "ClassName": "Class",
      "Outer": 21,
      "ObjectName": "BlueprintGeneratedClass"
    },
    {
      "ObjectIndex": 5,
      "Type": "Import",
      "ClassPackage": "/Script/CoreUObject",
      "ClassName": "Class",
      "Outer": 21,
      "ObjectName": "KismetMathLibrary"
    },
    {
      "ObjectIndex": 6,
      "Type": "Import",
      "ClassPackage": "/Script/CoreUObject",
      "ClassName": "Class",
      "Outer": 21,
      "ObjectName": "RotatingMovementComponent"
    },
    {
      "ObjectIndex": 7,
      "Type": "Import",
      "ClassPackage": "/Script/CoreUObject",
      "ClassName": "Class",
      "Outer": 21,
      "ObjectName": "SceneComponent"
    },
    {
      "ObjectIndex": 8,
      "Type": "Import",
      "ClassPackage": "/Script/CoreUObject",
      "ClassName": "Class",
      "Outer": 21,
      "ObjectName": "SCS_Node"
    },
    {
      "ObjectIndex": 9,
      "Type": "Import",
      "ClassPackage": "/Script/CoreUObject",
      "ClassName": "Class",
      "Outer": 21,
      "ObjectName": "SimpleConstructionScript"
    },
    {
      "ObjectIndex": 10,
      "Type": "Import",
      "ClassPackage": "/Script/CoreUObject",
      "ClassName": "Class",
      "Outer": 21,
      "ObjectName": "StaticMeshActor"
    },
    {
      "ObjectIndex": 11,
      "Type": "Import",
      "ClassPackage": "/Script/CoreUObject",
      "ClassName": "Class",
      "Outer": 21,
      "ObjectName": "StaticMeshComponent"
    },
    {
      "ObjectIndex": 12,
      "Type": "Import",
      "ClassPackage": "/Script/CoreUObject",
      "ClassName": "Function",
      "Outer": 20,
      "ObjectName": "Default__Function"
    },
    {
      "ObjectIndex": 13,
      "Type": "Import",
      "ClassPackage": "/Script/CoreUObject",
      "ClassName": "Function",
      "Outer": 3,
      "ObjectName": "ReceiveBeginPlay"
    },
    {
      "ObjectIndex": 14,
      "Type": "Import",
      "ClassPackage": "/Script/CoreUObject",
      "ClassName": "Function",
      "Outer": 5,
      "ObjectName": "MakeRotator"
    },
    {
      "ObjectIndex": 15,
      "Type": "Import",
      "ClassPackage": "/Script/Engine",
      "ClassName": "MaterialInstanceConstant",
      "Outer": 18,
      "ObjectName": "M_SpaceRig_Metal02_LS"
    },
    {
      "ObjectIndex": 16,
      "Type": "Import",
      "ClassPackage": "/Script/Engine",
      "ClassName": "MaterialInstanceConstant",
      "Outer": 19,
      "ObjectName": "M_SpaceRig_Metal08_LS"
    },
    {
      "ObjectIndex": 17,
      "Type": "Import",
      "ClassPackage": "/Script/CoreUObject",
      "ClassName": "Package",
      "ObjectName": "/Game/Art/Environments/SpaceRig/Big_Structures/SM_Spacerig_BigStructure_VentFanBlades"
    },
    {
      "ObjectIndex": 18,
      "Type": "Import",
      "ClassPackage": "/Script/CoreUObject",
      "ClassName": "Package",
      "ObjectName": "/Game/Art/Environments/SpaceRig/Materials/M_SpaceRig_Metal02_LS"
    },
    {
      "ObjectIndex": 19,
      "Type": "Import",
      "ClassPackage": "/Script/CoreUObject",
      "ClassName": "Package",
      "ObjectName": "/Game/Art/Environments/SpaceRig/Materials/M_SpaceRig_Metal08_LS"
    },
    {
      "ObjectIndex": 20,
      "Type": "Import",
      "ClassPackage": "/Script/CoreUObject",
      "ClassName": "Package",
      "ObjectName": "/Script/CoreUObject"
    },
    {
      "ObjectIndex": 21,
      "Type": "Import",
      "ClassPackage": "/Script/CoreUObject",
      "ClassName": "Package",
      "ObjectName": "/Script/Engine"
    },
    {
      "ObjectIndex": 22,
      "Type": "Import",
      "ClassPackage": "/Script/Engine",
      "ClassName": "RotatingMovementComponent",
      "Outer": 21,
      "ObjectName": "Default__RotatingMovementComponent"
    },
    {
      "ObjectIndex": 23,
      "Type": "Import",
      "ClassPackage": "/Script/Engine",
      "ClassName": "SceneComponent",
      "Outer": 21,
      "ObjectName": "Default__SceneComponent"
    },
    {
      "ObjectIndex": 24,
      "Type": "Import",
      "ClassPackage": "/Script/CoreUObject",
      "ClassName": "ScriptStruct",
      "Outer": 20,
      "ObjectName": "Rotator"
    },
    {
      "ObjectIndex": 25,
      "Type": "Import",
      "ClassPackage": "/Script/CoreUObject",
      "ClassName": "ScriptStruct",
      "Outer": 21,
      "ObjectName": "PointerToUberGraphFrame"
    },
    {
      "ObjectIndex": 26,
      "Type": "Import",
      "ClassPackage": "/Script/Engine",
      "ClassName": "SCS_Node",
      "Outer": 21,
      "ObjectName": "Default__SCS_Node"
    },
    {
      "ObjectIndex": 27,
      "Type": "Import",
      "ClassPackage": "/Script/Engine",
      "ClassName": "SimpleConstructionScript",
      "Outer": 21,
      "ObjectName": "Default__SimpleConstructionScript"
    },
    {
      "ObjectIndex": 28,
      "Type": "Import",
      "ClassPackage": "/Script/Engine",
      "ClassName": "StaticMesh",
      "Outer": 17,
      "ObjectName": "SM_Spacerig_BigStructure_VentFanBlades"
    },
    {
      "ObjectIndex": 29,
      "Type": "Import",
      "ClassPackage": "/Script/Engine",
      "ClassName": "StaticMeshActor",
      "Outer": 21,
      "ObjectName": "Default__StaticMeshActor"
    },
    {
      "ObjectIndex": 30,
      "Type": "Import",
      "ClassPackage": "/Script/Engine",
      "ClassName": "StaticMeshComponent",
      "Outer": 29,
      "ObjectName": "StaticMeshComponent0"
    },
    {
      "ObjectIndex": 31,
      "Type": "Export",
      "ObjectMark": "$AssetObject$"
    },
    {
      "ObjectIndex": 32,
      "Type": "Export",
      "ObjectClass": 31,
      "Outer": -1,
      "ObjectName": "Default__BP_SpinningFan01_C",
      "ObjectFlags": 49,
      "Properties": {
        "UberGraphFrame": {},
        "Speed": 15.0,
        "StaticMeshComponent": 38,
        "RootComponent": 38,
        "$ReferencedObjects": [
          38
        ]
      }
    },
    {
      "ObjectIndex": 33,
      "Type": "Export",
      "ObjectClass": 6,
      "Outer": 31,
      "ObjectName": "RotatingMovement_GEN_VARIABLE",
      "ObjectFlags": 41,
      "Properties": {
        "$ReferencedObjects": []
      }
    },
    {
      "ObjectIndex": 34,
      "Type": "Export",
      "ObjectClass": 7,
      "Outer": 31,
      "ObjectName": "DefaultSceneRoot_GEN_VARIABLE",
      "ObjectFlags": 41,
      "Properties": {
        "$ReferencedObjects": []
      }
    },
    {
      "ObjectIndex": 35,
      "Type": "Export",
      "ObjectClass": 8,
      "Outer": 37,
      "ObjectName": "SCS_Node_0",
      "ObjectFlags": 8,
      "Properties": {
        "ComponentClass": 7,
        "ComponentTemplate": 34,
        "VariableGuid": {
          "A": -817753867,
          "B": 1191004706,
          "C": -1602339686,
          "D": -1407720475
        },
        "InternalVariableName": "DefaultSceneRoot",
        "$ReferencedObjects": [
          7,
          34
        ]
      }
    },
    {
      "ObjectIndex": 36,
      "Type": "Export",
      "ObjectClass": 8,
      "Outer": 37,
      "ObjectName": "SCS_Node_1",
      "ObjectFlags": 8,
      "Properties": {
        "ComponentClass": 6,
        "ComponentTemplate": 33,
        "VariableGuid": {
          "A": 225570883,
          "B": 1116094476,
          "C": 2101992879,
          "D": -1205173103
        },
        "InternalVariableName": "RotatingMovement",
        "$ReferencedObjects": [
          6,
          33
        ]
      }
    },
    {
      "ObjectIndex": 37,
      "Type": "Export",
      "ObjectClass": 9,
      "Outer": 31,
      "ObjectName": "SimpleConstructionScript_0",
      "ObjectFlags": 8,
      "Properties": {
        "RootNodes": [
          36
        ],
        "AllNodes": [
          36
        ],
        "DefaultSceneRootNode": 35,
        "$ReferencedObjects": [
          36,
          35
        ]
      }
    },
    {
      "ObjectIndex": 38,
      "Type": "Export",
      "ObjectClass": 11,
      "Outer": 32,
      "ObjectName": "StaticMeshComponent0",
      "ObjectFlags": 262185,
      "Properties": {
        "StaticMesh": 28,
        "bUseDefaultCollision": false,
        "OverrideMaterials": [
          16,
          15
        ],
        "BodyInstance": {
          "ObjectType": "ECC_WorldDynamic",
          "CollisionProfileName": "BlockAllDynamic",
          "CollisionResponses": {
            "ResponseArray": [
              {
                "Channel": "LedgeGrab",
                "Response": "ECR_Block"
              },
              {
                "Channel": "TerrainPenetratingHitScan",
                "Response": "ECR_Block"
              }
            ]
          }
        },
        "Mobility": "EComponentMobility::Movable",
        "$ReferencedObjects": [
          28,
          16,
          15
        ]
      }
    }
  ]
}