{
  "AssetClass": "Blueprint",
  "AssetPackage": "/Game/Art/Environments/SpaceRig/PartyStreamers/BP_ConfettiPlane",
  "AssetName": "BP_ConfettiPlane",
  "AssetSerializedData": {
    "SkipDependecies": false,
    "SuperStruct": 4,
    "Children": [
      {
        "FieldKind": "Function",
        "ObjectClass": "Function",
        "ObjectName": "SetMaterial",
        "SuperStruct": -1,
        "Children": [],
        "ChildProperties": [
          {
            "FieldKind": "Property",
            "ObjectClass": "ObjectProperty",
            "ObjectName": "Material",
            "ArrayDim": 1,
            "PropertyFlags": "148",
            "RepNotifyFunc": "None",
            "BlueprintReplicationCondition": 0,
            "PropertyClass": 6
          }
        ],
        "Script": [
          {
            "Inst": "LetValueOnPersistentFrame",
            "PropertyName": "K2Node_CustomEvent_Material",
            "PropertyType": {
              "PinCategory": "Object",
              "PinSubCategory": "Object",
              "PinSubCategoryObject": "/Script/Engine.MaterialInterface"
            },
            "Expression": {
              "Inst": "LocalVariable",
              "VariableType": {
                "PinCategory": "Object",
                "PinSubCategory": "Object",
                "PinSubCategoryObject": "/Script/Engine.MaterialInterface"
              },
              "VariableName": "Material"
            },
            "StatementIndex": 0
          },
          {
            "Inst": "LocalFinalFunction",
            "Function": "ExecuteUbergraph_BP_ConfettiPlane",
            "Parameters": [
              {
                "Inst": "IntConst",
                "Value": 10
              }
            ],
            "StatementIndex": 18
          },
          {
            "Inst": "Return",
            "Expression": {
              "Inst": "Nothing"
            },
            "StatementIndex": 33
          },
          {
            "Inst": "EndOfScript",
            "StatementIndex": 35
          }
        ],
        "FunctionFlags": "201326592"
      },
      {
        "FieldKind": "Function",
        "ObjectClass": "Function",
        "ObjectName": "ExecuteUbergraph_BP_ConfettiPlane",
        "SuperStruct": -1,
        "Children": [],
        "ChildProperties": [
          {
            "FieldKind": "Property",
            "ObjectClass": "IntProperty",
            "ObjectName": "EntryPoint",
            "ArrayDim": 1,
            "PropertyFlags": "148",
            "RepNotifyFunc": "None",
            "BlueprintReplicationCondition": 0
          },
          {
            "FieldKind": "Property",
            "ObjectClass": "ObjectProperty",
            "ObjectName": "K2Node_CustomEvent_Material",
            "ArrayDim": 1,
            "PropertyFlags": "0",
            "RepNotifyFunc": "None",
            "BlueprintReplicationCondition": 0,
            "PropertyClass": 6
          }
        ],
        "Script": [
          {
            "Inst": "ComputedJump",
            "OffsetExpression": {
              "Inst": "LocalVariable",
              "VariableType": {
                "PinCategory": "int",
                "PinSubCategory": "int"
              },
              "VariableName": "EntryPoint"
            },
            "StatementIndex": 0
          },
          {
            "Inst": "Context",
            "Context": {
              "Inst": "InstanceVariable",
              "VariableType": {
                "PinCategory": "Object",
                "PinSubCategory": "Object",
                "PinSubCategoryObject": "/Script/Engine.StaticMeshComponent"
              },
              "VariableName": "StaticMeshComponent0"
            },
            "SkipOffsetForNull": 28,
            "Expression": {
              "Inst": "VirtualFunction",
              "Function": "SetMaterial",
              "Parameters": [
                {
                  "Inst": "IntConst",
                  "Value": 0
                },
                {
                  "Inst": "LocalVariable",
                  "VariableType": {
                    "PinCategory": "Object",
                    "PinSubCategory": "Object",
                    "PinSubCategoryObject": "/Script/Engine.MaterialInterface"
                  },
                  "VariableName": "K2Node_CustomEvent_Material"
                }
              ]
            },
            "StatementIndex": 10
          },
          {
            "Inst": "Return",
            "Expression": {
              "Inst": "Nothing"
            },
            "StatementIndex": 60
          },
          {
            "Inst": "EndOfScript",
            "StatementIndex": 62
          }
        ],
        "FunctionFlags": "32769"
      }
    ],
    "ChildProperties": [
      {
        "FieldKind": "Property",
        "ObjectClass": "StructProperty",
        "ObjectName": "UberGraphFrame",
        "ArrayDim": 1,
        "PropertyFlags": "2105344",
        "RepNotifyFunc": "None",
        "BlueprintReplicationCondition": 0,
        "Struct": 18
      },
      {
        "FieldKind": "Property",
        "ObjectClass": "ObjectProperty",
        "ObjectName": "StaticMeshComponent0",
        "ArrayDim": 1,
        "PropertyFlags": "17180393476",
        "RepNotifyFunc": "None",
        "BlueprintReplicationCondition": 0,
        "PropertyClass": 10
      },
      {
        "FieldKind": "Property",
        "ObjectClass": "ObjectProperty",
        "ObjectName": "Scene",
        "ArrayDim": 1,
        "PropertyFlags": "17180393476",
        "RepNotifyFunc": "None",
        "BlueprintReplicationCondition": 0,
        "PropertyClass": 7
      }
    ],
    "ClassFlags": "8652820",
    "ClassWithin": 3,
    "ClassConfigName": "Engine",
    "Interfaces": [],
    "ClassDefaultObject": 24,
    "AssetObjectData": {
      "SimpleConstructionScript": 30,
      "$ReferencedObjects": [
        30
      ]
    },
    "GeneratedVariableNames": [
      "Scene",
      "StaticMeshComponent0"
    ]
  },
  "ObjectHierarchy": [
    {
      "ObjectIndex": 0,
      "Type": "Import",
      "ClassPackage": "/Script/Engine",
      "ClassName": "Actor",
      "Outer": 16,
      "ObjectName": "Default__Actor"
    },
    {
      "ObjectIndex": 1,
      "Type": "Import",
      "ClassPackage": "/Script/Engine",
      "ClassName": "BlueprintGeneratedClass",
      "Outer": 16,
      "ObjectName": "Default__BlueprintGeneratedClass"
    },
    {
      "ObjectIndex": 2,
      "Type": "Import",
      "ClassPackage": "/Script/CoreUObject",
      "ClassName": "Class",
      "Outer": 15,
      "ObjectName": "Function"
    },
    {
      "ObjectIndex": 3,
      "Type": "Import",
      "ClassPackage": "/Script/CoreUObject",
      "ClassName": "Class",
      "Outer": 15,
      "ObjectName": "Object"
    },
    {
      "ObjectIndex": 4,
      "Type": "Import",
      "ClassPackage": "/Script/CoreUObject",
      "ClassName": "Class",
      "Outer": 16,
      "ObjectName": "Actor"
    },
    {
      "ObjectIndex": 5,
      "Type": "Import",
      "ClassPackage": "/Script/CoreUObject",
      "ClassName": "Class",
      "Outer": 16,
      "ObjectName": "BlueprintGeneratedClass"
    },
    {
      "ObjectIndex": 6,
      "Type": "Import",
      "ClassPackage": "/Script/CoreUObject",
      "ClassName": "Class",
      "Outer": 16,
      "ObjectName": "MaterialInterface"
    },
    {
      "ObjectIndex": 7,
      "Type": "Import",
      "ClassPackage": "/Script/CoreUObject",
      "ClassName": "Class",
      "Outer": 16,
      "ObjectName": "SceneComponent"
    },
    {
      "ObjectIndex": 8,
      "Type": "Import",
      "ClassPackage": "/Script/CoreUObject",
      "ClassName": "Class",
      "Outer": 16,
      "ObjectName": "SCS_Node"
    },
    {
      "ObjectIndex": 9,
      "Type": "Import",
      "ClassPackage": "/Script/CoreUObject",
      "ClassName": "Class",
      "Outer": 16,
      "ObjectName": "SimpleConstructionScript"
    },
    {
      "ObjectIndex": 10,
      "Type": "Import",
      "ClassPackage": "/Script/CoreUObject",
      "ClassName": "Class",
      "Outer": 16,
      "ObjectName": "StaticMeshComponent"
    },
    {
      "ObjectIndex": 11,
      "Type": "Import",
      "ClassPackage": "/Script/CoreUObject",
      "ClassName": "Function",
      "Outer": 15,
      "ObjectName": "Default__Function"
    },
    {
      "ObjectIndex": 12,
      "Type": "Import",
      "ClassPackage": "/Script/Engine",
      "ClassName": "MaterialInstanceConstant",
      "Outer": 14,
      "ObjectName": "M_Confetti01"
    },
    {
      "ObjectIndex": 13,
      "Type": "Import",
      "ClassPackage": "/Script/CoreUObject",
      "ClassName": "Package",
      "ObjectName": "/Game/Art/BasicArtAssets/Primitives/SM_Prim_Plane_Horisontal"
    },
    {
      "ObjectIndex": 14,
      "Type": "Import",
      "ClassPackage": "/Script/CoreUObject",
      "ClassName": "Package",
      "ObjectName": "/Game/Art/Environments/SpaceRig/PartyStreamers/M_Confetti01"
    },
    {
      "ObjectIndex": 15,
      "Type": "Import",
      "ClassPackage": "/Script/CoreUObject",
      "ClassName": "Package",
      "ObjectName": "/Script/CoreUObject"
    },
    {
      "ObjectIndex": 16,
      "Type": "Import",
      "ClassPackage": "/Script/CoreUObject",
      "ClassName": "Package",
      "ObjectName": "/Script/Engine"
    },
    {
      "ObjectIndex": 17,
      "Type": "Import",
      "ClassPackage": "/Script/Engine",
      "ClassName": "SceneComponent",
      "Outer": 16,
      "ObjectName": "Default__SceneComponent"
    },
    {
      "ObjectIndex": 18,
      "Type": "Import",
      "ClassPackage": "/Script/CoreUObject",
      "ClassName": "ScriptStruct",
      "Outer": 16,
      "ObjectName": "PointerToUberGraphFrame"
    },
    {
      "ObjectIndex": 19,
      "Type": "Import",
      "ClassPackage": "/Script/Engine",
      "ClassName": "SCS_Node",
      "Outer": 16,
      "ObjectName": "Default__SCS_Node"
    },
    {
      "ObjectIndex": 20,
      "Type": "Import",
      "ClassPackage": "/Script/Engine",
      "ClassName": "SimpleConstructionScript",
      "Outer": 16,
      "ObjectName": "Default__SimpleConstructionScript"
    },
    {
      "ObjectIndex": 21,
      "Type": "Import",
      "ClassPackage": "/Script/Engine",
      "ClassName": "StaticMesh",
      "Outer": 13,
      "ObjectName": "SM_Prim_Plane_Horisontal"
    },
    {
      "ObjectIndex": 22,
      "Type": "Import",
      "ClassPackage": "/Script/Engine",
      "ClassName": "StaticMeshComponent",
      "Outer": 16,
      "ObjectName": "Default__StaticMeshComponent"
    },
    {
      "ObjectIndex": 23,
      "Type": "Export",
      "ObjectMark": "$AssetObject$"
    },
    {
      "ObjectIndex": 24,
      "Type": "Export",
      "ObjectClass": 23,
      "Outer": -1,
      "ObjectName": "Default__BP_ConfettiPlane_C",
      "ObjectFlags": 49,
      "Properties": {
        "UberGraphFrame": {},
        "$ReferencedObjects": []
      }
    },
    {
      "ObjectIndex": 25,
      "Type": "Export",
      "ObjectClass": 7,
      "Outer": 23,
      "ObjectName": "DefaultSceneRoot_GEN_VARIABLE",
      "ObjectFlags": 41,
      "Properties": {
        "$ReferencedObjects": []
      }
    },
    {
      "ObjectIndex": 26,
      "Type": "Export",
      "ObjectClass": 7,
      "Outer": 23,
      "ObjectName": "Scene_GEN_VARIABLE",
      "ObjectFlags": 41,
      "Properties": {
        "$ReferencedObjects": []
      }
    },
    {
      "ObjectIndex": 27,
      "Type": "Export",
      "ObjectClass": 8,
      "Outer": 30,
      "ObjectName": "SCS_Node_0",
      "ObjectFlags": 8,
      "Properties": {
        "ComponentClass": 7,
        "ComponentTemplate": 25,
        "VariableGuid": {
          "A": -901774807,
          "B": 1093024551,
          "C": 1362194062,
          "D": 296402302
        },
        "InternalVariableName": "DefaultSceneRoot",
        "$ReferencedObjects": [
          7,
          25
        ]
      }
    },
    {
      "ObjectIndex": 28,
      "Type": "Export",
      "ObjectClass": 8,
      "Outer": 30,
      "ObjectName": "SCS_Node_1",
      "ObjectFlags": 8,
      "Properties": {
        "ComponentClass": 10,
        "ComponentTemplate": 31,
        "VariableGuid": {
          "A": 1491235270,
          "B": 1140755520,
          "C": 1140680839,
          "D": 1999981485
        },
        "InternalVariableName": "StaticMeshComponent0",
        "$ReferencedObjects": [
          10,
          31
        ]
      }
    },
    {
      "ObjectIndex": 29,
      "Type": "Export",
      "ObjectClass": 8,
      "Outer": 30,
      "ObjectName": "SCS_Node_2",
      "ObjectFlags": 8,
      "Properties": {
        "ComponentClass": 7,
        "ComponentTemplate": 26,
        "ChildNodes": [
          28
        ],
        "VariableGuid": {
          "A": -655235618,
          "B": 1202748383,
          "C": 835203259,
          "D": 2010816327
        },
        "InternalVariableName": "Scene",
        "$ReferencedObjects": [
          7,
          26,
          28
        ]
      }
    },
    {
      "ObjectIndex": 30,
      "Type": "Export",
      "ObjectClass": 9,
      "Outer": 23,
      "ObjectName": "SimpleConstructionScript_0",
      "ObjectFlags": 8,
      "Properties": {
        "RootNodes": [
          29
        ],
        "AllNodes": [
          29,
          28
        ],
        "DefaultSceneRootNode": 27,
        "$ReferencedObjects": [
          29,
          28,
          27
        ]
      }
    },
    {
      "ObjectIndex": 31,
      "Type": "Export",
      "ObjectClass": 10,
      "Outer": 23,
      "ObjectName": "StaticMeshComponent0_GEN_VARIABLE",
      "ObjectFlags": 41,
      "Properties": {
        "StaticMesh": 21,
        "OverrideMaterials": [
          12
        ],
        "bGenerateOverlapEvents": false,
        "CanCharacterStepUpOn": "ECB_No",
        "BodyInstance": {
          "ObjectType": "ECC_WorldStatic",
          "CollisionEnabled": "ECollisionEnabled::NoCollision",
          "CollisionProfileName": "NoCollision",
          "CollisionResponses": {
            "ResponseArray": [
              {
                "Channel": "Visibility",
                "Response": "ECR_Ignore"
              },
              {
                "Channel": "Camera",
                "Response": "ECR_Ignore"
              },
              {
                "Channel": "HitScan",
                "Response": "ECR_Ignore"
              },
              {
                "Channel": "PenetratingHitScan",
                "Response": "ECR_Ignore"
              },
              {
                "Channel": "TerrainPenetratingHitScan",
                "Response": "ECR_Ignore"
              }
            ]
          }
        },
        "RelativeLocation": {
          "X": 0.0,
          "Y": 0.0,
          "Z": 1.0
        },
        "RelativeScale3D": {
          "X": 4.0,
          "Y": 4.0,
          "Z": 4.0
        },
        "$ReferencedObjects": [
          21,
          12
        ]
      }
    }
  ]
}