{
  "AssetClass": "SkeletalMesh",
  "AssetPackage": "/Game/Art/Environments/SpaceRig/PartyStreamers/SK_Banner01",
  "AssetName": "SK_Banner01",
  "AssetSerializedData": {
    "SkipDependecies": false,
    "AssetClass": "/Script/Engine.SkeletalMesh",
    "AssetObjectData": {
      "Skeleton": 4,
      "LODInfo": [
        {
          "ScreenSize": {
            "Default": 0.0
          },
          "LODHysteresis": 0.02,
          "LODMaterialMap": [],
          "BuildSettings": {
            "bRecomputeNormals": true,
            "bRecomputeTangents": true,
            "bUseMikkTSpace": true,
            "bComputeWeightedNormals": false,
            "bRemoveDegenerates": true,
            "bUseHighPrecisionTangentBasis": false,
            "bUseFullPrecisionUVs": false,
            "bBuildAdjacencyBuffer": true,
            "ThresholdPosition": 2E-05,
            "ThresholdTangentNormal": 2E-05,
            "ThresholdUV": 0.0009765625,
            "MorphThresholdPosition": 0.015
          },
          "ReductionSettings": {
            "TerminationCriterion": "SMTC_NumOfTriangles",
            "NumOfTrianglesPercentage": 1.0,
            "NumOfVertPercentage": 0.5,
            "MaxNumOfTriangles": 4,
            "MaxNumOfVerts": 6,
            "MaxDeviationPercentage": 0.0,
            "ReductionMethod": "SMOT_MaxDeviation",
            "SilhouetteImportance": "SMOI_Normal",
            "TextureImportance": "SMOI_Normal",
            "ShadingImportance": "SMOI_Normal",
            "SkinningImportance": "SMOI_Normal",
            "bRemapMorphTargets": false,
            "bRecalcNormals": true,
            "WeldingThreshold": 0.1,
            "NormalsThreshold": 60.0,
            "MaxBonesPerVertex": 4,
            "bEnforceBoneBoundaries": false,
            "VolumeImportance": 1.0,
            "bLockEdges": false,
            "bLockColorBounaries": false,
            "BaseLOD": 0
          },
          "BonesToRemove": [],
          "BonesToPrioritize": [],
          "WeightOfPrioritization": 1.0,
          "BakePose": -1,
          "BakePoseOverride": -1,
          "SkinCacheUsage": "ESkinCacheUsage::Auto",
          "bHasBeenSimplified": false,
          "bHasPerLODVertexColors": false,
          "bAllowCPUAccess": false,
          "bSupportUniformlyDistributedSampling": false
        }
      ],
      "SamplingInfo": {
        "BuiltData": {
          "WholeMeshBuiltData": [
            {
              "WholeMeshBuiltData": "##NOT SERIALIZED##"
            }
          ]
        }
      },
      "$ReferencedObjects": [
        4,
        -1
      ]
    }
  },
  "ObjectHierarchy": [
    {
      "ObjectIndex": 0,
      "Type": "Import",
      "ClassPackage": "/Script/CoreUObject",
      "ClassName": "Class",
      "Outer": 2,
      "ObjectName": "SkeletalMesh"
    },
    {
      "ObjectIndex": 1,
      "Type": "Import",
      "ClassPackage": "/Script/CoreUObject",
      "ClassName": "Package",
      "ObjectName": "/Game/Art/Environments/SpaceRig/PartyStreamers/SK_Banner01_Skeleton"
    },
    {
      "ObjectIndex": 2,
      "Type": "Import",
      "ClassPackage": "/Script/CoreUObject",
      "ClassName": "Package",
      "ObjectName": "/Script/Engine"
    },
    {
      "ObjectIndex": 3,
      "Type": "Import",
      "ClassPackage": "/Script/Engine",
      "ClassName": "SkeletalMesh",
      "Outer": 2,
      "ObjectName": "Default__SkeletalMesh"
    },
    {
      "ObjectIndex": 4,
      "Type": "Import",
      "ClassPackage": "/Script/Engine",
      "ClassName": "Skeleton",
      "Outer": 1,
      "ObjectName": "SK_Banner01_Skeleton"
    },
    {
      "ObjectIndex": 5,
      "Type": "Export",
      "ObjectMark": "$AssetObject$"
    }
  ]
}