{
  "AssetClass": "Blueprint",
  "AssetPackage": "/Game/Art/Environments/Holiday_Oktoberfest/BP_Phys_InflatableSausage",
  "AssetName": "BP_Phys_InflatableSausage",
  "AssetSerializedData": {
    "SkipDependecies": false,
    "SuperStruct": 0,
    "Children": [],
    "ChildProperties": [
      {
        "FieldKind": "Property",
        "ObjectClass": "ObjectProperty",
        "ObjectName": "UsableCollision",
        "ArrayDim": 1,
        "PropertyFlags": "17180393476",
        "RepNotifyFunc": "None",
        "BlueprintReplicationCondition": 0,
        "PropertyClass": 12
      },
      {
        "FieldKind": "Property",
        "ObjectClass": "ObjectProperty",
        "ObjectName": "LastBounce",
        "ArrayDim": 1,
        "PropertyFlags": "589829",
        "RepNotifyFunc": "None",
        "BlueprintReplicationCondition": 0,
        "PropertyClass": 5
      }
    ],
    "ClassFlags": "8652820",
    "ClassWithin": 4,
    "ClassConfigName": "Engine",
    "Interfaces": [],
    "ClassDefaultObject": 34,
    "AssetObjectData": {
      "SimpleConstructionScript": 41,
      "InheritableComponentHandler": 36,
      "$ReferencedObjects": [
        41,
        36
      ]
    },
    "GeneratedVariableNames": [
      "UsableCollision"
    ]
  },
  "ObjectHierarchy": [
    {
      "ObjectIndex": 0,
      "Type": "Import",
      "ClassPackage": "/Script/Engine",
      "ClassName": "BlueprintGeneratedClass",
      "Outer": 19,
      "ObjectName": "BP_Kickable_Base_C"
    },
    {
      "ObjectIndex": 1,
      "Type": "Import",
      "ClassPackage": "/Script/Engine",
      "ClassName": "BlueprintGeneratedClass",
      "Outer": 22,
      "ObjectName": "Default__BlueprintGeneratedClass"
    },
    {
      "ObjectIndex": 2,
      "Type": "Import",
      "ClassPackage": "/Game/Art/Environments/SpaceRig/BP_Kickable_Base",
      "ClassName": "BP_Kickable_Base_C",
      "Outer": 19,
      "ObjectName": "Default__BP_Kickable_Base_C"
    },
    {
      "ObjectIndex": 3,
      "Type": "Import",
      "ClassPackage": "/Script/Engine",
      "ClassName": "CapsuleComponent",
      "Outer": 0,
      "ObjectName": "Capsule_GEN_VARIABLE"
    },
    {
      "ObjectIndex": 4,
      "Type": "Import",
      "ClassPackage": "/Script/CoreUObject",
      "ClassName": "Class",
      "Outer": 21,
      "ObjectName": "Object"
    },
    {
      "ObjectIndex": 5,
      "Type": "Import",
      "ClassPackage": "/Script/CoreUObject",
      "ClassName": "Class",
      "Outer": 22,
      "ObjectName": "ActorComponent"
    },
    {
      "ObjectIndex": 6,
      "Type": "Import",
      "ClassPackage": "/Script/CoreUObject",
      "ClassName": "Class",
      "Outer": 22,
      "ObjectName": "BlueprintGeneratedClass"
    },
    {
      "ObjectIndex": 7,
      "Type": "Import",
      "ClassPackage": "/Script/CoreUObject",
      "ClassName": "Class",
      "Outer": 22,
      "ObjectName": "CapsuleComponent"
    },
    {
      "ObjectIndex": 8,
      "Type": "Import",
      "ClassPackage": "/Script/CoreUObject",
      "ClassName": "Class",
      "Outer": 22,
      "ObjectName": "InheritableComponentHandler"
    },
    {
      "ObjectIndex": 9,
      "Type": "Import",
      "ClassPackage": "/Script/CoreUObject",
      "ClassName": "Class",
      "Outer": 22,
      "ObjectName": "SceneComponent"
    },
    {
      "ObjectIndex": 10,
      "Type": "Import",
      "ClassPackage": "/Script/CoreUObject",
      "ClassName": "Class",
      "Outer": 22,
      "ObjectName": "SCS_Node"
    },
    {
      "ObjectIndex": 11,
      "Type": "Import",
      "ClassPackage": "/Script/CoreUObject",
      "ClassName": "Class",
      "Outer": 22,
      "ObjectName": "SimpleConstructionScript"
    },
    {
      "ObjectIndex": 12,
      "Type": "Import",
      "ClassPackage": "/Script/CoreUObject",
      "ClassName": "Class",
      "Outer": 22,
      "ObjectName": "StaticMeshComponent"
    },
    {
      "ObjectIndex": 13,
      "Type": "Import",
      "ClassPackage": "/Script/CoreUObject",
      "ClassName": "Class",
      "Outer": 23,
      "ObjectName": "InstantUsable"
    },
    {
      "ObjectIndex": 14,
      "Type": "Import",
      "ClassPackage": "/Script/FSD",
      "ClassName": "GravityChangedComponent",
      "Outer": 0,
      "ObjectName": "GravityChanged_GEN_VARIABLE"
    },
    {
      "ObjectIndex": 15,
      "Type": "Import",
      "ClassPackage": "/Script/Engine",
      "ClassName": "InheritableComponentHandler",
      "Outer": 22,
      "ObjectName": "Default__InheritableComponentHandler"
    },
    {
      "ObjectIndex": 16,
      "Type": "Import",
      "ClassPackage": "/Script/FSD",
      "ClassName": "InstantUsable",
      "Outer": 0,
      "ObjectName": "InstantUsable_GEN_VARIABLE"
    },
    {
      "ObjectIndex": 17,
      "Type": "Import",
      "ClassPackage": "/Script/CoreUObject",
      "ClassName": "Package",
      "ObjectName": "/Game/Art/Environments/Holiday_Oktoberfest/Materials/PM_InflatablePretzel"
    },
    {
      "ObjectIndex": 18,
      "Type": "Import",
      "ClassPackage": "/Script/CoreUObject",
      "ClassName": "Package",
      "ObjectName": "/Game/Art/Environments/Holiday_Oktoberfest/SM_InflatableSausage"
    },
    {
      "ObjectIndex": 19,
      "Type": "Import",
      "ClassPackage": "/Script/CoreUObject",
      "ClassName": "Package",
      "ObjectName": "/Game/Art/Environments/SpaceRig/BP_Kickable_Base"
    },
    {
      "ObjectIndex": 20,
      "Type": "Import",
      "ClassPackage": "/Script/CoreUObject",
      "ClassName": "Package",
      "ObjectName": "/Game/Audio/SFX/OctoberFest/BalloonImpact_Cue"
    },
    {
      "ObjectIndex": 21,
      "Type": "Import",
      "ClassPackage": "/Script/CoreUObject",
      "ClassName": "Package",
      "ObjectName": "/Script/CoreUObject"
    },
    {
      "ObjectIndex": 22,
      "Type": "Import",
      "ClassPackage": "/Script/CoreUObject",
      "ClassName": "Package",
      "ObjectName": "/Script/Engine"
    },
    {
      "ObjectIndex": 23,
      "Type": "Import",
      "ClassPackage": "/Script/CoreUObject",
      "ClassName": "Package",
      "ObjectName": "/Script/FSD"
    },
    {
      "ObjectIndex": 24,
      "Type": "Import",
      "ClassPackage": "/Script/PhysicsCore",
      "ClassName": "PhysicalMaterial",
      "Outer": 17,
      "ObjectName": "PM_InflatablePretzel"
    },
    {
      "ObjectIndex": 25,
      "Type": "Import",
      "ClassPackage": "/Script/Engine",
      "ClassName": "SceneComponent",
      "Outer": 0,
      "ObjectName": "DefaultSceneRoot_GEN_VARIABLE"
    },
    {
      "ObjectIndex": 26,
      "Type": "Import",
      "ClassPackage": "/Script/Engine",
      "ClassName": "SceneComponent",
      "Outer": 22,
      "ObjectName": "Default__SceneComponent"
    },
    {
      "ObjectIndex": 27,
      "Type": "Import",
      "ClassPackage": "/Script/Engine",
      "ClassName": "SCS_Node",
      "Outer": 22,
      "ObjectName": "Default__SCS_Node"
    },
    {
      "ObjectIndex": 28,
      "Type": "Import",
      "ClassPackage": "/Script/Engine",
      "ClassName": "SimpleConstructionScript",
      "Outer": 22,
      "ObjectName": "Default__SimpleConstructionScript"
    },
    {
      "ObjectIndex": 29,
      "Type": "Import",
      "ClassPackage": "/Script/Engine",
      "ClassName": "SoundCue",
      "Outer": 20,
      "ObjectName": "BalloonImpact_Cue"
    },
    {
      "ObjectIndex": 30,
      "Type": "Import",
      "ClassPackage": "/Script/Engine",
      "ClassName": "StaticMesh",
      "Outer": 18,
      "ObjectName": "SM_InflatableSausage"
    },
    {
      "ObjectIndex": 31,
      "Type": "Import",
      "ClassPackage": "/Script/Engine",
      "ClassName": "StaticMeshComponent",
      "Outer": 0,
      "ObjectName": "Kickable Mesh_GEN_VARIABLE"
    },
    {
      "ObjectIndex": 32,
      "Type": "Import",
      "ClassPackage": "/Script/Engine",
      "ClassName": "StaticMeshComponent",
      "Outer": 22,
      "ObjectName": "Default__StaticMeshComponent"
    },
    {
      "ObjectIndex": 33,
      "Type": "Export",
      "ObjectMark": "$AssetObject$"
    },
    {
      "ObjectIndex": 34,
      "Type": "Export",
      "ObjectClass": 33,
      "Outer": -1,
      "ObjectName": "Default__BP_Phys_InflatableSausage_C",
      "ObjectFlags": 49,
      "Properties": {
        "BounceSound": 29,
        "ImpactSensitivity": 50.0,
        "KickStrength": 900000.0,
        "RemoteRole": "ROLE_SimulatedProxy",
        "ReplicatedMovement": {
          "LocationQuantizationLevel": "EVectorQuantization::RoundOneDecimal",
          "VelocityQuantizationLevel": "EVectorQuantization::RoundOneDecimal"
        },
        "Tags": [
          "Spaceball"
        ],
        "$ReferencedObjects": [
          29
        ]
      }
    },
    {
      "ObjectIndex": 35,
      "Type": "Export",
      "ObjectClass": 7,
      "Outer": 33,
      "ObjectName": "Capsule_GEN_VARIABLE",
      "ObjectFlags": 4194345,
      "Properties": {
        "CapsuleHalfHeight": 1.0,
        "CapsuleRadius": 1.0,
        "bGenerateOverlapEvents": false,
        "CanCharacterStepUpOn": "ECB_No",
        "BodyInstance": {
          "ObjectType": "ECC_WorldStatic",
          "CollisionEnabled": "ECollisionEnabled::NoCollision",
          "CollisionProfileName": "NoCollision",
          "CollisionResponses": {
            "ResponseArray": [
              {
                "Channel": "Visibility",
                "Response": "ECR_Ignore"
              },
              {
                "Channel": "Camera",
                "Response": "ECR_Ignore"
              },
              {
                "Channel": "HitScan",
                "Response": "ECR_Ignore"
              },
              {
                "Channel": "PenetratingHitScan",
                "Response": "ECR_Ignore"
              },
              {
                "Channel": "TerrainPenetratingHitScan",
                "Response": "ECR_Ignore"
              }
            ]
          }
        },
        "RelativeLocation": {
          "X": 0.0,
          "Y": 0.0,
          "Z": -26.098944
        },
        "$ReferencedObjects": []
      }
    },
    {
      "ObjectIndex": 36,
      "Type": "Export",
      "ObjectClass": 8,
      "Outer": 33,
      "ObjectName": "InheritableComponentHandler",
      "ObjectFlags": 0,
      "Properties": {
        "Records": [
          {
            "ComponentClass": 12,
            "ComponentTemplate": 42,
            "ComponentKey": {
              "OwnerClass": 0,
              "SCSVariableName": "Kickable Mesh",
              "AssociatedGuid": {
                "A": 112734723,
                "B": 1163428969,
                "C": 1250951852,
                "D": -1557203896
              }
            }
          },
          {
            "ComponentClass": 7,
            "ComponentTemplate": 35,
            "ComponentKey": {
              "OwnerClass": 0,
              "SCSVariableName": "Capsule",
              "AssociatedGuid": {
                "A": -83856919,
                "B": 1213563833,
                "C": -1035663468,
                "D": 990311273
              }
            }
          },
          {
            "ComponentClass": 13,
            "ComponentTemplate": 37,
            "ComponentKey": {
              "OwnerClass": 0,
              "SCSVariableName": "InstantUsable",
              "AssociatedGuid": {
                "A": -161218619,
                "B": 1293022324,
                "C": -1292080255,
                "D": -2070603764
              }
            }
          }
        ],
        "$ReferencedObjects": [
          12,
          42,
          0,
          7,
          35,
          13,
          37
        ]
      }
    },
    {
      "ObjectIndex": 37,
      "Type": "Export",
      "ObjectClass": 13,
      "Outer": 33,
      "ObjectName": "InstantUsable_GEN_VARIABLE",
      "ObjectFlags": 4194345,
      "Properties": {
        "AudioCompletedUse": 29,
        "$ReferencedObjects": [
          29
        ]
      }
    },
    {
      "ObjectIndex": 38,
      "Type": "Export",
      "ObjectClass": 9,
      "Outer": 33,
      "ObjectName": "DefaultSceneRoot_GEN_VARIABLE",
      "ObjectFlags": 41,
      "Properties": {
        "$ReferencedObjects": []
      }
    },
    {
      "ObjectIndex": 39,
      "Type": "Export",
      "ObjectClass": 10,
      "Outer": 41,
      "ObjectName": "SCS_Node_0",
      "ObjectFlags": 8,
      "Properties": {
        "ComponentClass": 9,
        "ComponentTemplate": 38,
        "VariableGuid": {
          "A": 1402338340,
          "B": 1224518189,
          "C": 1181999030,
          "D": -1365217124
        },
        "InternalVariableName": "DefaultSceneRoot",
        "$ReferencedObjects": [
          9,
          38
        ]
      }
    },
    {
      "ObjectIndex": 40,
      "Type": "Export",
      "ObjectClass": 10,
      "Outer": 41,
      "ObjectName": "SCS_Node_4",
      "ObjectFlags": 8,
      "Properties": {
        "ComponentClass": 12,
        "ComponentTemplate": 43,
        "ParentComponentOrVariableName": "Kickable Mesh",
        "ParentComponentOwnerClassName": "BP_Kickable_Base_C",
        "VariableGuid": {
          "A": -1998788574,
          "B": 1172811306,
          "C": -1908753499,
          "D": -26412844
        },
        "InternalVariableName": "UsableCollision",
        "$ReferencedObjects": [
          12,
          43
        ]
      }
    },
    {
      "ObjectIndex": 41,
      "Type": "Export",
      "ObjectClass": 11,
      "Outer": 33,
      "ObjectName": "SimpleConstructionScript_0",
      "ObjectFlags": 8,
      "Properties": {
        "RootNodes": [
          40
        ],
        "AllNodes": [
          40
        ],
        "DefaultSceneRootNode": 39,
        "$ReferencedObjects": [
          40,
          39
        ]
      }
    },
    {
      "ObjectIndex": 42,
      "Type": "Export",
      "ObjectClass": 12,
      "Outer": 33,
      "ObjectName": "Kickable Mesh_GEN_VARIABLE",
      "ObjectFlags": 4194345,
      "Properties": {
        "StaticMesh": 30,
        "bGenerateOverlapEvents": false,
        "bReceivesDecals": false,
        "BodyInstance": {
          "MassInKgOverride": 1000.0,
          "PhysMaterialOverride": 24
        },
        "$ReferencedObjects": [
          30,
          24
        ]
      }
    },
    {
      "ObjectIndex": 43,
      "Type": "Export",
      "ObjectClass": 12,
      "Outer": 33,
      "ObjectName": "UsableCollision_GEN_VARIABLE",
      "ObjectFlags": 41,
      "Properties": {
        "StaticMesh": 30,
        "bGenerateOverlapEvents": false,
        "CanCharacterStepUpOn": "ECB_No",
        "BodyInstance": {
          "ObjectType": "ECC_GameTraceChannel2",
          "CollisionEnabled": "ECollisionEnabled::QueryOnly",
          "CollisionProfileName": "Useable",
          "CollisionResponses": {
            "ResponseArray": [
              {
                "Channel": "WorldStatic",
                "Response": "ECR_Ignore"
              },
              {
                "Channel": "WorldDynamic",
                "Response": "ECR_Ignore"
              },
              {
                "Channel": "Pawn",
                "Response": "ECR_Ignore"
              },
              {
                "Channel": "Visibility",
                "Response": "ECR_Ignore"
              },
              {
                "Channel": "Camera",
                "Response": "ECR_Ignore"
              },
              {
                "Channel": "PhysicsBody",
                "Response": "ECR_Ignore"
              },
              {
                "Channel": "Vehicle",
                "Response": "ECR_Ignore"
              },
              {
                "Channel": "Destructible",
                "Response": "ECR_Ignore"
              },
              {
                "Channel": "Projectile",
                "Response": "ECR_Ignore"
              },
              {
                "Channel": "Useable",
                "Response": "ECR_Block"
              },
              {
                "Channel": "HitScan",
                "Response": "ECR_Ignore"
              },
              {
                "Channel": "AIPawn",
                "Response": "ECR_Ignore"
              },
              {
                "Channel": "Usable",
                "Response": "ECR_Overlap"
              },
              {
                "Channel": "PenetratingHitScan",
                "Response": "ECR_Ignore"
              },
              {
                "Channel": "RadialCheck",
                "Response": "ECR_Ignore"
              },
              {
                "Channel": "LaserPointer",
                "Response": "ECR_Ignore"
              },
              {
                "Channel": "Projectile_NoHit",
                "Response": "ECR_Ignore"
              },
              {
                "Channel": "Ragdoll",
                "Response": "ECR_Ignore"
              },
              {
                "Channel": "TerrainPenetratingHitScan",
                "Response": "ECR_Ignore"
              }
            ]
          },
          "MassInKgOverride": 35.0
        },
        "bHiddenInGame": true,
        "$ReferencedObjects": [
          30
        ]
      }
    }
  ]
}