{
  "AssetClass": "Skeleton",
  "AssetPackage": "/Game/Art/Environments/Holiday_Oktoberfest/SK_Oktoberfest_Chandelier_Skeleton",
  "AssetName": "SK_Oktoberfest_Chandelier_Skeleton",
  "AssetSerializedData": {
    "SkipDependecies": false,
    "ReferenceSkeleton": {
      "Bones": [
        {
          "Name": "Chandelier_Root",
          "ParentIndex": -1,
          "Index": 0,
          "Pose": "0.000000,0.000000,0.000000|-90.000000,0.000000,90.000000|1.000000,1.000000,1.000000"
        },
        {
          "Name": "Chandelier_Top",
          "ParentIndex": 0,
          "Index": 1,
          "Pose": "14.000000,0.000000,0.000000|0.000000,-0.000000,0.000000|1.000000,1.000000,1.000000"
        },
        {
          "Name": "Chandelier_String_01",
          "ParentIndex": 1,
          "Index": 2,
          "Pose": "196.875946,123.679825,-0.000000|0.000000,-0.000000,0.000000|1.000000,1.000000,1.000000"
        },
        {
          "Name": "Chandelier_String_02",
          "ParentIndex": 1,
          "Index": 3,
          "Pose": "196.875946,-124.622223,0.000000|0.000000,-0.000000,0.000000|1.000000,1.000000,1.000000"
        },
        {
          "Name": "Chandelier_String_03",
          "ParentIndex": 1,
          "Index": 4,
          "Pose": "196.875946,0.000000,124.169907|0.000000,-0.000000,0.000000|1.000000,1.000000,1.000000"
        },
        {
          "Name": "Chandelier_String_04",
          "ParentIndex": 1,
          "Index": 5,
          "Pose": "196.875946,0.000000,-123.652855|0.000000,-0.000000,0.000000|1.000000,1.000000,1.000000"
        },
        {
          "Name": "Chandelier_String_05",
          "ParentIndex": 1,
          "Index": 6,
          "Pose": "196.875946,-87.963646,-87.263397|0.000000,-0.000000,-45.000000|1.000000,1.000000,1.000000"
        },
        {
          "Name": "Chandelier_String_06",
          "ParentIndex": 1,
          "Index": 7,
          "Pose": "196.875946,86.313530,87.013786|0.000000,-0.000000,-45.000000|1.000000,1.000000,1.000000"
        },
        {
          "Name": "Chandelier_String_07",
          "ParentIndex": 1,
          "Index": 8,
          "Pose": "196.875946,-84.137512,90.823044|0.000000,-0.000000,-45.000000|1.000000,1.000000,1.000000"
        },
        {
          "Name": "Chandelier_String_08",
          "ParentIndex": 1,
          "Index": 9,
          "Pose": "196.875946,89.176147,-88.431679|0.000000,-0.000000,-45.000000|1.000000,1.000000,1.000000"
        }
      ]
    },
    "AnimRetargetSources": [],
    "BoneTree": [
      0,
      0,
      0,
      0,
      0,
      0,
      0,
      0,
      0,
      0
    ],
    "VirtualBones": [],
    "AssetObjectData": {
      "BlendProfiles": [],
      "$ReferencedObjects": []
    }
  },
  "ObjectHierarchy": [
    {
      "ObjectIndex": 0,
      "Type": "Import",
      "ClassPackage": "/Script/CoreUObject",
      "ClassName": "Class",
      "Outer": 1,
      "ObjectName": "Skeleton"
    },
    {
      "ObjectIndex": 1,
      "Type": "Import",
      "ClassPackage": "/Script/CoreUObject",
      "ClassName": "Package",
      "ObjectName": "/Script/Engine"
    },
    {
      "ObjectIndex": 2,
      "Type": "Import",
      "ClassPackage": "/Script/Engine",
      "ClassName": "Skeleton",
      "Outer": 1,
      "ObjectName": "Default__Skeleton"
    },
    {
      "ObjectIndex": 3,
      "Type": "Export",
      "ObjectMark": "$AssetObject$"
    }
  ]
}