{
  "AssetClass": "AnimSequence",
  "AssetPackage": "/Game/Art/Environments/SuckingPlant_Directional/ANIM_SuckingPlantDirectional_Suck_Start",
  "AssetName": "ANIM_SuckingPlantDirectional_Suck_Start",
  "AssetSerializedData": {
    "SkipDependecies": false,
    "AssetObjectData": {
      "NumFrames": 16,
      "TrackToSkeletonMapTable": [
        {
          "BoneTreeIndex": 0
        },
        {
          "BoneTreeIndex": 1
        },
        {
          "BoneTreeIndex": 2
        },
        {
          "BoneTreeIndex": 3
        },
        {
          "BoneTreeIndex": 4
        },
        {
          "BoneTreeIndex": 5
        },
        {
          "BoneTreeIndex": 6
        },
        {
          "BoneTreeIndex": 7
        },
        {
          "BoneTreeIndex": 8
        },
        {
          "BoneTreeIndex": 9
        },
        {
          "BoneTreeIndex": 10
        },
        {
          "BoneTreeIndex": 11
        },
        {
          "BoneTreeIndex": 12
        },
        {
          "BoneTreeIndex": 13
        },
        {
          "BoneTreeIndex": 14
        },
        {
          "BoneTreeIndex": 15
        },
        {
          "BoneTreeIndex": 16
        },
        {
          "BoneTreeIndex": 17
        }
      ],
      "BoneCompressionSettings": 0,
      "CurveCompressionSettings": 1,
      "AdditiveAnimType": "AAT_LocalSpaceBase",
      "RefPoseType": "ABPT_AnimFrame",
      "RefPoseSeq": 2,
      "SequenceLength": 0.25,
      "Skeleton": 10,
      "$ReferencedObjects": []
    }
  },
  "ObjectHierarchy": [
    {
      "ObjectIndex": 0,
      "Type": "Import",
      "ClassPackage": "/Script/Engine",
      "ClassName": "AnimBoneCompressionSettings",
      "Outer": 5,
      "ObjectName": "DefaultAnimBoneCompressionSettings"
    },
    {
      "ObjectIndex": 1,
      "Type": "Import",
      "ClassPackage": "/Script/Engine",
      "ClassName": "AnimCurveCompressionSettings",
      "Outer": 6,
      "ObjectName": "DefaultAnimCurveCompressionSettings"
    },
    {
      "ObjectIndex": 2,
      "Type": "Import",
      "ClassPackage": "/Script/Engine",
      "ClassName": "AnimSequence",
      "Outer": 7,
      "ObjectName": "ANIM_SuckingPlantDirectional_Idle"
    },
    {
      "ObjectIndex": 3,
      "Type": "Import",
      "ClassPackage": "/Script/Engine",
      "ClassName": "AnimSequence",
      "Outer": 9,
      "ObjectName": "Default__AnimSequence"
    },
    {
      "ObjectIndex": 4,
      "Type": "Import",
      "ClassPackage": "/Script/CoreUObject",
      "ClassName": "Class",
      "Outer": 9,
      "ObjectName": "AnimSequence"
    },
    {
      "ObjectIndex": 5,
      "Type": "Import",
      "ClassPackage": "/Script/CoreUObject",
      "ClassName": "Package",
      "ObjectName": "/Engine/Animation/DefaultAnimBoneCompressionSettings"
    },
    {
      "ObjectIndex": 6,
      "Type": "Import",
      "ClassPackage": "/Script/CoreUObject",
      "ClassName": "Package",
      "ObjectName": "/Engine/Animation/DefaultAnimCurveCompressionSettings"
    },
    {
      "ObjectIndex": 7,
      "Type": "Import",
      "ClassPackage": "/Script/CoreUObject",
      "ClassName": "Package",
      "ObjectName": "/Game/Art/Environments/SuckingPlant_Directional/ANIM_SuckingPlantDirectional_Idle"
    },
    {
      "ObjectIndex": 8,
      "Type": "Import",
      "ClassPackage": "/Script/CoreUObject",
      "ClassName": "Package",
      "ObjectName": "/Game/Art/Environments/SuckingPlant_Directional/SK_SuckingPlantDirectional_A_Skeleton"
    },
    {
      "ObjectIndex": 9,
      "Type": "Import",
      "ClassPackage": "/Script/CoreUObject",
      "ClassName": "Package",
      "ObjectName": "/Script/Engine"
    },
    {
      "ObjectIndex": 10,
      "Type": "Import",
      "ClassPackage": "/Script/Engine",
      "ClassName": "Skeleton",
      "Outer": 8,
      "ObjectName": "SK_SuckingPlantDirectional_A_Skeleton"
    },
    {
      "ObjectIndex": 11,
      "Type": "Export",
      "ObjectMark": "$AssetObject$"
    }
  ]
}