{
  "AssetClass": "Blueprint",
  "AssetPackage": "/Game/AI/Tasks/TSK_FindLocationKeepDistance",
  "AssetName": "TSK_FindLocationKeepDistance",
  "AssetSerializedData": {
    "SkipDependecies": false,
    "SuperStruct": 4,
    "Children": [
      {
        "FieldKind": "Function",
        "ObjectClass": "Function",
        "ObjectName": "ReceiveExecuteAI",
        "SuperStruct": 18,
        "Children": [],
        "ChildProperties": [
          {
            "FieldKind": "Property",
            "ObjectClass": "ObjectProperty",
            "ObjectName": "OwnerController",
            "ArrayDim": 1,
            "PropertyFlags": "148",
            "RepNotifyFunc": "None",
            "BlueprintReplicationCondition": 0,
            "PropertyClass": 2
          },
          {
            "FieldKind": "Property",
            "ObjectClass": "ObjectProperty",
            "ObjectName": "ControlledPawn",
            "ArrayDim": 1,
            "PropertyFlags": "148",
            "RepNotifyFunc": "None",
            "BlueprintReplicationCondition": 0,
            "PropertyClass": 9
          }
        ],
        "Script": [
          {
            "Inst": "LetValueOnPersistentFrame",
            "PropertyName": "K2Node_Event_OwnerController",
            "PropertyType": {
              "PinCategory": "Object",
              "PinSubCategory": "Object",
              "PinSubCategoryObject": "/Script/AIModule.AIController"
            },
            "Expression": {
              "Inst": "LocalVariable",
              "VariableType": {
                "PinCategory": "Object",
                "PinSubCategory": "Object",
                "PinSubCategoryObject": "/Script/AIModule.AIController"
              },
              "VariableName": "OwnerController"
            },
            "StatementIndex": 0
          },
          {
            "Inst": "LetValueOnPersistentFrame",
            "PropertyName": "K2Node_Event_ControlledPawn",
            "PropertyType": {
              "PinCategory": "Object",
              "PinSubCategory": "Object",
              "PinSubCategoryObject": "/Script/Engine.Pawn"
            },
            "Expression": {
              "Inst": "LocalVariable",
              "VariableType": {
                "PinCategory": "Object",
                "PinSubCategory": "Object",
                "PinSubCategoryObject": "/Script/Engine.Pawn"
              },
              "VariableName": "ControlledPawn"
            },
            "StatementIndex": 18
          },
          {
            "Inst": "LocalFinalFunction",
            "Function": "ExecuteUbergraph_TSK_FindLocationKeepDistance",
            "Parameters": [
              {
                "Inst": "IntConst",
                "Value": 10
              }
            ],
            "StatementIndex": 36
          },
          {
            "Inst": "Return",
            "Expression": {
              "Inst": "Nothing"
            },
            "StatementIndex": 51
          },
          {
            "Inst": "EndOfScript",
            "StatementIndex": 53
          }
        ],
        "FunctionFlags": "134744064"
      },
      {
        "FieldKind": "Function",
        "ObjectClass": "Function",
        "ObjectName": "ExecuteUbergraph_TSK_FindLocationKeepDistance",
        "SuperStruct": -1,
        "Children": [],
        "ChildProperties": [
          {
            "FieldKind": "Property",
            "ObjectClass": "IntProperty",
            "ObjectName": "EntryPoint",
            "ArrayDim": 1,
            "PropertyFlags": "148",
            "RepNotifyFunc": "None",
            "BlueprintReplicationCondition": 0
          },
          {
            "FieldKind": "Property",
            "ObjectClass": "ObjectProperty",
            "ObjectName": "CallFunc_GetBlackboardValueAsActor_ReturnValue",
            "ArrayDim": 1,
            "PropertyFlags": "0",
            "RepNotifyFunc": "None",
            "BlueprintReplicationCondition": 0,
            "PropertyClass": 7
          },
          {
            "FieldKind": "Property",
            "ObjectClass": "StructProperty",
            "ObjectName": "CallFunc_K2_GetActorLocation_ReturnValue",
            "ArrayDim": 1,
            "PropertyFlags": "0",
            "RepNotifyFunc": "None",
            "BlueprintReplicationCondition": 0,
            "Struct": 32
          },
          {
            "FieldKind": "Property",
            "ObjectClass": "ObjectProperty",
            "ObjectName": "K2Node_Event_OwnerController",
            "ArrayDim": 1,
            "PropertyFlags": "0",
            "RepNotifyFunc": "None",
            "BlueprintReplicationCondition": 0,
            "PropertyClass": 2
          },
          {
            "FieldKind": "Property",
            "ObjectClass": "ObjectProperty",
            "ObjectName": "K2Node_Event_ControlledPawn",
            "ArrayDim": 1,
            "PropertyFlags": "0",
            "RepNotifyFunc": "None",
            "BlueprintReplicationCondition": 0,
            "PropertyClass": 9
          },
          {
            "FieldKind": "Property",
            "ObjectClass": "ObjectProperty",
            "ObjectName": "K2Node_DynamicCast_AsDeep_Pathfinder_Character",
            "ArrayDim": 1,
            "PropertyFlags": "0",
            "RepNotifyFunc": "None",
            "BlueprintReplicationCondition": 0,
            "PropertyClass": 10
          },
          {
            "FieldKind": "Property",
            "ObjectClass": "BoolProperty",
            "ObjectName": "K2Node_DynamicCast_bSuccess",
            "ArrayDim": 1,
            "PropertyFlags": "0",
            "RepNotifyFunc": "None",
            "BlueprintReplicationCondition": 0,
            "BoolSize": 1,
            "NativeBool": true
          },
          {
            "FieldKind": "Property",
            "ObjectClass": "StructProperty",
            "ObjectName": "CallFunc_K2_GetActorLocation_ReturnValue_1",
            "ArrayDim": 1,
            "PropertyFlags": "0",
            "RepNotifyFunc": "None",
            "BlueprintReplicationCondition": 0,
            "Struct": 32
          },
          {
            "FieldKind": "Property",
            "ObjectClass": "EnumProperty",
            "ObjectName": "CallFunc_GetPathfinderSize_ReturnValue",
            "ArrayDim": 1,
            "PropertyFlags": "0",
            "RepNotifyFunc": "None",
            "BlueprintReplicationCondition": 0,
            "Enum": 13,
            "UnderlyingProp": {
              "ObjectClass": "ByteProperty",
              "ObjectName": "UnderlyingType",
              "ArrayDim": 1,
              "PropertyFlags": "0",
              "RepNotifyFunc": "None",
              "BlueprintReplicationCondition": 0,
              "Enum": -1
            }
          },
          {
            "FieldKind": "Property",
            "ObjectClass": "StructProperty",
            "ObjectName": "CallFunc_FindPointKeepingDistance_outPos",
            "ArrayDim": 1,
            "PropertyFlags": "0",
            "RepNotifyFunc": "None",
            "BlueprintReplicationCondition": 0,
            "Struct": 32
          },
          {
            "FieldKind": "Property",
            "ObjectClass": "BoolProperty",
            "ObjectName": "CallFunc_FindPointKeepingDistance_ReturnValue",
            "ArrayDim": 1,
            "PropertyFlags": "0",
            "RepNotifyFunc": "None",
            "BlueprintReplicationCondition": 0,
            "BoolSize": 1,
            "NativeBool": true
          },
          {
            "FieldKind": "Property",
            "ObjectClass": "EnumProperty",
            "ObjectName": "CallFunc_GetPathfinderType_ReturnValue",
            "ArrayDim": 1,
            "PropertyFlags": "0",
            "RepNotifyFunc": "None",
            "BlueprintReplicationCondition": 0,
            "Enum": 14,
            "UnderlyingProp": {
              "ObjectClass": "ByteProperty",
              "ObjectName": "UnderlyingType",
              "ArrayDim": 1,
              "PropertyFlags": "0",
              "RepNotifyFunc": "None",
              "BlueprintReplicationCondition": 0,
              "Enum": -1
            }
          },
          {
            "FieldKind": "Property",
            "ObjectClass": "StructProperty",
            "ObjectName": "CallFunc_SnapToGrid_ReturnValue",
            "ArrayDim": 1,
            "PropertyFlags": "0",
            "RepNotifyFunc": "None",
            "BlueprintReplicationCondition": 0,
            "Struct": 32
          }
        ],
        "Script": [
          {
            "Inst": "ComputedJump",
            "OffsetExpression": {
              "Inst": "LocalVariable",
              "VariableType": {
                "PinCategory": "int",
                "PinSubCategory": "int"
              },
              "VariableName": "EntryPoint"
            },
            "StatementIndex": 0
          },
          {
            "Inst": "Let",
            "Variable": {
              "Inst": "LocalVariable",
              "VariableType": {
                "PinCategory": "Object",
                "PinSubCategory": "Object",
                "PinSubCategoryObject": "/Script/FSD.DeepPathfinderCharacter"
              },
              "VariableName": "K2Node_DynamicCast_AsDeep_Pathfinder_Character"
            },
            "Expression": {
              "Inst": "DynamicCast",
              "Class": "/Script/FSD.DeepPathfinderCharacter",
              "Expression": {
                "Inst": "LocalVariable",
                "VariableType": {
                  "PinCategory": "Object",
                  "PinSubCategory": "Object",
                  "PinSubCategoryObject": "/Script/Engine.Pawn"
                },
                "VariableName": "K2Node_Event_ControlledPawn"
              }
            },
            "StatementIndex": 10
          },
          {
            "Inst": "Let",
            "Variable": {
              "Inst": "LocalVariable",
              "VariableType": {
                "PinCategory": "bool",
                "PinSubCategory": "bool"
              },
              "VariableName": "K2Node_DynamicCast_bSuccess"
            },
            "Expression": {
              "Inst": "PrimitiveCast",
              "CastType": "ObjectToBool",
              "Expression": {
                "Inst": "LocalVariable",
                "VariableType": {
                  "PinCategory": "Object",
                  "PinSubCategory": "Object",
                  "PinSubCategoryObject": "/Script/FSD.DeepPathfinderCharacter"
                },
                "VariableName": "K2Node_DynamicCast_AsDeep_Pathfinder_Character"
              }
            },
            "StatementIndex": 46
          },
          {
            "Inst": "JumpIfNot",
            "Offset": 626,
            "Condition": {
              "Inst": "LocalVariable",
              "VariableType": {
                "PinCategory": "bool",
                "PinSubCategory": "bool"
              },
              "VariableName": "K2Node_DynamicCast_bSuccess"
            },
            "StatementIndex": 75
          },
          {
            "Inst": "LetObj",
            "Variable": {
              "Inst": "LocalVariable",
              "VariableType": {
                "PinCategory": "Object",
                "PinSubCategory": "Object",
                "PinSubCategoryObject": "/Script/Engine.Actor"
              },
              "VariableName": "CallFunc_GetBlackboardValueAsActor_ReturnValue"
            },
            "Expression": {
              "Inst": "CallMath",
              "Function": "GetBlackboardValueAsActor",
              "ContextClass": "/Script/AIModule.BTFunctionLibrary",
              "Parameters": [
                {
                  "Inst": "Self"
                },
                {
                  "Inst": "InstanceVariable",
                  "VariableType": {
                    "PinCategory": "Struct",
                    "PinSubCategory": "Struct",
                    "PinSubCategoryObject": "/Script/AIModule.BlackboardKeySelector"
                  },
                  "VariableName": "TargetToAvoid"
                }
              ]
            },
            "StatementIndex": 89
          },
          {
            "Inst": "Let",
            "Variable": {
              "Inst": "LocalVariable",
              "VariableType": {
                "PinCategory": "Struct",
                "PinSubCategory": "Struct",
                "PinSubCategoryObject": "/Script/CoreUObject.Vector"
              },
              "VariableName": "CallFunc_K2_GetActorLocation_ReturnValue"
            },
            "Expression": {
              "Inst": "Context",
              "Context": {
                "Inst": "LocalVariable",
                "VariableType": {
                  "PinCategory": "Object",
                  "PinSubCategory": "Object",
                  "PinSubCategoryObject": "/Script/Engine.Actor"
                },
                "VariableName": "CallFunc_GetBlackboardValueAsActor_ReturnValue"
              },
              "SkipOffsetForNull": 10,
              "RValuePropertyType": {
                "PinCategory": "Struct",
                "PinSubCategory": "Struct",
                "PinSubCategoryObject": "/Script/CoreUObject.Vector"
              },
              "RValuePropertyName": "CallFunc_K2_GetActorLocation_ReturnValue",
              "Expression": {
                "Inst": "FinalFunction",
                "Function": "K2_GetActorLocation",
                "Parameters": []
              }
            },
            "StatementIndex": 119
          },
          {
            "Inst": "Let",
            "Variable": {
              "Inst": "LocalVariable",
              "VariableType": {
                "PinCategory": "Struct",
                "PinSubCategory": "Struct",
                "PinSubCategoryObject": "/Script/CoreUObject.Vector"
              },
              "VariableName": "CallFunc_K2_GetActorLocation_ReturnValue_1"
            },
            "Expression": {
              "Inst": "Context",
              "Context": {
                "Inst": "LocalVariable",
                "VariableType": {
                  "PinCategory": "Object",
                  "PinSubCategory": "Object",
                  "PinSubCategoryObject": "/Script/FSD.DeepPathfinderCharacter"
                },
                "VariableName": "K2Node_DynamicCast_AsDeep_Pathfinder_Character"
              },
              "SkipOffsetForNull": 10,
              "RValuePropertyType": {
                "PinCategory": "Struct",
                "PinSubCategory": "Struct",
                "PinSubCategoryObject": "/Script/CoreUObject.Vector"
              },
              "RValuePropertyName": "CallFunc_K2_GetActorLocation_ReturnValue_1",
              "Expression": {
                "Inst": "FinalFunction",
                "Function": "K2_GetActorLocation",
                "Parameters": []
              }
            },
            "StatementIndex": 169
          },
          {
            "Inst": "LetBool",
            "Variable": {
              "Inst": "LocalVariable",
              "VariableType": {
                "PinCategory": "bool",
                "PinSubCategory": "bool"
              },
              "VariableName": "CallFunc_FindPointKeepingDistance_ReturnValue"
            },
            "Expression": {
              "Inst": "Context",
              "Context": {
                "Inst": "Context",
                "Context": {
                  "Inst": "LocalVariable",
                  "VariableType": {
                    "PinCategory": "Object",
                    "PinSubCategory": "Object",
                    "PinSubCategoryObject": "/Script/FSD.DeepPathfinderCharacter"
                  },
                  "VariableName": "K2Node_DynamicCast_AsDeep_Pathfinder_Character"
                },
                "SkipOffsetForNull": 9,
                "RValuePropertyType": "##NOT SERIALIZED##",
                "RValuePropertyName": "PathfinderMovement",
                "Expression": {
                  "Inst": "InstanceVariable",
                  "VariableType": "##NOT SERIALIZED##",
                  "VariableName": "PathfinderMovement"
                }
              },
              "SkipOffsetForNull": 64,
              "RValuePropertyType": {
                "PinCategory": "bool",
                "PinSubCategory": "bool"
              },
              "RValuePropertyName": "CallFunc_FindPointKeepingDistance_ReturnValue",
              "Expression": {
                "Inst": "FinalFunction",
                "Function": "FindPointKeepingDistance",
                "Parameters": [
                  {
                    "Inst": "LocalVariable",
                    "VariableType": {
                      "PinCategory": "Struct",
                      "PinSubCategory": "Struct",
                      "PinSubCategoryObject": "/Script/CoreUObject.Vector"
                    },
                    "VariableName": "CallFunc_K2_GetActorLocation_ReturnValue_1"
                  },
                  {
                    "Inst": "InstanceVariable",
                    "VariableType": {
                      "PinCategory": "Float",
                      "PinSubCategory": "Float"
                    },
                    "VariableName": "MinDistance"
                  },
                  {
                    "Inst": "InstanceVariable",
                    "VariableType": {
                      "PinCategory": "Float",
                      "PinSubCategory": "Float"
                    },
                    "VariableName": "MaxDistance"
                  },
                  {
                    "Inst": "LocalVariable",
                    "VariableType": {
                      "PinCategory": "Struct",
                      "PinSubCategory": "Struct",
                      "PinSubCategoryObject": "/Script/CoreUObject.Vector"
                    },
                    "VariableName": "CallFunc_K2_GetActorLocation_ReturnValue"
                  },
                  {
                    "Inst": "InstanceVariable",
                    "VariableType": {
                      "PinCategory": "Float",
                      "PinSubCategory": "Float"
                    },
                    "VariableName": "IdealDistance"
                  },
                  {
                    "Inst": "LocalVariable",
                    "VariableType": {
                      "PinCategory": "Struct",
                      "PinSubCategory": "Struct",
                      "PinSubCategoryObject": "/Script/CoreUObject.Vector"
                    },
                    "VariableName": "CallFunc_FindPointKeepingDistance_outPos"
                  }
                ]
              }
            },
            "StatementIndex": 219
          },
          {
            "Inst": "JumpIfNot",
            "Offset": 607,
            "Condition": {
              "Inst": "LocalVariable",
              "VariableType": {
                "PinCategory": "bool",
                "PinSubCategory": "bool"
              },
              "VariableName": "CallFunc_FindPointKeepingDistance_ReturnValue"
            },
            "StatementIndex": 337
          },
          {
            "Inst": "Let",
            "Variable": {
              "Inst": "LocalVariable",
              "VariableType": {
                "PinCategory": "byte",
                "PinSubCategory": "byte",
                "PinSubCategoryObject": "/Script/FSDEngine.DeepPathFinderSize"
              },
              "VariableName": "CallFunc_GetPathfinderSize_ReturnValue"
            },
            "Expression": {
              "Inst": "Context",
              "Context": {
                "Inst": "Context",
                "Context": {
                  "Inst": "LocalVariable",
                  "VariableType": {
                    "PinCategory": "Object",
                    "PinSubCategory": "Object",
                    "PinSubCategoryObject": "/Script/FSD.DeepPathfinderCharacter"
                  },
                  "VariableName": "K2Node_DynamicCast_AsDeep_Pathfinder_Character"
                },
                "SkipOffsetForNull": 9,
                "RValuePropertyType": "##NOT SERIALIZED##",
                "RValuePropertyName": "PathfinderMovement",
                "Expression": {
                  "Inst": "InstanceVariable",
                  "VariableType": "##NOT SERIALIZED##",
                  "VariableName": "PathfinderMovement"
                }
              },
              "SkipOffsetForNull": 10,
              "RValuePropertyType": {
                "PinCategory": "byte",
                "PinSubCategory": "byte",
                "PinSubCategoryObject": "/Script/FSDEngine.DeepPathFinderSize"
              },
              "RValuePropertyName": "CallFunc_GetPathfinderSize_ReturnValue",
              "Expression": {
                "Inst": "FinalFunction",
                "Function": "GetPathfinderSize",
                "Parameters": []
              }
            },
            "StatementIndex": 351
          },
          {
            "Inst": "Let",
            "Variable": {
              "Inst": "LocalVariable",
              "VariableType": {
                "PinCategory": "byte",
                "PinSubCategory": "byte",
                "PinSubCategoryObject": "/Script/FSDEngine.DeepPathFinderType"
              },
              "VariableName": "CallFunc_GetPathfinderType_ReturnValue"
            },
            "Expression": {
              "Inst": "Context",
              "Context": {
                "Inst": "Context",
                "Context": {
                  "Inst": "LocalVariable",
                  "VariableType": {
                    "PinCategory": "Object",
                    "PinSubCategory": "Object",
                    "PinSubCategoryObject": "/Script/FSD.DeepPathfinderCharacter"
                  },
                  "VariableName": "K2Node_DynamicCast_AsDeep_Pathfinder_Character"
                },
                "SkipOffsetForNull": 9,
                "RValuePropertyType": "##NOT SERIALIZED##",
                "RValuePropertyName": "PathfinderMovement",
                "Expression": {
                  "Inst": "InstanceVariable",
                  "VariableType": "##NOT SERIALIZED##",
                  "VariableName": "PathfinderMovement"
                }
              },
              "SkipOffsetForNull": 10,
              "RValuePropertyType": {
                "PinCategory": "byte",
                "PinSubCategory": "byte",
                "PinSubCategoryObject": "/Script/FSDEngine.DeepPathFinderType"
              },
              "RValuePropertyName": "CallFunc_GetPathfinderType_ReturnValue",
              "Expression": {
                "Inst": "FinalFunction",
                "Function": "GetPathfinderType",
                "Parameters": []
              }
            },
            "StatementIndex": 423
          },
          {
            "Inst": "Let",
            "Variable": {
              "Inst": "LocalVariable",
              "VariableType": {
                "PinCategory": "Struct",
                "PinSubCategory": "Struct",
                "PinSubCategoryObject": "/Script/CoreUObject.Vector"
              },
              "VariableName": "CallFunc_SnapToGrid_ReturnValue"
            },
            "Expression": {
              "Inst": "Context",
              "Context": {
                "Inst": "ObjectConst",
                "Object": "/Script/FSD.Default__PathfinderFunctionLibrary"
              },
              "SkipOffsetForNull": 43,
              "RValuePropertyType": {
                "PinCategory": "Struct",
                "PinSubCategory": "Struct",
                "PinSubCategoryObject": "/Script/CoreUObject.Vector"
              },
              "RValuePropertyName": "CallFunc_SnapToGrid_ReturnValue",
              "Expression": {
                "Inst": "FinalFunction",
                "Function": "SnapToGrid",
                "Parameters": [
                  {
                    "Inst": "Self"
                  },
                  {
                    "Inst": "LocalVariable",
                    "VariableType": {
                      "PinCategory": "Struct",
                      "PinSubCategory": "Struct",
                      "PinSubCategoryObject": "/Script/CoreUObject.Vector"
                    },
                    "VariableName": "CallFunc_FindPointKeepingDistance_outPos"
                  },
                  {
                    "Inst": "LocalVariable",
                    "VariableType": {
                      "PinCategory": "byte",
                      "PinSubCategory": "byte",
                      "PinSubCategoryObject": "/Script/FSDEngine.DeepPathFinderType"
                    },
                    "VariableName": "CallFunc_GetPathfinderType_ReturnValue"
                  },
                  {
                    "Inst": "LocalVariable",
                    "VariableType": {
                      "PinCategory": "byte",
                      "PinSubCategory": "byte",
                      "PinSubCategoryObject": "/Script/FSDEngine.DeepPathFinderSize"
                    },
                    "VariableName": "CallFunc_GetPathfinderSize_ReturnValue"
                  },
                  {
                    "Inst": "FloatConst",
                    "Value": 500.0
                  }
                ]
              }
            },
            "StatementIndex": 495
          },
          {
            "Inst": "CallMath",
            "Function": "SetBlackboardValueAsVector",
            "ContextClass": "/Script/AIModule.BTFunctionLibrary",
            "Parameters": [
              {
                "Inst": "Self"
              },
              {
                "Inst": "InstanceVariable",
                "VariableType": {
                  "PinCategory": "Struct",
                  "PinSubCategory": "Struct",
                  "PinSubCategoryObject": "/Script/AIModule.BlackboardKeySelector"
                },
                "VariableName": "TargetLocation"
              },
              {
                "Inst": "LocalVariable",
                "VariableType": {
                  "PinCategory": "Struct",
                  "PinSubCategory": "Struct",
                  "PinSubCategoryObject": "/Script/CoreUObject.Vector"
                },
                "VariableName": "CallFunc_SnapToGrid_ReturnValue"
              }
            ],
            "StatementIndex": 578
          },
          {
            "Inst": "FinalFunction",
            "Function": "FinishExecute",
            "Parameters": [
              {
                "Inst": "LocalVariable",
                "VariableType": {
                  "PinCategory": "bool",
                  "PinSubCategory": "bool"
                },
                "VariableName": "CallFunc_FindPointKeepingDistance_ReturnValue"
              }
            ],
            "StatementIndex": 607
          },
          {
            "Inst": "Return",
            "Expression": {
              "Inst": "Nothing"
            },
            "StatementIndex": 626
          },
          {
            "Inst": "EndOfScript",
            "StatementIndex": 628
          }
        ],
        "FunctionFlags": "32769"
      }
    ],
    "ChildProperties": [
      {
        "FieldKind": "Property",
        "ObjectClass": "StructProperty",
        "ObjectName": "UberGraphFrame",
        "ArrayDim": 1,
        "PropertyFlags": "2105344",
        "RepNotifyFunc": "None",
        "BlueprintReplicationCondition": 0,
        "Struct": 33
      },
      {
        "FieldKind": "Property",
        "ObjectClass": "FloatProperty",
        "ObjectName": "MinDistance",
        "ArrayDim": 1,
        "PropertyFlags": "5",
        "RepNotifyFunc": "None",
        "BlueprintReplicationCondition": 0
      },
      {
        "FieldKind": "Property",
        "ObjectClass": "FloatProperty",
        "ObjectName": "MaxDistance",
        "ArrayDim": 1,
        "PropertyFlags": "5",
        "RepNotifyFunc": "None",
        "BlueprintReplicationCondition": 0
      },
      {
        "FieldKind": "Property",
        "ObjectClass": "StructProperty",
        "ObjectName": "TargetToAvoid",
        "ArrayDim": 1,
        "PropertyFlags": "5",
        "RepNotifyFunc": "None",
        "BlueprintReplicationCondition": 0,
        "Struct": 31
      },
      {
        "FieldKind": "Property",
        "ObjectClass": "FloatProperty",
        "ObjectName": "IdealDistance",
        "ArrayDim": 1,
        "PropertyFlags": "5",
        "RepNotifyFunc": "None",
        "BlueprintReplicationCondition": 0
      },
      {
        "FieldKind": "Property",
        "ObjectClass": "StructProperty",
        "ObjectName": "TargetLocation",
        "ArrayDim": 1,
        "PropertyFlags": "5",
        "RepNotifyFunc": "None",
        "BlueprintReplicationCondition": 0,
        "Struct": 31
      }
    ],
    "ClassFlags": "264208",
    "ClassWithin": 6,
    "ClassConfigName": "Game",
    "Interfaces": [],
    "ClassDefaultObject": 35,
    "AssetObjectData": {
      "SimpleConstructionScript": -1,
      "$ReferencedObjects": []
    },
    "GeneratedVariableNames": []
  },
  "ObjectHierarchy": [
    {
      "ObjectIndex": 0,
      "Type": "Import",
      "ClassPackage": "/Script/Engine",
      "ClassName": "BlueprintGeneratedClass",
      "Outer": 27,
      "ObjectName": "Default__BlueprintGeneratedClass"
    },
    {
      "ObjectIndex": 1,
      "Type": "Import",
      "ClassPackage": "/Script/AIModule",
      "ClassName": "BTTask_BlueprintBase",
      "Outer": 25,
      "ObjectName": "Default__BTTask_BlueprintBase"
    },
    {
      "ObjectIndex": 2,
      "Type": "Import",
      "ClassPackage": "/Script/CoreUObject",
      "ClassName": "Class",
      "Outer": 25,
      "ObjectName": "AIController"
    },
    {
      "ObjectIndex": 3,
      "Type": "Import",
      "ClassPackage": "/Script/CoreUObject",
      "ClassName": "Class",
      "Outer": 25,
      "ObjectName": "BTFunctionLibrary"
    },
    {
      "ObjectIndex": 4,
      "Type": "Import",
      "ClassPackage": "/Script/CoreUObject",
      "ClassName": "Class",
      "Outer": 25,
      "ObjectName": "BTTask_BlueprintBase"
    },
    {
      "ObjectIndex": 5,
      "Type": "Import",
      "ClassPackage": "/Script/CoreUObject",
      "ClassName": "Class",
      "Outer": 26,
      "ObjectName": "Function"
    },
    {
      "ObjectIndex": 6,
      "Type": "Import",
      "ClassPackage": "/Script/CoreUObject",
      "ClassName": "Class",
      "Outer": 26,
      "ObjectName": "Object"
    },
    {
      "ObjectIndex": 7,
      "Type": "Import",
      "ClassPackage": "/Script/CoreUObject",
      "ClassName": "Class",
      "Outer": 27,
      "ObjectName": "Actor"
    },
    {
      "ObjectIndex": 8,
      "Type": "Import",
      "ClassPackage": "/Script/CoreUObject",
      "ClassName": "Class",
      "Outer": 27,
      "ObjectName": "BlueprintGeneratedClass"
    },
    {
      "ObjectIndex": 9,
      "Type": "Import",
      "ClassPackage": "/Script/CoreUObject",
      "ClassName": "Class",
      "Outer": 27,
      "ObjectName": "Pawn"
    },
    {
      "ObjectIndex": 10,
      "Type": "Import",
      "ClassPackage": "/Script/CoreUObject",
      "ClassName": "Class",
      "Outer": 28,
      "ObjectName": "DeepPathfinderCharacter"
    },
    {
      "ObjectIndex": 11,
      "Type": "Import",
      "ClassPackage": "/Script/CoreUObject",
      "ClassName": "Class",
      "Outer": 28,
      "ObjectName": "DeepPathfinderMovement"
    },
    {
      "ObjectIndex": 12,
      "Type": "Import",
      "ClassPackage": "/Script/CoreUObject",
      "ClassName": "Class",
      "Outer": 28,
      "ObjectName": "PathfinderFunctionLibrary"
    },
    {
      "ObjectIndex": 13,
      "Type": "Import",
      "ClassPackage": "/Script/CoreUObject",
      "ClassName": "Enum",
      "Outer": 29,
      "ObjectName": "DeepPathFinderSize"
    },
    {
      "ObjectIndex": 14,
      "Type": "Import",
      "ClassPackage": "/Script/CoreUObject",
      "ClassName": "Enum",
      "Outer": 29,
      "ObjectName": "DeepPathFinderType"
    },
    {
      "ObjectIndex": 15,
      "Type": "Import",
      "ClassPackage": "/Script/CoreUObject",
      "ClassName": "Function",
      "Outer": 3,
      "ObjectName": "GetBlackboardValueAsActor"
    },
    {
      "ObjectIndex": 16,
      "Type": "Import",
      "ClassPackage": "/Script/CoreUObject",
      "ClassName": "Function",
      "Outer": 3,
      "ObjectName": "SetBlackboardValueAsVector"
    },
    {
      "ObjectIndex": 17,
      "Type": "Import",
      "ClassPackage": "/Script/CoreUObject",
      "ClassName": "Function",
      "Outer": 4,
      "ObjectName": "FinishExecute"
    },
    {
      "ObjectIndex": 18,
      "Type": "Import",
      "ClassPackage": "/Script/CoreUObject",
      "ClassName": "Function",
      "Outer": 4,
      "ObjectName": "ReceiveExecuteAI"
    },
    {
      "ObjectIndex": 19,
      "Type": "Import",
      "ClassPackage": "/Script/CoreUObject",
      "ClassName": "Function",
      "Outer": 26,
      "ObjectName": "Default__Function"
    },
    {
      "ObjectIndex": 20,
      "Type": "Import",
      "ClassPackage": "/Script/CoreUObject",
      "ClassName": "Function",
      "Outer": 7,
      "ObjectName": "K2_GetActorLocation"
    },
    {
      "ObjectIndex": 21,
      "Type": "Import",
      "ClassPackage": "/Script/CoreUObject",
      "ClassName": "Function",
      "Outer": 11,
      "ObjectName": "FindPointKeepingDistance"
    },
    {
      "ObjectIndex": 22,
      "Type": "Import",
      "ClassPackage": "/Script/CoreUObject",
      "ClassName": "Function",
      "Outer": 11,
      "ObjectName": "GetPathfinderSize"
    },
    {
      "ObjectIndex": 23,
      "Type": "Import",
      "ClassPackage": "/Script/CoreUObject",
      "ClassName": "Function",
      "Outer": 11,
      "ObjectName": "GetPathfinderType"
    },
    {
      "ObjectIndex": 24,
      "Type": "Import",
      "ClassPackage": "/Script/CoreUObject",
      "ClassName": "Function",
      "Outer": 12,
      "ObjectName": "SnapToGrid"
    },
    {
      "ObjectIndex": 25,
      "Type": "Import",
      "ClassPackage": "/Script/CoreUObject",
      "ClassName": "Package",
      "ObjectName": "/Script/AIModule"
    },
    {
      "ObjectIndex": 26,
      "Type": "Import",
      "ClassPackage": "/Script/CoreUObject",
      "ClassName": "Package",
      "ObjectName": "/Script/CoreUObject"
    },
    {
      "ObjectIndex": 27,
      "Type": "Import",
      "ClassPackage": "/Script/CoreUObject",
      "ClassName": "Package",
      "ObjectName": "/Script/Engine"
    },
    {
      "ObjectIndex": 28,
      "Type": "Import",
      "ClassPackage": "/Script/CoreUObject",
      "ClassName": "Package",
      "ObjectName": "/Script/FSD"
    },
    {
      "ObjectIndex": 29,
      "Type": "Import",
      "ClassPackage": "/Script/CoreUObject",
      "ClassName": "Package",
      "ObjectName": "/Script/FSDEngine"
    },
    {
      "ObjectIndex": 30,
      "Type": "Import",
      "ClassPackage": "/Script/FSD",
      "ClassName": "PathfinderFunctionLibrary",
      "Outer": 28,
      "ObjectName": "Default__PathfinderFunctionLibrary"
    },
    {
      "ObjectIndex": 31,
      "Type": "Import",
      "ClassPackage": "/Script/CoreUObject",
      "ClassName": "ScriptStruct",
      "Outer": 25,
      "ObjectName": "BlackboardKeySelector"
    },
    {
      "ObjectIndex": 32,
      "Type": "Import",
      "ClassPackage": "/Script/CoreUObject",
      "ClassName": "ScriptStruct",
      "Outer": 26,
      "ObjectName": "Vector"
    },
    {
      "ObjectIndex": 33,
      "Type": "Import",
      "ClassPackage": "/Script/CoreUObject",
      "ClassName": "ScriptStruct",
      "Outer": 27,
      "ObjectName": "PointerToUberGraphFrame"
    },
    {
      "ObjectIndex": 34,
      "Type": "Export",
      "ObjectMark": "$AssetObject$"
    },
    {
      "ObjectIndex": 35,
      "Type": "Export",
      "ObjectClass": 34,
      "Outer": -1,
      "ObjectName": "Default__TSK_FindLocationKeepDistance_C",
      "ObjectFlags": 49,
      "Properties": {
        "UberGraphFrame": {},
        "MinDistance": 1000.0,
        "MaxDistance": 1500.0,
        "TargetToAvoid": {
          "AllowedTypes": [],
          "SelectedKeyName": "None",
          "SelectedKeyType": -1,
          "SelectedKeyID": 255,
          "bNoneIsAllowedValue": false
        },
        "IdealDistance": 1500.0,
        "TargetLocation": {
          "AllowedTypes": [],
          "SelectedKeyName": "None",
          "SelectedKeyType": -1,
          "SelectedKeyID": 255,
          "bNoneIsAllowedValue": false
        },
        "$ReferencedObjects": [
          -1
        ]
      }
    }
  ]
}