{
  "AssetClass": "Blueprint",
  "AssetPackage": "/Game/AI/Tasks/TSK_FleeFrom",
  "AssetName": "TSK_FleeFrom",
  "AssetSerializedData": {
    "SkipDependecies": false,
    "SuperStruct": 6,
    "Children": [
      {
        "FieldKind": "Function",
        "ObjectClass": "Function",
        "ObjectName": "GetDanagerLocation",
        "SuperStruct": -1,
        "Children": [],
        "ChildProperties": [
          {
            "FieldKind": "Property",
            "ObjectClass": "StructProperty",
            "ObjectName": "ReturnValue",
            "ArrayDim": 1,
            "PropertyFlags": "1408",
            "RepNotifyFunc": "None",
            "BlueprintReplicationCondition": 0,
            "Struct": 46
          },
          {
            "FieldKind": "Property",
            "ObjectClass": "ObjectProperty",
            "ObjectName": "NewLocalVar_0",
            "ArrayDim": 1,
            "PropertyFlags": "2053",
            "RepNotifyFunc": "None",
            "BlueprintReplicationCondition": 0,
            "PropertyClass": 9
          },
          {
            "FieldKind": "Property",
            "ObjectClass": "BoolProperty",
            "ObjectName": "CallFunc_IsValid_ReturnValue",
            "ArrayDim": 1,
            "PropertyFlags": "0",
            "RepNotifyFunc": "None",
            "BlueprintReplicationCondition": 0,
            "BoolSize": 1,
            "NativeBool": true
          },
          {
            "FieldKind": "Property",
            "ObjectClass": "ObjectProperty",
            "ObjectName": "CallFunc_GetBlackboardValueAsActor_ReturnValue",
            "ArrayDim": 1,
            "PropertyFlags": "0",
            "RepNotifyFunc": "None",
            "BlueprintReplicationCondition": 0,
            "PropertyClass": 9
          },
          {
            "FieldKind": "Property",
            "ObjectClass": "StructProperty",
            "ObjectName": "CallFunc_GetBlackboardValueAsVector_ReturnValue",
            "ArrayDim": 1,
            "PropertyFlags": "0",
            "RepNotifyFunc": "None",
            "BlueprintReplicationCondition": 0,
            "Struct": 46
          },
          {
            "FieldKind": "Property",
            "ObjectClass": "StructProperty",
            "ObjectName": "CallFunc_K2_GetActorLocation_ReturnValue",
            "ArrayDim": 1,
            "PropertyFlags": "0",
            "RepNotifyFunc": "None",
            "BlueprintReplicationCondition": 0,
            "Struct": 46
          }
        ],
        "Script": [
          {
            "Inst": "LetObj",
            "Variable": {
              "Inst": "LocalVariable",
              "VariableType": {
                "PinCategory": "Object",
                "PinSubCategory": "Object",
                "PinSubCategoryObject": "/Script/Engine.Actor"
              },
              "VariableName": "CallFunc_GetBlackboardValueAsActor_ReturnValue"
            },
            "Expression": {
              "Inst": "CallMath",
              "Function": "GetBlackboardValueAsActor",
              "ContextClass": "/Script/AIModule.BTFunctionLibrary",
              "Parameters": [
                {
                  "Inst": "Self"
                },
                {
                  "Inst": "InstanceVariable",
                  "VariableType": {
                    "PinCategory": "Struct",
                    "PinSubCategory": "Struct",
                    "PinSubCategoryObject": "/Script/AIModule.BlackboardKeySelector"
                  },
                  "VariableName": "DangerKey"
                }
              ]
            },
            "StatementIndex": 0
          },
          {
            "Inst": "LetObj",
            "Variable": {
              "Inst": "LocalVariable",
              "VariableType": {
                "PinCategory": "Object",
                "PinSubCategory": "Object",
                "PinSubCategoryObject": "/Script/Engine.Actor"
              },
              "VariableName": "NewLocalVar_0"
            },
            "Expression": {
              "Inst": "LocalVariable",
              "VariableType": {
                "PinCategory": "Object",
                "PinSubCategory": "Object",
                "PinSubCategoryObject": "/Script/Engine.Actor"
              },
              "VariableName": "CallFunc_GetBlackboardValueAsActor_ReturnValue"
            },
            "StatementIndex": 30
          },
          {
            "Inst": "LetBool",
            "Variable": {
              "Inst": "LocalVariable",
              "VariableType": {
                "PinCategory": "bool",
                "PinSubCategory": "bool"
              },
              "VariableName": "CallFunc_IsValid_ReturnValue"
            },
            "Expression": {
              "Inst": "CallMath",
              "Function": "IsValid",
              "ContextClass": "/Script/Engine.KismetSystemLibrary",
              "Parameters": [
                {
                  "Inst": "LocalVariable",
                  "VariableType": {
                    "PinCategory": "Object",
                    "PinSubCategory": "Object",
                    "PinSubCategoryObject": "/Script/Engine.Actor"
                  },
                  "VariableName": "NewLocalVar_0"
                }
              ]
            },
            "StatementIndex": 49
          },
          {
            "Inst": "JumpIfNot",
            "Offset": 174,
            "Condition": {
              "Inst": "LocalVariable",
              "VariableType": {
                "PinCategory": "bool",
                "PinSubCategory": "bool"
              },
              "VariableName": "CallFunc_IsValid_ReturnValue"
            },
            "StatementIndex": 78
          },
          {
            "Inst": "Let",
            "Variable": {
              "Inst": "LocalVariable",
              "VariableType": {
                "PinCategory": "Struct",
                "PinSubCategory": "Struct",
                "PinSubCategoryObject": "/Script/CoreUObject.Vector"
              },
              "VariableName": "CallFunc_K2_GetActorLocation_ReturnValue"
            },
            "Expression": {
              "Inst": "Context",
              "Context": {
                "Inst": "LocalVariable",
                "VariableType": {
                  "PinCategory": "Object",
                  "PinSubCategory": "Object",
                  "PinSubCategoryObject": "/Script/Engine.Actor"
                },
                "VariableName": "NewLocalVar_0"
              },
              "SkipOffsetForNull": 10,
              "RValuePropertyType": {
                "PinCategory": "Struct",
                "PinSubCategory": "Struct",
                "PinSubCategoryObject": "/Script/CoreUObject.Vector"
              },
              "RValuePropertyName": "CallFunc_K2_GetActorLocation_ReturnValue",
              "Expression": {
                "Inst": "FinalFunction",
                "Function": "K2_GetActorLocation",
                "Parameters": []
              }
            },
            "StatementIndex": 92
          },
          {
            "Inst": "Let",
            "Variable": {
              "Inst": "LocalOutVariable",
              "VariableType": {
                "PinCategory": "Struct",
                "PinSubCategory": "Struct",
                "PinSubCategoryObject": "/Script/CoreUObject.Vector"
              },
              "VariableName": "ReturnValue"
            },
            "Expression": {
              "Inst": "LocalVariable",
              "VariableType": {
                "PinCategory": "Struct",
                "PinSubCategory": "Struct",
                "PinSubCategoryObject": "/Script/CoreUObject.Vector"
              },
              "VariableName": "CallFunc_K2_GetActorLocation_ReturnValue"
            },
            "StatementIndex": 142
          },
          {
            "Inst": "Jump",
            "Offset": 239,
            "StatementIndex": 169
          },
          {
            "Inst": "Let",
            "Variable": {
              "Inst": "LocalVariable",
              "VariableType": {
                "PinCategory": "Struct",
                "PinSubCategory": "Struct",
                "PinSubCategoryObject": "/Script/CoreUObject.Vector"
              },
              "VariableName": "CallFunc_GetBlackboardValueAsVector_ReturnValue"
            },
            "Expression": {
              "Inst": "CallMath",
              "Function": "GetBlackboardValueAsVector",
              "ContextClass": "/Script/AIModule.BTFunctionLibrary",
              "Parameters": [
                {
                  "Inst": "Self"
                },
                {
                  "Inst": "InstanceVariable",
                  "VariableType": {
                    "PinCategory": "Struct",
                    "PinSubCategory": "Struct",
                    "PinSubCategoryObject": "/Script/AIModule.BlackboardKeySelector"
                  },
                  "VariableName": "DangerKey"
                }
              ]
            },
            "StatementIndex": 174
          },
          {
            "Inst": "Let",
            "Variable": {
              "Inst": "LocalOutVariable",
              "VariableType": {
                "PinCategory": "Struct",
                "PinSubCategory": "Struct",
                "PinSubCategoryObject": "/Script/CoreUObject.Vector"
              },
              "VariableName": "ReturnValue"
            },
            "Expression": {
              "Inst": "LocalVariable",
              "VariableType": {
                "PinCategory": "Struct",
                "PinSubCategory": "Struct",
                "PinSubCategoryObject": "/Script/CoreUObject.Vector"
              },
              "VariableName": "CallFunc_GetBlackboardValueAsVector_ReturnValue"
            },
            "StatementIndex": 212
          },
          {
            "Inst": "Return",
            "Expression": {
              "Inst": "LocalOutVariable",
              "VariableType": {
                "PinCategory": "Struct",
                "PinSubCategory": "Struct",
                "PinSubCategoryObject": "/Script/CoreUObject.Vector"
              },
              "VariableName": "ReturnValue"
            },
            "StatementIndex": 239
          },
          {
            "Inst": "EndOfScript",
            "StatementIndex": 249
          }
        ],
        "FunctionFlags": "474087424"
      },
      {
        "FieldKind": "Function",
        "ObjectClass": "Function",
        "ObjectName": "SetFleeFalse",
        "SuperStruct": -1,
        "Children": [],
        "ChildProperties": [
          {
            "FieldKind": "Property",
            "ObjectClass": "ObjectProperty",
            "ObjectName": "Controller",
            "ArrayDim": 1,
            "PropertyFlags": "148",
            "RepNotifyFunc": "None",
            "BlueprintReplicationCondition": 0,
            "PropertyClass": 11
          },
          {
            "FieldKind": "Property",
            "ObjectClass": "NameProperty",
            "ObjectName": "CallFunc_MakeLiteralName_ReturnValue",
            "ArrayDim": 1,
            "PropertyFlags": "0",
            "RepNotifyFunc": "None",
            "BlueprintReplicationCondition": 0
          },
          {
            "FieldKind": "Property",
            "ObjectClass": "ObjectProperty",
            "ObjectName": "CallFunc_GetBlackboard_ReturnValue",
            "ArrayDim": 1,
            "PropertyFlags": "524288",
            "RepNotifyFunc": "None",
            "BlueprintReplicationCondition": 0,
            "PropertyClass": 4
          },
          {
            "FieldKind": "Property",
            "ObjectClass": "BoolProperty",
            "ObjectName": "CallFunc_IsValid_ReturnValue",
            "ArrayDim": 1,
            "PropertyFlags": "0",
            "RepNotifyFunc": "None",
            "BlueprintReplicationCondition": 0,
            "BoolSize": 1,
            "NativeBool": true
          }
        ],
        "Script": [
          {
            "Inst": "LetObj",
            "Variable": {
              "Inst": "LocalVariable",
              "VariableType": {
                "PinCategory": "Object",
                "PinSubCategory": "Object",
                "PinSubCategoryObject": "/Script/AIModule.BlackboardComponent"
              },
              "VariableName": "CallFunc_GetBlackboard_ReturnValue"
            },
            "Expression": {
              "Inst": "CallMath",
              "Function": "GetBlackboard",
              "ContextClass": "/Script/AIModule.AIBlueprintHelperLibrary",
              "Parameters": [
                {
                  "Inst": "LocalVariable",
                  "VariableType": {
                    "PinCategory": "Object",
                    "PinSubCategory": "Object",
                    "PinSubCategoryObject": "/Script/Engine.Controller"
                  },
                  "VariableName": "Controller"
                }
              ]
            },
            "StatementIndex": 0
          },
          {
            "Inst": "LetBool",
            "Variable": {
              "Inst": "LocalVariable",
              "VariableType": {
                "PinCategory": "bool",
                "PinSubCategory": "bool"
              },
              "VariableName": "CallFunc_IsValid_ReturnValue"
            },
            "Expression": {
              "Inst": "CallMath",
              "Function": "IsValid",
              "ContextClass": "/Script/Engine.KismetSystemLibrary",
              "Parameters": [
                {
                  "Inst": "LocalVariable",
                  "VariableType": {
                    "PinCategory": "Object",
                    "PinSubCategory": "Object",
                    "PinSubCategoryObject": "/Script/AIModule.BlackboardComponent"
                  },
                  "VariableName": "CallFunc_GetBlackboard_ReturnValue"
                }
              ]
            },
            "StatementIndex": 29
          },
          {
            "Inst": "JumpIfNot",
            "Offset": 184,
            "Condition": {
              "Inst": "LocalVariable",
              "VariableType": {
                "PinCategory": "bool",
                "PinSubCategory": "bool"
              },
              "VariableName": "CallFunc_IsValid_ReturnValue"
            },
            "StatementIndex": 58
          },
          {
            "Inst": "Let",
            "Variable": {
              "Inst": "LocalVariable",
              "VariableType": {
                "PinCategory": "Name",
                "PinSubCategory": "Name"
              },
              "VariableName": "CallFunc_MakeLiteralName_ReturnValue"
            },
            "Expression": {
              "Inst": "CallMath",
              "Function": "MakeLiteralName",
              "ContextClass": "/Script/Engine.KismetSystemLibrary",
              "Parameters": [
                {
                  "Inst": "NameConst",
                  "Value": "IsFleeing"
                }
              ]
            },
            "StatementIndex": 72
          },
          {
            "Inst": "LetObj",
            "Variable": {
              "Inst": "LocalVariable",
              "VariableType": {
                "PinCategory": "Object",
                "PinSubCategory": "Object",
                "PinSubCategoryObject": "/Script/AIModule.BlackboardComponent"
              },
              "VariableName": "CallFunc_GetBlackboard_ReturnValue"
            },
            "Expression": {
              "Inst": "CallMath",
              "Function": "GetBlackboard",
              "ContextClass": "/Script/AIModule.AIBlueprintHelperLibrary",
              "Parameters": [
                {
                  "Inst": "LocalVariable",
                  "VariableType": {
                    "PinCategory": "Object",
                    "PinSubCategory": "Object",
                    "PinSubCategoryObject": "/Script/Engine.Controller"
                  },
                  "VariableName": "Controller"
                }
              ]
            },
            "StatementIndex": 113
          },
          {
            "Inst": "Context",
            "Context": {
              "Inst": "LocalVariable",
              "VariableType": {
                "PinCategory": "Object",
                "PinSubCategory": "Object",
                "PinSubCategoryObject": "/Script/AIModule.BlackboardComponent"
              },
              "VariableName": "CallFunc_GetBlackboard_ReturnValue"
            },
            "SkipOffsetForNull": 20,
            "Expression": {
              "Inst": "FinalFunction",
              "Function": "SetValueAsBool",
              "Parameters": [
                {
                  "Inst": "LocalVariable",
                  "VariableType": {
                    "PinCategory": "Name",
                    "PinSubCategory": "Name"
                  },
                  "VariableName": "CallFunc_MakeLiteralName_ReturnValue"
                },
                {
                  "Inst": "False"
                }
              ]
            },
            "StatementIndex": 142
          },
          {
            "Inst": "Return",
            "Expression": {
              "Inst": "Nothing"
            },
            "StatementIndex": 184
          },
          {
            "Inst": "EndOfScript",
            "StatementIndex": 186
          }
        ],
        "FunctionFlags": "201457664"
      },
      {
        "FieldKind": "Function",
        "ObjectClass": "Function",
        "ObjectName": "OutsideDanger",
        "SuperStruct": -1,
        "Children": [],
        "ChildProperties": [
          {
            "FieldKind": "Property",
            "ObjectClass": "ObjectProperty",
            "ObjectName": "Pawn",
            "ArrayDim": 1,
            "PropertyFlags": "148",
            "RepNotifyFunc": "None",
            "BlueprintReplicationCondition": 0,
            "PropertyClass": 9
          },
          {
            "FieldKind": "Property",
            "ObjectClass": "BoolProperty",
            "ObjectName": "res",
            "ArrayDim": 1,
            "PropertyFlags": "384",
            "RepNotifyFunc": "None",
            "BlueprintReplicationCondition": 0,
            "BoolSize": 1,
            "NativeBool": true
          },
          {
            "FieldKind": "Property",
            "ObjectClass": "StructProperty",
            "ObjectName": "CallFunc_GetDanagerLocation_ReturnValue",
            "ArrayDim": 1,
            "PropertyFlags": "0",
            "RepNotifyFunc": "None",
            "BlueprintReplicationCondition": 0,
            "Struct": 46
          },
          {
            "FieldKind": "Property",
            "ObjectClass": "StructProperty",
            "ObjectName": "CallFunc_K2_GetActorLocation_ReturnValue",
            "ArrayDim": 1,
            "PropertyFlags": "0",
            "RepNotifyFunc": "None",
            "BlueprintReplicationCondition": 0,
            "Struct": 46
          },
          {
            "FieldKind": "Property",
            "ObjectClass": "StructProperty",
            "ObjectName": "CallFunc_Subtract_VectorVector_ReturnValue",
            "ArrayDim": 1,
            "PropertyFlags": "0",
            "RepNotifyFunc": "None",
            "BlueprintReplicationCondition": 0,
            "Struct": 46
          },
          {
            "FieldKind": "Property",
            "ObjectClass": "FloatProperty",
            "ObjectName": "CallFunc_VSize_ReturnValue",
            "ArrayDim": 1,
            "PropertyFlags": "0",
            "RepNotifyFunc": "None",
            "BlueprintReplicationCondition": 0
          },
          {
            "FieldKind": "Property",
            "ObjectClass": "BoolProperty",
            "ObjectName": "CallFunc_Greater_FloatFloat_ReturnValue",
            "ArrayDim": 1,
            "PropertyFlags": "0",
            "RepNotifyFunc": "None",
            "BlueprintReplicationCondition": 0,
            "BoolSize": 1,
            "NativeBool": true
          }
        ],
        "Script": [
          {
            "Inst": "Let",
            "Variable": {
              "Inst": "LocalVariable",
              "VariableType": {
                "PinCategory": "Struct",
                "PinSubCategory": "Struct",
                "PinSubCategoryObject": "/Script/CoreUObject.Vector"
              },
              "VariableName": "CallFunc_GetDanagerLocation_ReturnValue"
            },
            "Expression": {
              "Inst": "LocalVirtualFunction",
              "FunctionName": "GetDanagerLocation",
              "Parameters": []
            },
            "StatementIndex": 0
          },
          {
            "Inst": "Let",
            "Variable": {
              "Inst": "LocalVariable",
              "VariableType": {
                "PinCategory": "Struct",
                "PinSubCategory": "Struct",
                "PinSubCategoryObject": "/Script/CoreUObject.Vector"
              },
              "VariableName": "CallFunc_K2_GetActorLocation_ReturnValue"
            },
            "Expression": {
              "Inst": "Context",
              "Context": {
                "Inst": "LocalVariable",
                "VariableType": {
                  "PinCategory": "Object",
                  "PinSubCategory": "Object",
                  "PinSubCategoryObject": "/Script/Engine.Actor"
                },
                "VariableName": "Pawn"
              },
              "SkipOffsetForNull": 10,
              "RValuePropertyType": {
                "PinCategory": "Struct",
                "PinSubCategory": "Struct",
                "PinSubCategoryObject": "/Script/CoreUObject.Vector"
              },
              "RValuePropertyName": "CallFunc_K2_GetActorLocation_ReturnValue",
              "Expression": {
                "Inst": "FinalFunction",
                "Function": "K2_GetActorLocation",
                "Parameters": []
              }
            },
            "StatementIndex": 32
          },
          {
            "Inst": "Let",
            "Variable": {
              "Inst": "LocalVariable",
              "VariableType": {
                "PinCategory": "Struct",
                "PinSubCategory": "Struct",
                "PinSubCategoryObject": "/Script/CoreUObject.Vector"
              },
              "VariableName": "CallFunc_Subtract_VectorVector_ReturnValue"
            },
            "Expression": {
              "Inst": "CallMath",
              "Function": "Subtract_VectorVector",
              "ContextClass": "/Script/Engine.KismetMathLibrary",
              "Parameters": [
                {
                  "Inst": "LocalVariable",
                  "VariableType": {
                    "PinCategory": "Struct",
                    "PinSubCategory": "Struct",
                    "PinSubCategoryObject": "/Script/CoreUObject.Vector"
                  },
                  "VariableName": "CallFunc_K2_GetActorLocation_ReturnValue"
                },
                {
                  "Inst": "LocalVariable",
                  "VariableType": {
                    "PinCategory": "Struct",
                    "PinSubCategory": "Struct",
                    "PinSubCategoryObject": "/Script/CoreUObject.Vector"
                  },
                  "VariableName": "CallFunc_GetDanagerLocation_ReturnValue"
                }
              ]
            },
            "StatementIndex": 82
          },
          {
            "Inst": "Let",
            "Variable": {
              "Inst": "LocalVariable",
              "VariableType": {
                "PinCategory": "Float",
                "PinSubCategory": "Float"
              },
              "VariableName": "CallFunc_VSize_ReturnValue"
            },
            "Expression": {
              "Inst": "CallMath",
              "Function": "VSize",
              "ContextClass": "/Script/Engine.KismetMathLibrary",
              "Parameters": [
                {
                  "Inst": "LocalVariable",
                  "VariableType": {
                    "PinCategory": "Struct",
                    "PinSubCategory": "Struct",
                    "PinSubCategoryObject": "/Script/CoreUObject.Vector"
                  },
                  "VariableName": "CallFunc_Subtract_VectorVector_ReturnValue"
                }
              ]
            },
            "StatementIndex": 128
          },
          {
            "Inst": "LetBool",
            "Variable": {
              "Inst": "LocalVariable",
              "VariableType": {
                "PinCategory": "bool",
                "PinSubCategory": "bool"
              },
              "VariableName": "CallFunc_Greater_FloatFloat_ReturnValue"
            },
            "Expression": {
              "Inst": "CallMath",
              "Function": "Greater_FloatFloat",
              "ContextClass": "/Script/Engine.KismetMathLibrary",
              "Parameters": [
                {
                  "Inst": "LocalVariable",
                  "VariableType": {
                    "PinCategory": "Float",
                    "PinSubCategory": "Float"
                  },
                  "VariableName": "CallFunc_VSize_ReturnValue"
                },
                {
                  "Inst": "InstanceVariable",
                  "VariableType": {
                    "PinCategory": "Float",
                    "PinSubCategory": "Float"
                  },
                  "VariableName": "Distance"
                }
              ]
            },
            "StatementIndex": 165
          },
          {
            "Inst": "LetBool",
            "Variable": {
              "Inst": "LocalOutVariable",
              "VariableType": {
                "PinCategory": "bool",
                "PinSubCategory": "bool"
              },
              "VariableName": "res"
            },
            "Expression": {
              "Inst": "LocalVariable",
              "VariableType": {
                "PinCategory": "bool",
                "PinSubCategory": "bool"
              },
              "VariableName": "CallFunc_Greater_FloatFloat_ReturnValue"
            },
            "StatementIndex": 203
          },
          {
            "Inst": "Return",
            "Expression": {
              "Inst": "Nothing"
            },
            "StatementIndex": 222
          },
          {
            "Inst": "EndOfScript",
            "StatementIndex": 224
          }
        ],
        "FunctionFlags": "205651968"
      },
      {
        "FieldKind": "Function",
        "ObjectClass": "Function",
        "ObjectName": "ReceiveExecuteAI",
        "SuperStruct": 26,
        "Children": [],
        "ChildProperties": [
          {
            "FieldKind": "Property",
            "ObjectClass": "ObjectProperty",
            "ObjectName": "OwnerController",
            "ArrayDim": 1,
            "PropertyFlags": "148",
            "RepNotifyFunc": "None",
            "BlueprintReplicationCondition": 0,
            "PropertyClass": 3
          },
          {
            "FieldKind": "Property",
            "ObjectClass": "ObjectProperty",
            "ObjectName": "ControlledPawn",
            "ArrayDim": 1,
            "PropertyFlags": "148",
            "RepNotifyFunc": "None",
            "BlueprintReplicationCondition": 0,
            "PropertyClass": 14
          }
        ],
        "Script": [
          {
            "Inst": "LetValueOnPersistentFrame",
            "PropertyName": "K2Node_Event_OwnerController_1",
            "PropertyType": {
              "PinCategory": "Object",
              "PinSubCategory": "Object",
              "PinSubCategoryObject": "/Script/AIModule.AIController"
            },
            "Expression": {
              "Inst": "LocalVariable",
              "VariableType": {
                "PinCategory": "Object",
                "PinSubCategory": "Object",
                "PinSubCategoryObject": "/Script/AIModule.AIController"
              },
              "VariableName": "OwnerController"
            },
            "StatementIndex": 0
          },
          {
            "Inst": "LetValueOnPersistentFrame",
            "PropertyName": "K2Node_Event_ControlledPawn_1",
            "PropertyType": {
              "PinCategory": "Object",
              "PinSubCategory": "Object",
              "PinSubCategoryObject": "/Script/Engine.Pawn"
            },
            "Expression": {
              "Inst": "LocalVariable",
              "VariableType": {
                "PinCategory": "Object",
                "PinSubCategory": "Object",
                "PinSubCategoryObject": "/Script/Engine.Pawn"
              },
              "VariableName": "ControlledPawn"
            },
            "StatementIndex": 18
          },
          {
            "Inst": "LocalFinalFunction",
            "Function": "ExecuteUbergraph_TSK_FleeFrom",
            "Parameters": [
              {
                "Inst": "IntConst",
                "Value": 230
              }
            ],
            "StatementIndex": 36
          },
          {
            "Inst": "Return",
            "Expression": {
              "Inst": "Nothing"
            },
            "StatementIndex": 51
          },
          {
            "Inst": "EndOfScript",
            "StatementIndex": 53
          }
        ],
        "FunctionFlags": "134744064"
      },
      {
        "FieldKind": "Function",
        "ObjectClass": "Function",
        "ObjectName": "PathDone",
        "SuperStruct": -1,
        "Children": [],
        "ChildProperties": [
          {
            "FieldKind": "Property",
            "ObjectClass": "BoolProperty",
            "ObjectName": "success",
            "ArrayDim": 1,
            "PropertyFlags": "148",
            "RepNotifyFunc": "None",
            "BlueprintReplicationCondition": 0,
            "BoolSize": 1,
            "NativeBool": true
          }
        ],
        "Script": [
          {
            "Inst": "LetValueOnPersistentFrame",
            "PropertyName": "K2Node_CustomEvent_success",
            "PropertyType": {
              "PinCategory": "bool",
              "PinSubCategory": "bool"
            },
            "Expression": {
              "Inst": "LocalVariable",
              "VariableType": {
                "PinCategory": "bool",
                "PinSubCategory": "bool"
              },
              "VariableName": "success"
            },
            "StatementIndex": 0
          },
          {
            "Inst": "LocalFinalFunction",
            "Function": "ExecuteUbergraph_TSK_FleeFrom",
            "Parameters": [
              {
                "Inst": "IntConst",
                "Value": 703
              }
            ],
            "StatementIndex": 18
          },
          {
            "Inst": "Return",
            "Expression": {
              "Inst": "Nothing"
            },
            "StatementIndex": 33
          },
          {
            "Inst": "EndOfScript",
            "StatementIndex": 35
          }
        ],
        "FunctionFlags": "201326592"
      },
      {
        "FieldKind": "Function",
        "ObjectClass": "Function",
        "ObjectName": "RefreshDest",
        "SuperStruct": -1,
        "Children": [],
        "ChildProperties": [],
        "Script": [
          {
            "Inst": "LocalFinalFunction",
            "Function": "ExecuteUbergraph_TSK_FleeFrom",
            "Parameters": [
              {
                "Inst": "IntConst",
                "Value": 896
              }
            ],
            "StatementIndex": 0
          },
          {
            "Inst": "Return",
            "Expression": {
              "Inst": "Nothing"
            },
            "StatementIndex": 15
          },
          {
            "Inst": "EndOfScript",
            "StatementIndex": 17
          }
        ],
        "FunctionFlags": "201326592"
      },
      {
        "FieldKind": "Function",
        "ObjectClass": "Function",
        "ObjectName": "ReceiveAbortAI",
        "SuperStruct": 25,
        "Children": [],
        "ChildProperties": [
          {
            "FieldKind": "Property",
            "ObjectClass": "ObjectProperty",
            "ObjectName": "OwnerController",
            "ArrayDim": 1,
            "PropertyFlags": "148",
            "RepNotifyFunc": "None",
            "BlueprintReplicationCondition": 0,
            "PropertyClass": 3
          },
          {
            "FieldKind": "Property",
            "ObjectClass": "ObjectProperty",
            "ObjectName": "ControlledPawn",
            "ArrayDim": 1,
            "PropertyFlags": "148",
            "RepNotifyFunc": "None",
            "BlueprintReplicationCondition": 0,
            "PropertyClass": 14
          }
        ],
        "Script": [
          {
            "Inst": "LetValueOnPersistentFrame",
            "PropertyName": "K2Node_Event_OwnerController",
            "PropertyType": {
              "PinCategory": "Object",
              "PinSubCategory": "Object",
              "PinSubCategoryObject": "/Script/AIModule.AIController"
            },
            "Expression": {
              "Inst": "LocalVariable",
              "VariableType": {
                "PinCategory": "Object",
                "PinSubCategory": "Object",
                "PinSubCategoryObject": "/Script/AIModule.AIController"
              },
              "VariableName": "OwnerController"
            },
            "StatementIndex": 0
          },
          {
            "Inst": "LetValueOnPersistentFrame",
            "PropertyName": "K2Node_Event_ControlledPawn",
            "PropertyType": {
              "PinCategory": "Object",
              "PinSubCategory": "Object",
              "PinSubCategoryObject": "/Script/Engine.Pawn"
            },
            "Expression": {
              "Inst": "LocalVariable",
              "VariableType": {
                "PinCategory": "Object",
                "PinSubCategory": "Object",
                "PinSubCategoryObject": "/Script/Engine.Pawn"
              },
              "VariableName": "ControlledPawn"
            },
            "StatementIndex": 18
          },
          {
            "Inst": "LocalFinalFunction",
            "Function": "ExecuteUbergraph_TSK_FleeFrom",
            "Parameters": [
              {
                "Inst": "IntConst",
                "Value": 998
              }
            ],
            "StatementIndex": 36
          },
          {
            "Inst": "Return",
            "Expression": {
              "Inst": "Nothing"
            },
            "StatementIndex": 51
          },
          {
            "Inst": "EndOfScript",
            "StatementIndex": 53
          }
        ],
        "FunctionFlags": "134744064"
      },
      {
        "FieldKind": "Function",
        "ObjectClass": "Function",
        "ObjectName": "ExecuteUbergraph_TSK_FleeFrom",
        "SuperStruct": -1,
        "Children": [],
        "ChildProperties": [
          {
            "FieldKind": "Property",
            "ObjectClass": "IntProperty",
            "ObjectName": "EntryPoint",
            "ArrayDim": 1,
            "PropertyFlags": "148",
            "RepNotifyFunc": "None",
            "BlueprintReplicationCondition": 0
          },
          {
            "FieldKind": "Property",
            "ObjectClass": "StructProperty",
            "ObjectName": "CallFunc_GetDanagerLocation_ReturnValue",
            "ArrayDim": 1,
            "PropertyFlags": "0",
            "RepNotifyFunc": "None",
            "BlueprintReplicationCondition": 0,
            "Struct": 46
          },
          {
            "FieldKind": "Property",
            "ObjectClass": "DelegateProperty",
            "ObjectName": "K2Node_CreateDelegate_OutputDelegate",
            "ArrayDim": 1,
            "PropertyFlags": "0",
            "RepNotifyFunc": "None",
            "BlueprintReplicationCondition": 0,
            "SignatureFunction": "RefreshDestination__DelegateSignature"
          },
          {
            "FieldKind": "Property",
            "ObjectClass": "ObjectProperty",
            "ObjectName": "K2Node_Event_OwnerController_1",
            "ArrayDim": 1,
            "PropertyFlags": "0",
            "RepNotifyFunc": "None",
            "BlueprintReplicationCondition": 0,
            "PropertyClass": 3
          },
          {
            "FieldKind": "Property",
            "ObjectClass": "ObjectProperty",
            "ObjectName": "K2Node_Event_ControlledPawn_1",
            "ArrayDim": 1,
            "PropertyFlags": "0",
            "RepNotifyFunc": "None",
            "BlueprintReplicationCondition": 0,
            "PropertyClass": 14
          },
          {
            "FieldKind": "Property",
            "ObjectClass": "BoolProperty",
            "ObjectName": "CallFunc_OutsideDanger_res",
            "ArrayDim": 1,
            "PropertyFlags": "0",
            "RepNotifyFunc": "None",
            "BlueprintReplicationCondition": 0,
            "BoolSize": 1,
            "NativeBool": true
          },
          {
            "FieldKind": "Property",
            "ObjectClass": "ObjectProperty",
            "ObjectName": "K2Node_DynamicCast_AsDeep_Pathfinder_Character",
            "ArrayDim": 1,
            "PropertyFlags": "0",
            "RepNotifyFunc": "None",
            "BlueprintReplicationCondition": 0,
            "PropertyClass": 15
          },
          {
            "FieldKind": "Property",
            "ObjectClass": "BoolProperty",
            "ObjectName": "K2Node_DynamicCast_bSuccess",
            "ArrayDim": 1,
            "PropertyFlags": "0",
            "RepNotifyFunc": "None",
            "BlueprintReplicationCondition": 0,
            "BoolSize": 1,
            "NativeBool": true
          },
          {
            "FieldKind": "Property",
            "ObjectClass": "BoolProperty",
            "ObjectName": "K2Node_CustomEvent_success",
            "ArrayDim": 1,
            "PropertyFlags": "0",
            "RepNotifyFunc": "None",
            "BlueprintReplicationCondition": 0,
            "BoolSize": 1,
            "NativeBool": true
          },
          {
            "FieldKind": "Property",
            "ObjectClass": "StructProperty",
            "ObjectName": "CallFunc_GetBlackboardValueAsVector_ReturnValue",
            "ArrayDim": 1,
            "PropertyFlags": "0",
            "RepNotifyFunc": "None",
            "BlueprintReplicationCondition": 0,
            "Struct": 46
          },
          {
            "FieldKind": "Property",
            "ObjectClass": "BoolProperty",
            "ObjectName": "CallFunc_StartFleeFrom_ReturnValue",
            "ArrayDim": 1,
            "PropertyFlags": "0",
            "RepNotifyFunc": "None",
            "BlueprintReplicationCondition": 0,
            "BoolSize": 1,
            "NativeBool": true
          },
          {
            "FieldKind": "Property",
            "ObjectClass": "ObjectProperty",
            "ObjectName": "K2Node_Event_OwnerController",
            "ArrayDim": 1,
            "PropertyFlags": "0",
            "RepNotifyFunc": "None",
            "BlueprintReplicationCondition": 0,
            "PropertyClass": 3
          },
          {
            "FieldKind": "Property",
            "ObjectClass": "ObjectProperty",
            "ObjectName": "K2Node_Event_ControlledPawn",
            "ArrayDim": 1,
            "PropertyFlags": "0",
            "RepNotifyFunc": "None",
            "BlueprintReplicationCondition": 0,
            "PropertyClass": 14
          },
          {
            "FieldKind": "Property",
            "ObjectClass": "ObjectProperty",
            "ObjectName": "K2Node_DynamicCast_AsDeep_Pathfinder_Character_1",
            "ArrayDim": 1,
            "PropertyFlags": "0",
            "RepNotifyFunc": "None",
            "BlueprintReplicationCondition": 0,
            "PropertyClass": 15
          },
          {
            "FieldKind": "Property",
            "ObjectClass": "BoolProperty",
            "ObjectName": "K2Node_DynamicCast_bSuccess_1",
            "ArrayDim": 1,
            "PropertyFlags": "0",
            "RepNotifyFunc": "None",
            "BlueprintReplicationCondition": 0,
            "BoolSize": 1,
            "NativeBool": true
          },
          {
            "FieldKind": "Property",
            "ObjectClass": "DelegateProperty",
            "ObjectName": "K2Node_CreateDelegate_OutputDelegate_1",
            "ArrayDim": 1,
            "PropertyFlags": "0",
            "RepNotifyFunc": "None",
            "BlueprintReplicationCondition": 0,
            "SignatureFunction": "PathFinished__DelegateSignature"
          },
          {
            "FieldKind": "Property",
            "ObjectClass": "FloatProperty",
            "ObjectName": "CallFunc_Multiply_FloatFloat_ReturnValue",
            "ArrayDim": 1,
            "PropertyFlags": "0",
            "RepNotifyFunc": "None",
            "BlueprintReplicationCondition": 0
          },
          {
            "FieldKind": "Property",
            "ObjectClass": "FloatProperty",
            "ObjectName": "CallFunc_RandomFloatInRange_ReturnValue",
            "ArrayDim": 1,
            "PropertyFlags": "0",
            "RepNotifyFunc": "None",
            "BlueprintReplicationCondition": 0
          },
          {
            "FieldKind": "Property",
            "ObjectClass": "FloatProperty",
            "ObjectName": "CallFunc_Add_FloatFloat_ReturnValue",
            "ArrayDim": 1,
            "PropertyFlags": "0",
            "RepNotifyFunc": "None",
            "BlueprintReplicationCondition": 0
          }
        ],
        "Script": [
          {
            "Inst": "PushExecutionFlow",
            "Offset": 1310,
            "StatementIndex": 0
          },
          {
            "Inst": "ComputedJump",
            "OffsetExpression": {
              "Inst": "LocalVariable",
              "VariableType": {
                "PinCategory": "int",
                "PinSubCategory": "int"
              },
              "VariableName": "EntryPoint"
            },
            "StatementIndex": 5
          },
          {
            "Inst": "LocalVirtualFunction",
            "FunctionName": "SetFleeFalse",
            "Parameters": [
              {
                "Inst": "LocalVariable",
                "VariableType": {
                  "PinCategory": "Object",
                  "PinSubCategory": "Object",
                  "PinSubCategoryObject": "/Script/AIModule.AIController"
                },
                "VariableName": "K2Node_Event_OwnerController_1"
              }
            ],
            "StatementIndex": 15
          },
          {
            "Inst": "BindDelegate",
            "FunctionName": "PathDone",
            "Delegate": {
              "Inst": "LocalVariable",
              "VariableType": {
                "PinCategory": "Delegate",
                "PinSubCategory": "Delegate"
              },
              "VariableName": "K2Node_CreateDelegate_OutputDelegate_1"
            },
            "Object": {
              "Inst": "Self"
            },
            "StatementIndex": 38
          },
          {
            "Inst": "RemoveMulticastDelegate",
            "MulticastDelegate": {
              "Inst": "Context",
              "Context": {
                "Inst": "Context",
                "Context": {
                  "Inst": "LocalVariable",
                  "VariableType": {
                    "PinCategory": "Object",
                    "PinSubCategory": "Object",
                    "PinSubCategoryObject": "/Script/FSD.DeepPathfinderCharacter"
                  },
                  "VariableName": "K2Node_DynamicCast_AsDeep_Pathfinder_Character"
                },
                "SkipOffsetForNull": 9,
                "RValuePropertyType": "##NOT SERIALIZED##",
                "RValuePropertyName": "PathfinderMovement",
                "Expression": {
                  "Inst": "InstanceVariable",
                  "VariableType": "##NOT SERIALIZED##",
                  "VariableName": "PathfinderMovement"
                }
              },
              "SkipOffsetForNull": 9,
              "RValuePropertyType": "##NOT SERIALIZED##",
              "RValuePropertyName": "OnPathFinished",
              "Expression": {
                "Inst": "InstanceVariable",
                "VariableType": "##NOT SERIALIZED##",
                "VariableName": "OnPathFinished"
              }
            },
            "Delegate": {
              "Inst": "LocalVariable",
              "VariableType": {
                "PinCategory": "Delegate",
                "PinSubCategory": "Delegate"
              },
              "VariableName": "K2Node_CreateDelegate_OutputDelegate_1"
            },
            "StatementIndex": 61
          },
          {
            "Inst": "BindDelegate",
            "FunctionName": "RefreshDest",
            "Delegate": {
              "Inst": "LocalVariable",
              "VariableType": {
                "PinCategory": "Delegate",
                "PinSubCategory": "Delegate"
              },
              "VariableName": "K2Node_CreateDelegate_OutputDelegate"
            },
            "Object": {
              "Inst": "Self"
            },
            "StatementIndex": 124
          },
          {
            "Inst": "RemoveMulticastDelegate",
            "MulticastDelegate": {
              "Inst": "Context",
              "Context": {
                "Inst": "Context",
                "Context": {
                  "Inst": "LocalVariable",
                  "VariableType": {
                    "PinCategory": "Object",
                    "PinSubCategory": "Object",
                    "PinSubCategoryObject": "/Script/FSD.DeepPathfinderCharacter"
                  },
                  "VariableName": "K2Node_DynamicCast_AsDeep_Pathfinder_Character"
                },
                "SkipOffsetForNull": 9,
                "RValuePropertyType": "##NOT SERIALIZED##",
                "RValuePropertyName": "PathfinderMovement",
                "Expression": {
                  "Inst": "InstanceVariable",
                  "VariableType": "##NOT SERIALIZED##",
                  "VariableName": "PathfinderMovement"
                }
              },
              "SkipOffsetForNull": 9,
              "RValuePropertyType": "##NOT SERIALIZED##",
              "RValuePropertyName": "OnRefreshDestination",
              "Expression": {
                "Inst": "InstanceVariable",
                "VariableType": "##NOT SERIALIZED##",
                "VariableName": "OnRefreshDestination"
              }
            },
            "Delegate": {
              "Inst": "LocalVariable",
              "VariableType": {
                "PinCategory": "Delegate",
                "PinSubCategory": "Delegate"
              },
              "VariableName": "K2Node_CreateDelegate_OutputDelegate"
            },
            "StatementIndex": 147
          },
          {
            "Inst": "FinalFunction",
            "Function": "FinishExecute",
            "Parameters": [
              {
                "Inst": "LocalVariable",
                "VariableType": {
                  "PinCategory": "bool",
                  "PinSubCategory": "bool"
                },
                "VariableName": "K2Node_CustomEvent_success"
              }
            ],
            "StatementIndex": 210
          },
          {
            "Inst": "PopExecutionFlow",
            "StatementIndex": 229
          },
          {
            "Inst": "Let",
            "Variable": {
              "Inst": "LocalVariable",
              "VariableType": {
                "PinCategory": "Object",
                "PinSubCategory": "Object",
                "PinSubCategoryObject": "/Script/FSD.DeepPathfinderCharacter"
              },
              "VariableName": "K2Node_DynamicCast_AsDeep_Pathfinder_Character"
            },
            "Expression": {
              "Inst": "DynamicCast",
              "Class": "/Script/FSD.DeepPathfinderCharacter",
              "Expression": {
                "Inst": "LocalVariable",
                "VariableType": {
                  "PinCategory": "Object",
                  "PinSubCategory": "Object",
                  "PinSubCategoryObject": "/Script/Engine.Pawn"
                },
                "VariableName": "K2Node_Event_ControlledPawn_1"
              }
            },
            "StatementIndex": 230
          },
          {
            "Inst": "Let",
            "Variable": {
              "Inst": "LocalVariable",
              "VariableType": {
                "PinCategory": "bool",
                "PinSubCategory": "bool"
              },
              "VariableName": "K2Node_DynamicCast_bSuccess"
            },
            "Expression": {
              "Inst": "PrimitiveCast",
              "CastType": "ObjectToBool",
              "Expression": {
                "Inst": "LocalVariable",
                "VariableType": {
                  "PinCategory": "Object",
                  "PinSubCategory": "Object",
                  "PinSubCategoryObject": "/Script/FSD.DeepPathfinderCharacter"
                },
                "VariableName": "K2Node_DynamicCast_AsDeep_Pathfinder_Character"
              }
            },
            "StatementIndex": 266
          },
          {
            "Inst": "JumpIfNot",
            "Offset": 390,
            "Condition": {
              "Inst": "LocalVariable",
              "VariableType": {
                "PinCategory": "bool",
                "PinSubCategory": "bool"
              },
              "VariableName": "K2Node_DynamicCast_bSuccess"
            },
            "StatementIndex": 295
          },
          {
            "Inst": "LocalVirtualFunction",
            "FunctionName": "OutsideDanger",
            "Parameters": [
              {
                "Inst": "LocalVariable",
                "VariableType": {
                  "PinCategory": "Object",
                  "PinSubCategory": "Object",
                  "PinSubCategoryObject": "/Script/Engine.Pawn"
                },
                "VariableName": "K2Node_Event_ControlledPawn_1"
              },
              {
                "Inst": "LocalVariable",
                "VariableType": {
                  "PinCategory": "bool",
                  "PinSubCategory": "bool"
                },
                "VariableName": "CallFunc_OutsideDanger_res"
              }
            ],
            "StatementIndex": 309
          },
          {
            "Inst": "JumpIfNot",
            "Offset": 402,
            "Condition": {
              "Inst": "LocalVariable",
              "VariableType": {
                "PinCategory": "bool",
                "PinSubCategory": "bool"
              },
              "VariableName": "CallFunc_OutsideDanger_res"
            },
            "StatementIndex": 341
          },
          {
            "Inst": "LocalVirtualFunction",
            "FunctionName": "SetFleeFalse",
            "Parameters": [
              {
                "Inst": "LocalVariable",
                "VariableType": {
                  "PinCategory": "Object",
                  "PinSubCategory": "Object",
                  "PinSubCategoryObject": "/Script/AIModule.AIController"
                },
                "VariableName": "K2Node_Event_OwnerController_1"
              }
            ],
            "StatementIndex": 355
          },
          {
            "Inst": "FinalFunction",
            "Function": "FinishExecute",
            "Parameters": [
              {
                "Inst": "True"
              }
            ],
            "StatementIndex": 378
          },
          {
            "Inst": "PopExecutionFlow",
            "StatementIndex": 389
          },
          {
            "Inst": "FinalFunction",
            "Function": "FinishExecute",
            "Parameters": [
              {
                "Inst": "False"
              }
            ],
            "StatementIndex": 390
          },
          {
            "Inst": "PopExecutionFlow",
            "StatementIndex": 401
          },
          {
            "Inst": "Let",
            "Variable": {
              "Inst": "LocalVariable",
              "VariableType": {
                "PinCategory": "Struct",
                "PinSubCategory": "Struct",
                "PinSubCategoryObject": "/Script/CoreUObject.Vector"
              },
              "VariableName": "CallFunc_GetDanagerLocation_ReturnValue"
            },
            "Expression": {
              "Inst": "LocalVirtualFunction",
              "FunctionName": "GetDanagerLocation",
              "Parameters": []
            },
            "StatementIndex": 402
          },
          {
            "Inst": "LetBool",
            "Variable": {
              "Inst": "LocalVariable",
              "VariableType": {
                "PinCategory": "bool",
                "PinSubCategory": "bool"
              },
              "VariableName": "CallFunc_StartFleeFrom_ReturnValue"
            },
            "Expression": {
              "Inst": "Context",
              "Context": {
                "Inst": "Context",
                "Context": {
                  "Inst": "LocalVariable",
                  "VariableType": {
                    "PinCategory": "Object",
                    "PinSubCategory": "Object",
                    "PinSubCategoryObject": "/Script/FSD.DeepPathfinderCharacter"
                  },
                  "VariableName": "K2Node_DynamicCast_AsDeep_Pathfinder_Character"
                },
                "SkipOffsetForNull": 9,
                "RValuePropertyType": "##NOT SERIALIZED##",
                "RValuePropertyName": "PathfinderMovement",
                "Expression": {
                  "Inst": "InstanceVariable",
                  "VariableType": "##NOT SERIALIZED##",
                  "VariableName": "PathfinderMovement"
                }
              },
              "SkipOffsetForNull": 28,
              "RValuePropertyType": {
                "PinCategory": "bool",
                "PinSubCategory": "bool"
              },
              "RValuePropertyName": "CallFunc_StartFleeFrom_ReturnValue",
              "Expression": {
                "Inst": "FinalFunction",
                "Function": "StartFleeFrom",
                "Parameters": [
                  {
                    "Inst": "LocalVariable",
                    "VariableType": {
                      "PinCategory": "Struct",
                      "PinSubCategory": "Struct",
                      "PinSubCategoryObject": "/Script/CoreUObject.Vector"
                    },
                    "VariableName": "CallFunc_GetDanagerLocation_ReturnValue"
                  },
                  {
                    "Inst": "InstanceVariable",
                    "VariableType": {
                      "PinCategory": "Float",
                      "PinSubCategory": "Float"
                    },
                    "VariableName": "Distance"
                  }
                ]
              }
            },
            "StatementIndex": 434
          },
          {
            "Inst": "JumpIfNot",
            "Offset": 390,
            "Condition": {
              "Inst": "LocalVariable",
              "VariableType": {
                "PinCategory": "bool",
                "PinSubCategory": "bool"
              },
              "VariableName": "CallFunc_StartFleeFrom_ReturnValue"
            },
            "StatementIndex": 516
          },
          {
            "Inst": "BindDelegate",
            "FunctionName": "PathDone",
            "Delegate": {
              "Inst": "LocalVariable",
              "VariableType": {
                "PinCategory": "Delegate",
                "PinSubCategory": "Delegate"
              },
              "VariableName": "K2Node_CreateDelegate_OutputDelegate_1"
            },
            "Object": {
              "Inst": "Self"
            },
            "StatementIndex": 530
          },
          {
            "Inst": "AddMulticastDelegate",
            "MulticastDelegate": {
              "Inst": "Context",
              "Context": {
                "Inst": "Context",
                "Context": {
                  "Inst": "LocalVariable",
                  "VariableType": {
                    "PinCategory": "Object",
                    "PinSubCategory": "Object",
                    "PinSubCategoryObject": "/Script/FSD.DeepPathfinderCharacter"
                  },
                  "VariableName": "K2Node_DynamicCast_AsDeep_Pathfinder_Character"
                },
                "SkipOffsetForNull": 9,
                "RValuePropertyType": "##NOT SERIALIZED##",
                "RValuePropertyName": "PathfinderMovement",
                "Expression": {
                  "Inst": "InstanceVariable",
                  "VariableType": "##NOT SERIALIZED##",
                  "VariableName": "PathfinderMovement"
                }
              },
              "SkipOffsetForNull": 9,
              "RValuePropertyType": "##NOT SERIALIZED##",
              "RValuePropertyName": "OnPathFinished",
              "Expression": {
                "Inst": "InstanceVariable",
                "VariableType": "##NOT SERIALIZED##",
                "VariableName": "OnPathFinished"
              }
            },
            "Delegate": {
              "Inst": "LocalVariable",
              "VariableType": {
                "PinCategory": "Delegate",
                "PinSubCategory": "Delegate"
              },
              "VariableName": "K2Node_CreateDelegate_OutputDelegate_1"
            },
            "StatementIndex": 553
          },
          {
            "Inst": "BindDelegate",
            "FunctionName": "RefreshDest",
            "Delegate": {
              "Inst": "LocalVariable",
              "VariableType": {
                "PinCategory": "Delegate",
                "PinSubCategory": "Delegate"
              },
              "VariableName": "K2Node_CreateDelegate_OutputDelegate"
            },
            "Object": {
              "Inst": "Self"
            },
            "StatementIndex": 616
          },
          {
            "Inst": "AddMulticastDelegate",
            "MulticastDelegate": {
              "Inst": "Context",
              "Context": {
                "Inst": "Context",
                "Context": {
                  "Inst": "LocalVariable",
                  "VariableType": {
                    "PinCategory": "Object",
                    "PinSubCategory": "Object",
                    "PinSubCategoryObject": "/Script/FSD.DeepPathfinderCharacter"
                  },
                  "VariableName": "K2Node_DynamicCast_AsDeep_Pathfinder_Character"
                },
                "SkipOffsetForNull": 9,
                "RValuePropertyType": "##NOT SERIALIZED##",
                "RValuePropertyName": "PathfinderMovement",
                "Expression": {
                  "Inst": "InstanceVariable",
                  "VariableType": "##NOT SERIALIZED##",
                  "VariableName": "PathfinderMovement"
                }
              },
              "SkipOffsetForNull": 9,
              "RValuePropertyType": "##NOT SERIALIZED##",
              "RValuePropertyName": "OnRefreshDestination",
              "Expression": {
                "Inst": "InstanceVariable",
                "VariableType": "##NOT SERIALIZED##",
                "VariableName": "OnRefreshDestination"
              }
            },
            "Delegate": {
              "Inst": "LocalVariable",
              "VariableType": {
                "PinCategory": "Delegate",
                "PinSubCategory": "Delegate"
              },
              "VariableName": "K2Node_CreateDelegate_OutputDelegate"
            },
            "StatementIndex": 639
          },
          {
            "Inst": "PopExecutionFlow",
            "StatementIndex": 702
          },
          {
            "Inst": "Let",
            "Variable": {
              "Inst": "LocalVariable",
              "VariableType": {
                "PinCategory": "Float",
                "PinSubCategory": "Float"
              },
              "VariableName": "CallFunc_Multiply_FloatFloat_ReturnValue"
            },
            "Expression": {
              "Inst": "CallMath",
              "Function": "Multiply_FloatFloat",
              "ContextClass": "/Script/Engine.KismetMathLibrary",
              "Parameters": [
                {
                  "Inst": "InstanceVariable",
                  "VariableType": {
                    "PinCategory": "Float",
                    "PinSubCategory": "Float"
                  },
                  "VariableName": "RandomWaitTime"
                },
                {
                  "Inst": "FloatConst",
                  "Value": -1.0
                }
              ]
            },
            "StatementIndex": 703
          },
          {
            "Inst": "Let",
            "Variable": {
              "Inst": "LocalVariable",
              "VariableType": {
                "PinCategory": "Float",
                "PinSubCategory": "Float"
              },
              "VariableName": "CallFunc_RandomFloatInRange_ReturnValue"
            },
            "Expression": {
              "Inst": "CallMath",
              "Function": "RandomFloatInRange",
              "ContextClass": "/Script/Engine.KismetMathLibrary",
              "Parameters": [
                {
                  "Inst": "InstanceVariable",
                  "VariableType": {
                    "PinCategory": "Float",
                    "PinSubCategory": "Float"
                  },
                  "VariableName": "RandomWaitTime"
                },
                {
                  "Inst": "LocalVariable",
                  "VariableType": {
                    "PinCategory": "Float",
                    "PinSubCategory": "Float"
                  },
                  "VariableName": "CallFunc_Multiply_FloatFloat_ReturnValue"
                }
              ]
            },
            "StatementIndex": 745
          },
          {
            "Inst": "Let",
            "Variable": {
              "Inst": "LocalVariable",
              "VariableType": {
                "PinCategory": "Float",
                "PinSubCategory": "Float"
              },
              "VariableName": "CallFunc_Add_FloatFloat_ReturnValue"
            },
            "Expression": {
              "Inst": "CallMath",
              "Function": "Add_FloatFloat",
              "ContextClass": "/Script/Engine.KismetMathLibrary",
              "Parameters": [
                {
                  "Inst": "InstanceVariable",
                  "VariableType": {
                    "PinCategory": "Float",
                    "PinSubCategory": "Float"
                  },
                  "VariableName": "WaitAfterFleeing"
                },
                {
                  "Inst": "LocalVariable",
                  "VariableType": {
                    "PinCategory": "Float",
                    "PinSubCategory": "Float"
                  },
                  "VariableName": "CallFunc_RandomFloatInRange_ReturnValue"
                }
              ]
            },
            "StatementIndex": 791
          },
          {
            "Inst": "CallMath",
            "Function": "Delay",
            "ContextClass": "/Script/Engine.KismetSystemLibrary",
            "Parameters": [
              {
                "Inst": "Self"
              },
              {
                "Inst": "LocalVariable",
                "VariableType": {
                  "PinCategory": "Float",
                  "PinSubCategory": "Float"
                },
                "VariableName": "CallFunc_Add_FloatFloat_ReturnValue"
              },
              {
                "Inst": "StructConst",
                "Struct": "/Script/Engine.LatentActionInfo",
                "Properties": {
                  "Missing property name0": [
                    {
                      "Inst": "SkipOffsetConst",
                      "Value": 15
                    }
                  ],
                  "Missing property name1": [
                    {
                      "Inst": "IntConst",
                      "Value": -1468553599
                    }
                  ],
                  "Missing property name2": [
                    {
                      "Inst": "NameConst",
                      "Value": "ExecuteUbergraph_TSK_FleeFrom"
                    }
                  ],
                  "Missing property name3": [
                    {
                      "Inst": "Self"
                    }
                  ]
                }
              }
            ],
            "StatementIndex": 837
          },
          {
            "Inst": "PopExecutionFlow",
            "StatementIndex": 895
          },
          {
            "Inst": "Let",
            "Variable": {
              "Inst": "LocalVariable",
              "VariableType": {
                "PinCategory": "Struct",
                "PinSubCategory": "Struct",
                "PinSubCategoryObject": "/Script/CoreUObject.Vector"
              },
              "VariableName": "CallFunc_GetBlackboardValueAsVector_ReturnValue"
            },
            "Expression": {
              "Inst": "CallMath",
              "Function": "GetBlackboardValueAsVector",
              "ContextClass": "/Script/AIModule.BTFunctionLibrary",
              "Parameters": [
                {
                  "Inst": "Self"
                },
                {
                  "Inst": "InstanceVariable",
                  "VariableType": {
                    "PinCategory": "Struct",
                    "PinSubCategory": "Struct",
                    "PinSubCategoryObject": "/Script/AIModule.BlackboardKeySelector"
                  },
                  "VariableName": "DangerKey"
                }
              ]
            },
            "StatementIndex": 896
          },
          {
            "Inst": "Context",
            "Context": {
              "Inst": "Context",
              "Context": {
                "Inst": "LocalVariable",
                "VariableType": {
                  "PinCategory": "Object",
                  "PinSubCategory": "Object",
                  "PinSubCategoryObject": "/Script/FSD.DeepPathfinderCharacter"
                },
                "VariableName": "K2Node_DynamicCast_AsDeep_Pathfinder_Character"
              },
              "SkipOffsetForNull": 9,
              "RValuePropertyType": "##NOT SERIALIZED##",
              "RValuePropertyName": "PathfinderMovement",
              "Expression": {
                "Inst": "InstanceVariable",
                "VariableType": "##NOT SERIALIZED##",
                "VariableName": "PathfinderMovement"
              }
            },
            "SkipOffsetForNull": 19,
            "Expression": {
              "Inst": "FinalFunction",
              "Function": "UpdateDestination",
              "Parameters": [
                {
                  "Inst": "LocalVariable",
                  "VariableType": {
                    "PinCategory": "Struct",
                    "PinSubCategory": "Struct",
                    "PinSubCategoryObject": "/Script/CoreUObject.Vector"
                  },
                  "VariableName": "CallFunc_GetBlackboardValueAsVector_ReturnValue"
                }
              ]
            },
            "StatementIndex": 934
          },
          {
            "Inst": "PopExecutionFlow",
            "StatementIndex": 997
          },
          {
            "Inst": "Let",
            "Variable": {
              "Inst": "LocalVariable",
              "VariableType": {
                "PinCategory": "Object",
                "PinSubCategory": "Object",
                "PinSubCategoryObject": "/Script/FSD.DeepPathfinderCharacter"
              },
              "VariableName": "K2Node_DynamicCast_AsDeep_Pathfinder_Character_1"
            },
            "Expression": {
              "Inst": "DynamicCast",
              "Class": "/Script/FSD.DeepPathfinderCharacter",
              "Expression": {
                "Inst": "LocalVariable",
                "VariableType": {
                  "PinCategory": "Object",
                  "PinSubCategory": "Object",
                  "PinSubCategoryObject": "/Script/Engine.Pawn"
                },
                "VariableName": "K2Node_Event_ControlledPawn"
              }
            },
            "StatementIndex": 998
          },
          {
            "Inst": "Let",
            "Variable": {
              "Inst": "LocalVariable",
              "VariableType": {
                "PinCategory": "bool",
                "PinSubCategory": "bool"
              },
              "VariableName": "K2Node_DynamicCast_bSuccess_1"
            },
            "Expression": {
              "Inst": "PrimitiveCast",
              "CastType": "ObjectToBool",
              "Expression": {
                "Inst": "LocalVariable",
                "VariableType": {
                  "PinCategory": "Object",
                  "PinSubCategory": "Object",
                  "PinSubCategoryObject": "/Script/FSD.DeepPathfinderCharacter"
                },
                "VariableName": "K2Node_DynamicCast_AsDeep_Pathfinder_Character_1"
              }
            },
            "StatementIndex": 1034
          },
          {
            "Inst": "PopExecutionFlowIfNot",
            "Condition": {
              "Inst": "LocalVariable",
              "VariableType": {
                "PinCategory": "bool",
                "PinSubCategory": "bool"
              },
              "VariableName": "K2Node_DynamicCast_bSuccess_1"
            },
            "StatementIndex": 1063
          },
          {
            "Inst": "Context",
            "Context": {
              "Inst": "Context",
              "Context": {
                "Inst": "LocalVariable",
                "VariableType": {
                  "PinCategory": "Object",
                  "PinSubCategory": "Object",
                  "PinSubCategoryObject": "/Script/FSD.DeepPathfinderCharacter"
                },
                "VariableName": "K2Node_DynamicCast_AsDeep_Pathfinder_Character_1"
              },
              "SkipOffsetForNull": 9,
              "RValuePropertyType": "##NOT SERIALIZED##",
              "RValuePropertyName": "PathfinderMovement",
              "Expression": {
                "Inst": "InstanceVariable",
                "VariableType": "##NOT SERIALIZED##",
                "VariableName": "PathfinderMovement"
              }
            },
            "SkipOffsetForNull": 10,
            "Expression": {
              "Inst": "FinalFunction",
              "Function": "StopMove",
              "Parameters": []
            },
            "StatementIndex": 1073
          },
          {
            "Inst": "BindDelegate",
            "FunctionName": "PathDone",
            "Delegate": {
              "Inst": "LocalVariable",
              "VariableType": {
                "PinCategory": "Delegate",
                "PinSubCategory": "Delegate"
              },
              "VariableName": "K2Node_CreateDelegate_OutputDelegate_1"
            },
            "Object": {
              "Inst": "Self"
            },
            "StatementIndex": 1127
          },
          {
            "Inst": "RemoveMulticastDelegate",
            "MulticastDelegate": {
              "Inst": "Context",
              "Context": {
                "Inst": "Context",
                "Context": {
                  "Inst": "LocalVariable",
                  "VariableType": {
                    "PinCategory": "Object",
                    "PinSubCategory": "Object",
                    "PinSubCategoryObject": "/Script/FSD.DeepPathfinderCharacter"
                  },
                  "VariableName": "K2Node_DynamicCast_AsDeep_Pathfinder_Character_1"
                },
                "SkipOffsetForNull": 9,
                "RValuePropertyType": "##NOT SERIALIZED##",
                "RValuePropertyName": "PathfinderMovement",
                "Expression": {
                  "Inst": "InstanceVariable",
                  "VariableType": "##NOT SERIALIZED##",
                  "VariableName": "PathfinderMovement"
                }
              },
              "SkipOffsetForNull": 9,
              "RValuePropertyType": "##NOT SERIALIZED##",
              "RValuePropertyName": "OnPathFinished",
              "Expression": {
                "Inst": "InstanceVariable",
                "VariableType": "##NOT SERIALIZED##",
                "VariableName": "OnPathFinished"
              }
            },
            "Delegate": {
              "Inst": "LocalVariable",
              "VariableType": {
                "PinCategory": "Delegate",
                "PinSubCategory": "Delegate"
              },
              "VariableName": "K2Node_CreateDelegate_OutputDelegate_1"
            },
            "StatementIndex": 1150
          },
          {
            "Inst": "BindDelegate",
            "FunctionName": "RefreshDest",
            "Delegate": {
              "Inst": "LocalVariable",
              "VariableType": {
                "PinCategory": "Delegate",
                "PinSubCategory": "Delegate"
              },
              "VariableName": "K2Node_CreateDelegate_OutputDelegate"
            },
            "Object": {
              "Inst": "Self"
            },
            "StatementIndex": 1213
          },
          {
            "Inst": "RemoveMulticastDelegate",
            "MulticastDelegate": {
              "Inst": "Context",
              "Context": {
                "Inst": "Context",
                "Context": {
                  "Inst": "LocalVariable",
                  "VariableType": {
                    "PinCategory": "Object",
                    "PinSubCategory": "Object",
                    "PinSubCategoryObject": "/Script/FSD.DeepPathfinderCharacter"
                  },
                  "VariableName": "K2Node_DynamicCast_AsDeep_Pathfinder_Character_1"
                },
                "SkipOffsetForNull": 9,
                "RValuePropertyType": "##NOT SERIALIZED##",
                "RValuePropertyName": "PathfinderMovement",
                "Expression": {
                  "Inst": "InstanceVariable",
                  "VariableType": "##NOT SERIALIZED##",
                  "VariableName": "PathfinderMovement"
                }
              },
              "SkipOffsetForNull": 9,
              "RValuePropertyType": "##NOT SERIALIZED##",
              "RValuePropertyName": "OnRefreshDestination",
              "Expression": {
                "Inst": "InstanceVariable",
                "VariableType": "##NOT SERIALIZED##",
                "VariableName": "OnRefreshDestination"
              }
            },
            "Delegate": {
              "Inst": "LocalVariable",
              "VariableType": {
                "PinCategory": "Delegate",
                "PinSubCategory": "Delegate"
              },
              "VariableName": "K2Node_CreateDelegate_OutputDelegate"
            },
            "StatementIndex": 1236
          },
          {
            "Inst": "FinalFunction",
            "Function": "FinishAbort",
            "Parameters": [],
            "StatementIndex": 1299
          },
          {
            "Inst": "PopExecutionFlow",
            "StatementIndex": 1309
          },
          {
            "Inst": "Return",
            "Expression": {
              "Inst": "Nothing"
            },
            "StatementIndex": 1310
          },
          {
            "Inst": "EndOfScript",
            "StatementIndex": 1312
          }
        ],
        "FunctionFlags": "32769"
      }
    ],
    "ChildProperties": [
      {
        "FieldKind": "Property",
        "ObjectClass": "StructProperty",
        "ObjectName": "UberGraphFrame",
        "ArrayDim": 1,
        "PropertyFlags": "2105344",
        "RepNotifyFunc": "None",
        "BlueprintReplicationCondition": 0,
        "Struct": 48
      },
      {
        "FieldKind": "Property",
        "ObjectClass": "StructProperty",
        "ObjectName": "DangerKey",
        "ArrayDim": 1,
        "PropertyFlags": "281474976710661",
        "RepNotifyFunc": "None",
        "BlueprintReplicationCondition": 0,
        "Struct": 45
      },
      {
        "FieldKind": "Property",
        "ObjectClass": "FloatProperty",
        "ObjectName": "Distance",
        "ArrayDim": 1,
        "PropertyFlags": "5",
        "RepNotifyFunc": "None",
        "BlueprintReplicationCondition": 0
      },
      {
        "FieldKind": "Property",
        "ObjectClass": "FloatProperty",
        "ObjectName": "WaitAfterFleeing",
        "ArrayDim": 1,
        "PropertyFlags": "5",
        "RepNotifyFunc": "None",
        "BlueprintReplicationCondition": 0
      },
      {
        "FieldKind": "Property",
        "ObjectClass": "FloatProperty",
        "ObjectName": "RandomWaitTime",
        "ArrayDim": 1,
        "PropertyFlags": "5",
        "RepNotifyFunc": "None",
        "BlueprintReplicationCondition": 0
      }
    ],
    "ClassFlags": "264208",
    "ClassWithin": 8,
    "ClassConfigName": "Game",
    "Interfaces": [],
    "ClassDefaultObject": 50,
    "AssetObjectData": {
      "SimpleConstructionScript": -1,
      "$ReferencedObjects": []
    },
    "GeneratedVariableNames": []
  },
  "ObjectHierarchy": [
    {
      "ObjectIndex": 0,
      "Type": "Import",
      "ClassPackage": "/Script/Engine",
      "ClassName": "BlueprintGeneratedClass",
      "Outer": 43,
      "ObjectName": "Default__BlueprintGeneratedClass"
    },
    {
      "ObjectIndex": 1,
      "Type": "Import",
      "ClassPackage": "/Script/AIModule",
      "ClassName": "BTTask_BlueprintBase",
      "Outer": 41,
      "ObjectName": "Default__BTTask_BlueprintBase"
    },
    {
      "ObjectIndex": 2,
      "Type": "Import",
      "ClassPackage": "/Script/CoreUObject",
      "ClassName": "Class",
      "Outer": 41,
      "ObjectName": "AIBlueprintHelperLibrary"
    },
    {
      "ObjectIndex": 3,
      "Type": "Import",
      "ClassPackage": "/Script/CoreUObject",
      "ClassName": "Class",
      "Outer": 41,
      "ObjectName": "AIController"
    },
    {
      "ObjectIndex": 4,
      "Type": "Import",
      "ClassPackage": "/Script/CoreUObject",
      "ClassName": "Class",
      "Outer": 41,
      "ObjectName": "BlackboardComponent"
    },
    {
      "ObjectIndex": 5,
      "Type": "Import",
      "ClassPackage": "/Script/CoreUObject",
      "ClassName": "Class",
      "Outer": 41,
      "ObjectName": "BTFunctionLibrary"
    },
    {
      "ObjectIndex": 6,
      "Type": "Import",
      "ClassPackage": "/Script/CoreUObject",
      "ClassName": "Class",
      "Outer": 41,
      "ObjectName": "BTTask_BlueprintBase"
    },
    {
      "ObjectIndex": 7,
      "Type": "Import",
      "ClassPackage": "/Script/CoreUObject",
      "ClassName": "Class",
      "Outer": 42,
      "ObjectName": "Function"
    },
    {
      "ObjectIndex": 8,
      "Type": "Import",
      "ClassPackage": "/Script/CoreUObject",
      "ClassName": "Class",
      "Outer": 42,
      "ObjectName": "Object"
    },
    {
      "ObjectIndex": 9,
      "Type": "Import",
      "ClassPackage": "/Script/CoreUObject",
      "ClassName": "Class",
      "Outer": 43,
      "ObjectName": "Actor"
    },
    {
      "ObjectIndex": 10,
      "Type": "Import",
      "ClassPackage": "/Script/CoreUObject",
      "ClassName": "Class",
      "Outer": 43,
      "ObjectName": "BlueprintGeneratedClass"
    },
    {
      "ObjectIndex": 11,
      "Type": "Import",
      "ClassPackage": "/Script/CoreUObject",
      "ClassName": "Class",
      "Outer": 43,
      "ObjectName": "Controller"
    },
    {
      "ObjectIndex": 12,
      "Type": "Import",
      "ClassPackage": "/Script/CoreUObject",
      "ClassName": "Class",
      "Outer": 43,
      "ObjectName": "KismetMathLibrary"
    },
    {
      "ObjectIndex": 13,
      "Type": "Import",
      "ClassPackage": "/Script/CoreUObject",
      "ClassName": "Class",
      "Outer": 43,
      "ObjectName": "KismetSystemLibrary"
    },
    {
      "ObjectIndex": 14,
      "Type": "Import",
      "ClassPackage": "/Script/CoreUObject",
      "ClassName": "Class",
      "Outer": 43,
      "ObjectName": "Pawn"
    },
    {
      "ObjectIndex": 15,
      "Type": "Import",
      "ClassPackage": "/Script/CoreUObject",
      "ClassName": "Class",
      "Outer": 44,
      "ObjectName": "DeepPathfinderCharacter"
    },
    {
      "ObjectIndex": 16,
      "Type": "Import",
      "ClassPackage": "/Script/CoreUObject",
      "ClassName": "Class",
      "Outer": 44,
      "ObjectName": "DeepPathfinderMovement"
    },
    {
      "ObjectIndex": 17,
      "Type": "Import",
      "ClassPackage": "/Script/CoreUObject",
      "ClassName": "DelegateFunction",
      "Outer": 44,
      "ObjectName": "PathFinished__DelegateSignature"
    },
    {
      "ObjectIndex": 18,
      "Type": "Import",
      "ClassPackage": "/Script/CoreUObject",
      "ClassName": "DelegateFunction",
      "Outer": 44,
      "ObjectName": "RefreshDestination__DelegateSignature"
    },
    {
      "ObjectIndex": 19,
      "Type": "Import",
      "ClassPackage": "/Script/CoreUObject",
      "ClassName": "Function",
      "Outer": 2,
      "ObjectName": "GetBlackboard"
    },
    {
      "ObjectIndex": 20,
      "Type": "Import",
      "ClassPackage": "/Script/CoreUObject",
      "ClassName": "Function",
      "Outer": 4,
      "ObjectName": "SetValueAsBool"
    },
    {
      "ObjectIndex": 21,
      "Type": "Import",
      "ClassPackage": "/Script/CoreUObject",
      "ClassName": "Function",
      "Outer": 5,
      "ObjectName": "GetBlackboardValueAsActor"
    },
    {
      "ObjectIndex": 22,
      "Type": "Import",
      "ClassPackage": "/Script/CoreUObject",
      "ClassName": "Function",
      "Outer": 5,
      "ObjectName": "GetBlackboardValueAsVector"
    },
    {
      "ObjectIndex": 23,
      "Type": "Import",
      "ClassPackage": "/Script/CoreUObject",
      "ClassName": "Function",
      "Outer": 6,
      "ObjectName": "FinishAbort"
    },
    {
      "ObjectIndex": 24,
      "Type": "Import",
      "ClassPackage": "/Script/CoreUObject",
      "ClassName": "Function",
      "Outer": 6,
      "ObjectName": "FinishExecute"
    },
    {
      "ObjectIndex": 25,
      "Type": "Import",
      "ClassPackage": "/Script/CoreUObject",
      "ClassName": "Function",
      "Outer": 6,
      "ObjectName": "ReceiveAbortAI"
    },
    {
      "ObjectIndex": 26,
      "Type": "Import",
      "ClassPackage": "/Script/CoreUObject",
      "ClassName": "Function",
      "Outer": 6,
      "ObjectName": "ReceiveExecuteAI"
    },
    {
      "ObjectIndex": 27,
      "Type": "Import",
      "ClassPackage": "/Script/CoreUObject",
      "ClassName": "Function",
      "Outer": 42,
      "ObjectName": "Default__Function"
    },
    {
      "ObjectIndex": 28,
      "Type": "Import",
      "ClassPackage": "/Script/CoreUObject",
      "ClassName": "Function",
      "Outer": 9,
      "ObjectName": "K2_GetActorLocation"
    },
    {
      "ObjectIndex": 29,
      "Type": "Import",
      "ClassPackage": "/Script/CoreUObject",
      "ClassName": "Function",
      "Outer": 12,
      "ObjectName": "Add_FloatFloat"
    },
    {
      "ObjectIndex": 30,
      "Type": "Import",
      "ClassPackage": "/Script/CoreUObject",
      "ClassName": "Function",
      "Outer": 12,
      "ObjectName": "Greater_FloatFloat"
    },
    {
      "ObjectIndex": 31,
      "Type": "Import",
      "ClassPackage": "/Script/CoreUObject",
      "ClassName": "Function",
      "Outer": 12,
      "ObjectName": "Multiply_FloatFloat"
    },
    {
      "ObjectIndex": 32,
      "Type": "Import",
      "ClassPackage": "/Script/CoreUObject",
      "ClassName": "Function",
      "Outer": 12,
      "ObjectName": "RandomFloatInRange"
    },
    {
      "ObjectIndex": 33,
      "Type": "Import",
      "ClassPackage": "/Script/CoreUObject",
      "ClassName": "Function",
      "Outer": 12,
      "ObjectName": "Subtract_VectorVector"
    },
    {
      "ObjectIndex": 34,
      "Type": "Import",
      "ClassPackage": "/Script/CoreUObject",
      "ClassName": "Function",
      "Outer": 12,
      "ObjectName": "VSize"
    },
    {
      "ObjectIndex": 35,
      "Type": "Import",
      "ClassPackage": "/Script/CoreUObject",
      "ClassName": "Function",
      "Outer": 13,
      "ObjectName": "Delay"
    },
    {
      "ObjectIndex": 36,
      "Type": "Import",
      "ClassPackage": "/Script/CoreUObject",
      "ClassName": "Function",
      "Outer": 13,
      "ObjectName": "IsValid"
    },
    {
      "ObjectIndex": 37,
      "Type": "Import",
      "ClassPackage": "/Script/CoreUObject",
      "ClassName": "Function",
      "Outer": 13,
      "ObjectName": "MakeLiteralName"
    },
    {
      "ObjectIndex": 38,
      "Type": "Import",
      "ClassPackage": "/Script/CoreUObject",
      "ClassName": "Function",
      "Outer": 16,
      "ObjectName": "StartFleeFrom"
    },
    {
      "ObjectIndex": 39,
      "Type": "Import",
      "ClassPackage": "/Script/CoreUObject",
      "ClassName": "Function",
      "Outer": 16,
      "ObjectName": "StopMove"
    },
    {
      "ObjectIndex": 40,
      "Type": "Import",
      "ClassPackage": "/Script/CoreUObject",
      "ClassName": "Function",
      "Outer": 16,
      "ObjectName": "UpdateDestination"
    },
    {
      "ObjectIndex": 41,
      "Type": "Import",
      "ClassPackage": "/Script/CoreUObject",
      "ClassName": "Package",
      "ObjectName": "/Script/AIModule"
    },
    {
      "ObjectIndex": 42,
      "Type": "Import",
      "ClassPackage": "/Script/CoreUObject",
      "ClassName": "Package",
      "ObjectName": "/Script/CoreUObject"
    },
    {
      "ObjectIndex": 43,
      "Type": "Import",
      "ClassPackage": "/Script/CoreUObject",
      "ClassName": "Package",
      "ObjectName": "/Script/Engine"
    },
    {
      "ObjectIndex": 44,
      "Type": "Import",
      "ClassPackage": "/Script/CoreUObject",
      "ClassName": "Package",
      "ObjectName": "/Script/FSD"
    },
    {
      "ObjectIndex": 45,
      "Type": "Import",
      "ClassPackage": "/Script/CoreUObject",
      "ClassName": "ScriptStruct",
      "Outer": 41,
      "ObjectName": "BlackboardKeySelector"
    },
    {
      "ObjectIndex": 46,
      "Type": "Import",
      "ClassPackage": "/Script/CoreUObject",
      "ClassName": "ScriptStruct",
      "Outer": 42,
      "ObjectName": "Vector"
    },
    {
      "ObjectIndex": 47,
      "Type": "Import",
      "ClassPackage": "/Script/CoreUObject",
      "ClassName": "ScriptStruct",
      "Outer": 43,
      "ObjectName": "LatentActionInfo"
    },
    {
      "ObjectIndex": 48,
      "Type": "Import",
      "ClassPackage": "/Script/CoreUObject",
      "ClassName": "ScriptStruct",
      "Outer": 43,
      "ObjectName": "PointerToUberGraphFrame"
    },
    {
      "ObjectIndex": 49,
      "Type": "Export",
      "ObjectMark": "$AssetObject$"
    },
    {
      "ObjectIndex": 50,
      "Type": "Export",
      "ObjectClass": 49,
      "Outer": -1,
      "ObjectName": "Default__TSK_FleeFrom_C",
      "ObjectFlags": 49,
      "Properties": {
        "UberGraphFrame": {},
        "DangerKey": {
          "AllowedTypes": [],
          "SelectedKeyName": "None",
          "SelectedKeyType": -1,
          "SelectedKeyID": 255,
          "bNoneIsAllowedValue": false
        },
        "Distance": 1000.0,
        "WaitAfterFleeing": 1.0,
        "RandomWaitTime": 0.1,
        "$ReferencedObjects": [
          -1
        ]
      }
    }
  ]
}