{
  "AssetClass": "Blueprint",
  "AssetPackage": "/Game/AI/Tasks/TSK_FindPointNearTarget",
  "AssetName": "TSK_FindPointNearTarget",
  "AssetSerializedData": {
    "SkipDependecies": false,
    "SuperStruct": 4,
    "Children": [
      {
        "FieldKind": "Function",
        "ObjectClass": "Function",
        "ObjectName": "ReceiveExecuteAI",
        "SuperStruct": 17,
        "Children": [],
        "ChildProperties": [
          {
            "FieldKind": "Property",
            "ObjectClass": "ObjectProperty",
            "ObjectName": "OwnerController",
            "ArrayDim": 1,
            "PropertyFlags": "148",
            "RepNotifyFunc": "None",
            "BlueprintReplicationCondition": 0,
            "PropertyClass": 2
          },
          {
            "FieldKind": "Property",
            "ObjectClass": "ObjectProperty",
            "ObjectName": "ControlledPawn",
            "ArrayDim": 1,
            "PropertyFlags": "148",
            "RepNotifyFunc": "None",
            "BlueprintReplicationCondition": 0,
            "PropertyClass": 11
          }
        ],
        "Script": [
          {
            "Inst": "LetValueOnPersistentFrame",
            "PropertyName": "K2Node_Event_OwnerController",
            "PropertyType": {
              "PinCategory": "Object",
              "PinSubCategory": "Object",
              "PinSubCategoryObject": "/Script/AIModule.AIController"
            },
            "Expression": {
              "Inst": "LocalVariable",
              "VariableType": {
                "PinCategory": "Object",
                "PinSubCategory": "Object",
                "PinSubCategoryObject": "/Script/AIModule.AIController"
              },
              "VariableName": "OwnerController"
            },
            "StatementIndex": 0
          },
          {
            "Inst": "LetValueOnPersistentFrame",
            "PropertyName": "K2Node_Event_ControlledPawn",
            "PropertyType": {
              "PinCategory": "Object",
              "PinSubCategory": "Object",
              "PinSubCategoryObject": "/Script/Engine.Pawn"
            },
            "Expression": {
              "Inst": "LocalVariable",
              "VariableType": {
                "PinCategory": "Object",
                "PinSubCategory": "Object",
                "PinSubCategoryObject": "/Script/Engine.Pawn"
              },
              "VariableName": "ControlledPawn"
            },
            "StatementIndex": 18
          },
          {
            "Inst": "LocalFinalFunction",
            "Function": "ExecuteUbergraph_TSK_FindPointNearTarget",
            "Parameters": [
              {
                "Inst": "IntConst",
                "Value": 82
              }
            ],
            "StatementIndex": 36
          },
          {
            "Inst": "Return",
            "Expression": {
              "Inst": "Nothing"
            },
            "StatementIndex": 51
          },
          {
            "Inst": "EndOfScript",
            "StatementIndex": 53
          }
        ],
        "FunctionFlags": "134744064"
      },
      {
        "FieldKind": "Function",
        "ObjectClass": "Function",
        "ObjectName": "ExecuteUbergraph_TSK_FindPointNearTarget",
        "SuperStruct": -1,
        "Children": [],
        "ChildProperties": [
          {
            "FieldKind": "Property",
            "ObjectClass": "IntProperty",
            "ObjectName": "EntryPoint",
            "ArrayDim": 1,
            "PropertyFlags": "148",
            "RepNotifyFunc": "None",
            "BlueprintReplicationCondition": 0
          },
          {
            "FieldKind": "Property",
            "ObjectClass": "ObjectProperty",
            "ObjectName": "K2Node_Event_OwnerController",
            "ArrayDim": 1,
            "PropertyFlags": "0",
            "RepNotifyFunc": "None",
            "BlueprintReplicationCondition": 0,
            "PropertyClass": 2
          },
          {
            "FieldKind": "Property",
            "ObjectClass": "ObjectProperty",
            "ObjectName": "K2Node_Event_ControlledPawn",
            "ArrayDim": 1,
            "PropertyFlags": "0",
            "RepNotifyFunc": "None",
            "BlueprintReplicationCondition": 0,
            "PropertyClass": 11
          },
          {
            "FieldKind": "Property",
            "ObjectClass": "ObjectProperty",
            "ObjectName": "CallFunc_GetComponentByClass_ReturnValue",
            "ArrayDim": 1,
            "PropertyFlags": "524288",
            "RepNotifyFunc": "None",
            "BlueprintReplicationCondition": 0,
            "PropertyClass": 13
          },
          {
            "FieldKind": "Property",
            "ObjectClass": "ObjectProperty",
            "ObjectName": "CallFunc_GetBlackboardValueAsActor_ReturnValue",
            "ArrayDim": 1,
            "PropertyFlags": "0",
            "RepNotifyFunc": "None",
            "BlueprintReplicationCondition": 0,
            "PropertyClass": 7
          },
          {
            "FieldKind": "Property",
            "ObjectClass": "BoolProperty",
            "ObjectName": "CallFunc_IsValid_ReturnValue",
            "ArrayDim": 1,
            "PropertyFlags": "0",
            "RepNotifyFunc": "None",
            "BlueprintReplicationCondition": 0,
            "BoolSize": 1,
            "NativeBool": true
          },
          {
            "FieldKind": "Property",
            "ObjectClass": "StructProperty",
            "ObjectName": "CallFunc_K2_GetActorLocation_ReturnValue",
            "ArrayDim": 1,
            "PropertyFlags": "0",
            "RepNotifyFunc": "None",
            "BlueprintReplicationCondition": 0,
            "Struct": 29
          },
          {
            "FieldKind": "Property",
            "ObjectClass": "StructProperty",
            "ObjectName": "CallFunc_Add_VectorVector_ReturnValue",
            "ArrayDim": 1,
            "PropertyFlags": "0",
            "RepNotifyFunc": "None",
            "BlueprintReplicationCondition": 0,
            "Struct": 29
          },
          {
            "FieldKind": "Property",
            "ObjectClass": "BoolProperty",
            "ObjectName": "CallFunc_GetRandomReachablePointAtApproximateDistance_Async_success",
            "ArrayDim": 1,
            "PropertyFlags": "0",
            "RepNotifyFunc": "None",
            "BlueprintReplicationCondition": 0,
            "BoolSize": 1,
            "NativeBool": true
          },
          {
            "FieldKind": "Property",
            "ObjectClass": "StructProperty",
            "ObjectName": "CallFunc_GetRandomReachablePointAtApproximateDistance_Async_outPos",
            "ArrayDim": 1,
            "PropertyFlags": "0",
            "RepNotifyFunc": "None",
            "BlueprintReplicationCondition": 0,
            "Struct": 29
          }
        ],
        "Script": [
          {
            "Inst": "PushExecutionFlow",
            "Offset": 438,
            "StatementIndex": 0
          },
          {
            "Inst": "ComputedJump",
            "OffsetExpression": {
              "Inst": "LocalVariable",
              "VariableType": {
                "PinCategory": "int",
                "PinSubCategory": "int"
              },
              "VariableName": "EntryPoint"
            },
            "StatementIndex": 5
          },
          {
            "Inst": "FinalFunction",
            "Function": "FinishExecute",
            "Parameters": [
              {
                "Inst": "False"
              }
            ],
            "StatementIndex": 15
          },
          {
            "Inst": "PopExecutionFlow",
            "StatementIndex": 26
          },
          {
            "Inst": "JumpIfNot",
            "Offset": 15,
            "Condition": {
              "Inst": "LocalVariable",
              "VariableType": {
                "PinCategory": "bool",
                "PinSubCategory": "bool"
              },
              "VariableName": "CallFunc_GetRandomReachablePointAtApproximateDistance_Async_success"
            },
            "StatementIndex": 27
          },
          {
            "Inst": "CallMath",
            "Function": "SetBlackboardValueAsVector",
            "ContextClass": "/Script/AIModule.BTFunctionLibrary",
            "Parameters": [
              {
                "Inst": "Self"
              },
              {
                "Inst": "InstanceVariable",
                "VariableType": {
                  "PinCategory": "Struct",
                  "PinSubCategory": "Struct",
                  "PinSubCategoryObject": "/Script/AIModule.BlackboardKeySelector"
                },
                "VariableName": "LocationKey"
              },
              {
                "Inst": "LocalVariable",
                "VariableType": {
                  "PinCategory": "Struct",
                  "PinSubCategory": "Struct",
                  "PinSubCategoryObject": "/Script/CoreUObject.Vector"
                },
                "VariableName": "CallFunc_GetRandomReachablePointAtApproximateDistance_Async_outPos"
              }
            ],
            "StatementIndex": 41
          },
          {
            "Inst": "FinalFunction",
            "Function": "FinishExecute",
            "Parameters": [
              {
                "Inst": "True"
              }
            ],
            "StatementIndex": 70
          },
          {
            "Inst": "PopExecutionFlow",
            "StatementIndex": 81
          },
          {
            "Inst": "LetObj",
            "Variable": {
              "Inst": "LocalVariable",
              "VariableType": {
                "PinCategory": "Object",
                "PinSubCategory": "Object",
                "PinSubCategoryObject": "/Script/Engine.Actor"
              },
              "VariableName": "CallFunc_GetBlackboardValueAsActor_ReturnValue"
            },
            "Expression": {
              "Inst": "CallMath",
              "Function": "GetBlackboardValueAsActor",
              "ContextClass": "/Script/AIModule.BTFunctionLibrary",
              "Parameters": [
                {
                  "Inst": "Self"
                },
                {
                  "Inst": "InstanceVariable",
                  "VariableType": {
                    "PinCategory": "Struct",
                    "PinSubCategory": "Struct",
                    "PinSubCategoryObject": "/Script/AIModule.BlackboardKeySelector"
                  },
                  "VariableName": "TargetKey"
                }
              ]
            },
            "StatementIndex": 82
          },
          {
            "Inst": "LetBool",
            "Variable": {
              "Inst": "LocalVariable",
              "VariableType": {
                "PinCategory": "bool",
                "PinSubCategory": "bool"
              },
              "VariableName": "CallFunc_IsValid_ReturnValue"
            },
            "Expression": {
              "Inst": "CallMath",
              "Function": "IsValid",
              "ContextClass": "/Script/Engine.KismetSystemLibrary",
              "Parameters": [
                {
                  "Inst": "LocalVariable",
                  "VariableType": {
                    "PinCategory": "Object",
                    "PinSubCategory": "Object",
                    "PinSubCategoryObject": "/Script/Engine.Actor"
                  },
                  "VariableName": "CallFunc_GetBlackboardValueAsActor_ReturnValue"
                }
              ]
            },
            "StatementIndex": 112
          },
          {
            "Inst": "JumpIfNot",
            "Offset": 426,
            "Condition": {
              "Inst": "LocalVariable",
              "VariableType": {
                "PinCategory": "bool",
                "PinSubCategory": "bool"
              },
              "VariableName": "CallFunc_IsValid_ReturnValue"
            },
            "StatementIndex": 141
          },
          {
            "Inst": "LetObj",
            "Variable": {
              "Inst": "LocalVariable",
              "VariableType": {
                "PinCategory": "Object",
                "PinSubCategory": "Object",
                "PinSubCategoryObject": "/Script/FSD.DeepPathfinderMovement"
              },
              "VariableName": "CallFunc_GetComponentByClass_ReturnValue"
            },
            "Expression": {
              "Inst": "CallMath",
              "Function": "GetComponentByClass",
              "ContextClass": "/Script/FSD.ActorFunctionLibrary",
              "Parameters": [
                {
                  "Inst": "LocalVariable",
                  "VariableType": {
                    "PinCategory": "Object",
                    "PinSubCategory": "Object",
                    "PinSubCategoryObject": "/Script/Engine.Pawn"
                  },
                  "VariableName": "K2Node_Event_ControlledPawn"
                },
                {
                  "Inst": "ObjectConst",
                  "Object": "/Script/FSD.DeepPathfinderMovement"
                }
              ]
            },
            "StatementIndex": 155
          },
          {
            "Inst": "LetObj",
            "Variable": {
              "Inst": "LocalVariable",
              "VariableType": {
                "PinCategory": "Object",
                "PinSubCategory": "Object",
                "PinSubCategoryObject": "/Script/Engine.Actor"
              },
              "VariableName": "CallFunc_GetBlackboardValueAsActor_ReturnValue"
            },
            "Expression": {
              "Inst": "CallMath",
              "Function": "GetBlackboardValueAsActor",
              "ContextClass": "/Script/AIModule.BTFunctionLibrary",
              "Parameters": [
                {
                  "Inst": "Self"
                },
                {
                  "Inst": "InstanceVariable",
                  "VariableType": {
                    "PinCategory": "Struct",
                    "PinSubCategory": "Struct",
                    "PinSubCategoryObject": "/Script/AIModule.BlackboardKeySelector"
                  },
                  "VariableName": "TargetKey"
                }
              ]
            },
            "StatementIndex": 193
          },
          {
            "Inst": "Let",
            "Variable": {
              "Inst": "LocalVariable",
              "VariableType": {
                "PinCategory": "Struct",
                "PinSubCategory": "Struct",
                "PinSubCategoryObject": "/Script/CoreUObject.Vector"
              },
              "VariableName": "CallFunc_K2_GetActorLocation_ReturnValue"
            },
            "Expression": {
              "Inst": "Context",
              "Context": {
                "Inst": "LocalVariable",
                "VariableType": {
                  "PinCategory": "Object",
                  "PinSubCategory": "Object",
                  "PinSubCategoryObject": "/Script/Engine.Actor"
                },
                "VariableName": "CallFunc_GetBlackboardValueAsActor_ReturnValue"
              },
              "SkipOffsetForNull": 10,
              "RValuePropertyType": {
                "PinCategory": "Struct",
                "PinSubCategory": "Struct",
                "PinSubCategoryObject": "/Script/CoreUObject.Vector"
              },
              "RValuePropertyName": "CallFunc_K2_GetActorLocation_ReturnValue",
              "Expression": {
                "Inst": "FinalFunction",
                "Function": "K2_GetActorLocation",
                "Parameters": []
              }
            },
            "StatementIndex": 223
          },
          {
            "Inst": "Let",
            "Variable": {
              "Inst": "LocalVariable",
              "VariableType": {
                "PinCategory": "Struct",
                "PinSubCategory": "Struct",
                "PinSubCategoryObject": "/Script/CoreUObject.Vector"
              },
              "VariableName": "CallFunc_Add_VectorVector_ReturnValue"
            },
            "Expression": {
              "Inst": "CallMath",
              "Function": "Add_VectorVector",
              "ContextClass": "/Script/Engine.KismetMathLibrary",
              "Parameters": [
                {
                  "Inst": "LocalVariable",
                  "VariableType": {
                    "PinCategory": "Struct",
                    "PinSubCategory": "Struct",
                    "PinSubCategoryObject": "/Script/CoreUObject.Vector"
                  },
                  "VariableName": "CallFunc_K2_GetActorLocation_ReturnValue"
                },
                {
                  "Inst": "InstanceVariable",
                  "VariableType": {
                    "PinCategory": "Struct",
                    "PinSubCategory": "Struct",
                    "PinSubCategoryObject": "/Script/CoreUObject.Vector"
                  },
                  "VariableName": "ManualOffset"
                }
              ]
            },
            "StatementIndex": 273
          },
          {
            "Inst": "Context",
            "Context": {
              "Inst": "LocalVariable",
              "VariableType": {
                "PinCategory": "Object",
                "PinSubCategory": "Object",
                "PinSubCategoryObject": "/Script/FSD.DeepPathfinderMovement"
              },
              "VariableName": "CallFunc_GetComponentByClass_ReturnValue"
            },
            "SkipOffsetForNull": 84,
            "Expression": {
              "Inst": "FinalFunction",
              "Function": "GetRandomReachablePointAtApproximateDistance_Async",
              "Parameters": [
                {
                  "Inst": "LocalVariable",
                  "VariableType": {
                    "PinCategory": "Struct",
                    "PinSubCategory": "Struct",
                    "PinSubCategoryObject": "/Script/CoreUObject.Vector"
                  },
                  "VariableName": "CallFunc_Add_VectorVector_ReturnValue"
                },
                {
                  "Inst": "InstanceVariable",
                  "VariableType": {
                    "PinCategory": "Float",
                    "PinSubCategory": "Float"
                  },
                  "VariableName": "Distance"
                },
                {
                  "Inst": "LocalVariable",
                  "VariableType": {
                    "PinCategory": "bool",
                    "PinSubCategory": "bool"
                  },
                  "VariableName": "CallFunc_GetRandomReachablePointAtApproximateDistance_Async_success"
                },
                {
                  "Inst": "LocalVariable",
                  "VariableType": {
                    "PinCategory": "Struct",
                    "PinSubCategory": "Struct",
                    "PinSubCategoryObject": "/Script/CoreUObject.Vector"
                  },
                  "VariableName": "CallFunc_GetRandomReachablePointAtApproximateDistance_Async_outPos"
                },
                {
                  "Inst": "StructConst",
                  "Struct": "/Script/Engine.LatentActionInfo",
                  "Properties": {
                    "Missing property name0": [
                      {
                        "Inst": "SkipOffsetConst",
                        "Value": 27
                      }
                    ],
                    "Missing property name1": [
                      {
                        "Inst": "IntConst",
                        "Value": -1475892080
                      }
                    ],
                    "Missing property name2": [
                      {
                        "Inst": "NameConst",
                        "Value": "ExecuteUbergraph_TSK_FindPointNearTarget"
                      }
                    ],
                    "Missing property name3": [
                      {
                        "Inst": "Self"
                      }
                    ]
                  }
                }
              ]
            },
            "StatementIndex": 319
          },
          {
            "Inst": "PopExecutionFlow",
            "StatementIndex": 425
          },
          {
            "Inst": "FinalFunction",
            "Function": "FinishExecute",
            "Parameters": [
              {
                "Inst": "False"
              }
            ],
            "StatementIndex": 426
          },
          {
            "Inst": "PopExecutionFlow",
            "StatementIndex": 437
          },
          {
            "Inst": "Return",
            "Expression": {
              "Inst": "Nothing"
            },
            "StatementIndex": 438
          },
          {
            "Inst": "EndOfScript",
            "StatementIndex": 440
          }
        ],
        "FunctionFlags": "32769"
      }
    ],
    "ChildProperties": [
      {
        "FieldKind": "Property",
        "ObjectClass": "StructProperty",
        "ObjectName": "UberGraphFrame",
        "ArrayDim": 1,
        "PropertyFlags": "2105344",
        "RepNotifyFunc": "None",
        "BlueprintReplicationCondition": 0,
        "Struct": 31
      },
      {
        "FieldKind": "Property",
        "ObjectClass": "StructProperty",
        "ObjectName": "ManualOffset",
        "ArrayDim": 1,
        "PropertyFlags": "5",
        "RepNotifyFunc": "None",
        "BlueprintReplicationCondition": 0,
        "Struct": 29
      },
      {
        "FieldKind": "Property",
        "ObjectClass": "FloatProperty",
        "ObjectName": "Distance",
        "ArrayDim": 1,
        "PropertyFlags": "5",
        "RepNotifyFunc": "None",
        "BlueprintReplicationCondition": 0
      },
      {
        "FieldKind": "Property",
        "ObjectClass": "StructProperty",
        "ObjectName": "TargetKey",
        "ArrayDim": 1,
        "PropertyFlags": "5",
        "RepNotifyFunc": "None",
        "BlueprintReplicationCondition": 0,
        "Struct": 28
      },
      {
        "FieldKind": "Property",
        "ObjectClass": "StructProperty",
        "ObjectName": "LocationKey",
        "ArrayDim": 1,
        "PropertyFlags": "5",
        "RepNotifyFunc": "None",
        "BlueprintReplicationCondition": 0,
        "Struct": 28
      }
    ],
    "ClassFlags": "264208",
    "ClassWithin": 6,
    "ClassConfigName": "Game",
    "Interfaces": [],
    "ClassDefaultObject": 33,
    "AssetObjectData": {
      "SimpleConstructionScript": -1,
      "$ReferencedObjects": []
    },
    "GeneratedVariableNames": []
  },
  "ObjectHierarchy": [
    {
      "ObjectIndex": 0,
      "Type": "Import",
      "ClassPackage": "/Script/Engine",
      "ClassName": "BlueprintGeneratedClass",
      "Outer": 26,
      "ObjectName": "Default__BlueprintGeneratedClass"
    },
    {
      "ObjectIndex": 1,
      "Type": "Import",
      "ClassPackage": "/Script/AIModule",
      "ClassName": "BTTask_BlueprintBase",
      "Outer": 24,
      "ObjectName": "Default__BTTask_BlueprintBase"
    },
    {
      "ObjectIndex": 2,
      "Type": "Import",
      "ClassPackage": "/Script/CoreUObject",
      "ClassName": "Class",
      "Outer": 24,
      "ObjectName": "AIController"
    },
    {
      "ObjectIndex": 3,
      "Type": "Import",
      "ClassPackage": "/Script/CoreUObject",
      "ClassName": "Class",
      "Outer": 24,
      "ObjectName": "BTFunctionLibrary"
    },
    {
      "ObjectIndex": 4,
      "Type": "Import",
      "ClassPackage": "/Script/CoreUObject",
      "ClassName": "Class",
      "Outer": 24,
      "ObjectName": "BTTask_BlueprintBase"
    },
    {
      "ObjectIndex": 5,
      "Type": "Import",
      "ClassPackage": "/Script/CoreUObject",
      "ClassName": "Class",
      "Outer": 25,
      "ObjectName": "Function"
    },
    {
      "ObjectIndex": 6,
      "Type": "Import",
      "ClassPackage": "/Script/CoreUObject",
      "ClassName": "Class",
      "Outer": 25,
      "ObjectName": "Object"
    },
    {
      "ObjectIndex": 7,
      "Type": "Import",
      "ClassPackage": "/Script/CoreUObject",
      "ClassName": "Class",
      "Outer": 26,
      "ObjectName": "Actor"
    },
    {
      "ObjectIndex": 8,
      "Type": "Import",
      "ClassPackage": "/Script/CoreUObject",
      "ClassName": "Class",
      "Outer": 26,
      "ObjectName": "BlueprintGeneratedClass"
    },
    {
      "ObjectIndex": 9,
      "Type": "Import",
      "ClassPackage": "/Script/CoreUObject",
      "ClassName": "Class",
      "Outer": 26,
      "ObjectName": "KismetMathLibrary"
    },
    {
      "ObjectIndex": 10,
      "Type": "Import",
      "ClassPackage": "/Script/CoreUObject",
      "ClassName": "Class",
      "Outer": 26,
      "ObjectName": "KismetSystemLibrary"
    },
    {
      "ObjectIndex": 11,
      "Type": "Import",
      "ClassPackage": "/Script/CoreUObject",
      "ClassName": "Class",
      "Outer": 26,
      "ObjectName": "Pawn"
    },
    {
      "ObjectIndex": 12,
      "Type": "Import",
      "ClassPackage": "/Script/CoreUObject",
      "ClassName": "Class",
      "Outer": 27,
      "ObjectName": "ActorFunctionLibrary"
    },
    {
      "ObjectIndex": 13,
      "Type": "Import",
      "ClassPackage": "/Script/CoreUObject",
      "ClassName": "Class",
      "Outer": 27,
      "ObjectName": "DeepPathfinderMovement"
    },
    {
      "ObjectIndex": 14,
      "Type": "Import",
      "ClassPackage": "/Script/CoreUObject",
      "ClassName": "Function",
      "Outer": 3,
      "ObjectName": "GetBlackboardValueAsActor"
    },
    {
      "ObjectIndex": 15,
      "Type": "Import",
      "ClassPackage": "/Script/CoreUObject",
      "ClassName": "Function",
      "Outer": 3,
      "ObjectName": "SetBlackboardValueAsVector"
    },
    {
      "ObjectIndex": 16,
      "Type": "Import",
      "ClassPackage": "/Script/CoreUObject",
      "ClassName": "Function",
      "Outer": 4,
      "ObjectName": "FinishExecute"
    },
    {
      "ObjectIndex": 17,
      "Type": "Import",
      "ClassPackage": "/Script/CoreUObject",
      "ClassName": "Function",
      "Outer": 4,
      "ObjectName": "ReceiveExecuteAI"
    },
    {
      "ObjectIndex": 18,
      "Type": "Import",
      "ClassPackage": "/Script/CoreUObject",
      "ClassName": "Function",
      "Outer": 25,
      "ObjectName": "Default__Function"
    },
    {
      "ObjectIndex": 19,
      "Type": "Import",
      "ClassPackage": "/Script/CoreUObject",
      "ClassName": "Function",
      "Outer": 7,
      "ObjectName": "K2_GetActorLocation"
    },
    {
      "ObjectIndex": 20,
      "Type": "Import",
      "ClassPackage": "/Script/CoreUObject",
      "ClassName": "Function",
      "Outer": 9,
      "ObjectName": "Add_VectorVector"
    },
    {
      "ObjectIndex": 21,
      "Type": "Import",
      "ClassPackage": "/Script/CoreUObject",
      "ClassName": "Function",
      "Outer": 10,
      "ObjectName": "IsValid"
    },
    {
      "ObjectIndex": 22,
      "Type": "Import",
      "ClassPackage": "/Script/CoreUObject",
      "ClassName": "Function",
      "Outer": 12,
      "ObjectName": "GetComponentByClass"
    },
    {
      "ObjectIndex": 23,
      "Type": "Import",
      "ClassPackage": "/Script/CoreUObject",
      "ClassName": "Function",
      "Outer": 13,
      "ObjectName": "GetRandomReachablePointAtApproximateDistance_Async"
    },
    {
      "ObjectIndex": 24,
      "Type": "Import",
      "ClassPackage": "/Script/CoreUObject",
      "ClassName": "Package",
      "ObjectName": "/Script/AIModule"
    },
    {
      "ObjectIndex": 25,
      "Type": "Import",
      "ClassPackage": "/Script/CoreUObject",
      "ClassName": "Package",
      "ObjectName": "/Script/CoreUObject"
    },
    {
      "ObjectIndex": 26,
      "Type": "Import",
      "ClassPackage": "/Script/CoreUObject",
      "ClassName": "Package",
      "ObjectName": "/Script/Engine"
    },
    {
      "ObjectIndex": 27,
      "Type": "Import",
      "ClassPackage": "/Script/CoreUObject",
      "ClassName": "Package",
      "ObjectName": "/Script/FSD"
    },
    {
      "ObjectIndex": 28,
      "Type": "Import",
      "ClassPackage": "/Script/CoreUObject",
      "ClassName": "ScriptStruct",
      "Outer": 24,
      "ObjectName": "BlackboardKeySelector"
    },
    {
      "ObjectIndex": 29,
      "Type": "Import",
      "ClassPackage": "/Script/CoreUObject",
      "ClassName": "ScriptStruct",
      "Outer": 25,
      "ObjectName": "Vector"
    },
    {
      "ObjectIndex": 30,
      "Type": "Import",
      "ClassPackage": "/Script/CoreUObject",
      "ClassName": "ScriptStruct",
      "Outer": 26,
      "ObjectName": "LatentActionInfo"
    },
    {
      "ObjectIndex": 31,
      "Type": "Import",
      "ClassPackage": "/Script/CoreUObject",
      "ClassName": "ScriptStruct",
      "Outer": 26,
      "ObjectName": "PointerToUberGraphFrame"
    },
    {
      "ObjectIndex": 32,
      "Type": "Export",
      "ObjectMark": "$AssetObject$"
    },
    {
      "ObjectIndex": 33,
      "Type": "Export",
      "ObjectClass": 32,
      "Outer": -1,
      "ObjectName": "Default__TSK_FindPointNearTarget_C",
      "ObjectFlags": 49,
      "Properties": {
        "UberGraphFrame": {},
        "ManualOffset": {
          "X": 0.0,
          "Y": 0.0,
          "Z": 0.0
        },
        "TargetKey": {
          "AllowedTypes": [],
          "SelectedKeyName": "None",
          "SelectedKeyType": -1,
          "SelectedKeyID": 255,
          "bNoneIsAllowedValue": false
        },
        "LocationKey": {
          "AllowedTypes": [],
          "SelectedKeyName": "None",
          "SelectedKeyType": -1,
          "SelectedKeyID": 255,
          "bNoneIsAllowedValue": false
        },
        "$ReferencedObjects": [
          -1
        ]
      }
    }
  ]
}