{
  "AssetClass": "Blueprint",
  "AssetPackage": "/Game/AI/Tasks/TSK_FindFormation",
  "AssetName": "TSK_FindFormation",
  "AssetSerializedData": {
    "SkipDependecies": false,
    "SuperStruct": 3,
    "Children": [
      {
        "FieldKind": "Function",
        "ObjectClass": "Function",
        "ObjectName": "ReceiveExecuteAI",
        "SuperStruct": 10,
        "Children": [],
        "ChildProperties": [
          {
            "FieldKind": "Property",
            "ObjectClass": "ObjectProperty",
            "ObjectName": "OwnerController",
            "ArrayDim": 1,
            "PropertyFlags": "148",
            "RepNotifyFunc": "None",
            "BlueprintReplicationCondition": 0,
            "PropertyClass": 2
          },
          {
            "FieldKind": "Property",
            "ObjectClass": "ObjectProperty",
            "ObjectName": "ControlledPawn",
            "ArrayDim": 1,
            "PropertyFlags": "148",
            "RepNotifyFunc": "None",
            "BlueprintReplicationCondition": 0,
            "PropertyClass": 7
          }
        ],
        "Script": [
          {
            "Inst": "LetValueOnPersistentFrame",
            "PropertyName": "K2Node_Event_OwnerController",
            "PropertyType": {
              "PinCategory": "Object",
              "PinSubCategory": "Object",
              "PinSubCategoryObject": "/Script/AIModule.AIController"
            },
            "Expression": {
              "Inst": "LocalVariable",
              "VariableType": {
                "PinCategory": "Object",
                "PinSubCategory": "Object",
                "PinSubCategoryObject": "/Script/AIModule.AIController"
              },
              "VariableName": "OwnerController"
            },
            "StatementIndex": 0
          },
          {
            "Inst": "LetValueOnPersistentFrame",
            "PropertyName": "K2Node_Event_ControlledPawn",
            "PropertyType": {
              "PinCategory": "Object",
              "PinSubCategory": "Object",
              "PinSubCategoryObject": "/Script/Engine.Pawn"
            },
            "Expression": {
              "Inst": "LocalVariable",
              "VariableType": {
                "PinCategory": "Object",
                "PinSubCategory": "Object",
                "PinSubCategoryObject": "/Script/Engine.Pawn"
              },
              "VariableName": "ControlledPawn"
            },
            "StatementIndex": 18
          },
          {
            "Inst": "LocalFinalFunction",
            "Function": "ExecuteUbergraph_TSK_FindFormation",
            "Parameters": [
              {
                "Inst": "IntConst",
                "Value": 10
              }
            ],
            "StatementIndex": 36
          },
          {
            "Inst": "Return",
            "Expression": {
              "Inst": "Nothing"
            },
            "StatementIndex": 51
          },
          {
            "Inst": "EndOfScript",
            "StatementIndex": 53
          }
        ],
        "FunctionFlags": "134744064"
      },
      {
        "FieldKind": "Function",
        "ObjectClass": "Function",
        "ObjectName": "ExecuteUbergraph_TSK_FindFormation",
        "SuperStruct": -1,
        "Children": [],
        "ChildProperties": [
          {
            "FieldKind": "Property",
            "ObjectClass": "IntProperty",
            "ObjectName": "EntryPoint",
            "ArrayDim": 1,
            "PropertyFlags": "148",
            "RepNotifyFunc": "None",
            "BlueprintReplicationCondition": 0
          },
          {
            "FieldKind": "Property",
            "ObjectClass": "ObjectProperty",
            "ObjectName": "K2Node_Event_OwnerController",
            "ArrayDim": 1,
            "PropertyFlags": "0",
            "RepNotifyFunc": "None",
            "BlueprintReplicationCondition": 0,
            "PropertyClass": 2
          },
          {
            "FieldKind": "Property",
            "ObjectClass": "ObjectProperty",
            "ObjectName": "K2Node_Event_ControlledPawn",
            "ArrayDim": 1,
            "PropertyFlags": "0",
            "RepNotifyFunc": "None",
            "BlueprintReplicationCondition": 0,
            "PropertyClass": 7
          },
          {
            "FieldKind": "Property",
            "ObjectClass": "ObjectProperty",
            "ObjectName": "K2Node_DynamicCast_AsDeep_Pathfinder_Character",
            "ArrayDim": 1,
            "PropertyFlags": "0",
            "RepNotifyFunc": "None",
            "BlueprintReplicationCondition": 0,
            "PropertyClass": 8
          },
          {
            "FieldKind": "Property",
            "ObjectClass": "BoolProperty",
            "ObjectName": "K2Node_DynamicCast_bSuccess",
            "ArrayDim": 1,
            "PropertyFlags": "0",
            "RepNotifyFunc": "None",
            "BlueprintReplicationCondition": 0,
            "BoolSize": 1,
            "NativeBool": true
          },
          {
            "FieldKind": "Property",
            "ObjectClass": "BoolProperty",
            "ObjectName": "CallFunc_TryJoinFormation_ReturnValue",
            "ArrayDim": 1,
            "PropertyFlags": "0",
            "RepNotifyFunc": "None",
            "BlueprintReplicationCondition": 0,
            "BoolSize": 1,
            "NativeBool": true
          }
        ],
        "Script": [
          {
            "Inst": "ComputedJump",
            "OffsetExpression": {
              "Inst": "LocalVariable",
              "VariableType": {
                "PinCategory": "int",
                "PinSubCategory": "int"
              },
              "VariableName": "EntryPoint"
            },
            "StatementIndex": 0
          },
          {
            "Inst": "Let",
            "Variable": {
              "Inst": "LocalVariable",
              "VariableType": {
                "PinCategory": "Object",
                "PinSubCategory": "Object",
                "PinSubCategoryObject": "/Script/FSD.DeepPathfinderCharacter"
              },
              "VariableName": "K2Node_DynamicCast_AsDeep_Pathfinder_Character"
            },
            "Expression": {
              "Inst": "DynamicCast",
              "Class": "/Script/FSD.DeepPathfinderCharacter",
              "Expression": {
                "Inst": "LocalVariable",
                "VariableType": {
                  "PinCategory": "Object",
                  "PinSubCategory": "Object",
                  "PinSubCategoryObject": "/Script/Engine.Pawn"
                },
                "VariableName": "K2Node_Event_ControlledPawn"
              }
            },
            "StatementIndex": 10
          },
          {
            "Inst": "Let",
            "Variable": {
              "Inst": "LocalVariable",
              "VariableType": {
                "PinCategory": "bool",
                "PinSubCategory": "bool"
              },
              "VariableName": "K2Node_DynamicCast_bSuccess"
            },
            "Expression": {
              "Inst": "PrimitiveCast",
              "CastType": "ObjectToBool",
              "Expression": {
                "Inst": "LocalVariable",
                "VariableType": {
                  "PinCategory": "Object",
                  "PinSubCategory": "Object",
                  "PinSubCategoryObject": "/Script/FSD.DeepPathfinderCharacter"
                },
                "VariableName": "K2Node_DynamicCast_AsDeep_Pathfinder_Character"
              }
            },
            "StatementIndex": 46
          },
          {
            "Inst": "JumpIfNot",
            "Offset": 150,
            "Condition": {
              "Inst": "LocalVariable",
              "VariableType": {
                "PinCategory": "bool",
                "PinSubCategory": "bool"
              },
              "VariableName": "K2Node_DynamicCast_bSuccess"
            },
            "StatementIndex": 75
          },
          {
            "Inst": "LetBool",
            "Variable": {
              "Inst": "LocalVariable",
              "VariableType": {
                "PinCategory": "bool",
                "PinSubCategory": "bool"
              },
              "VariableName": "CallFunc_TryJoinFormation_ReturnValue"
            },
            "Expression": {
              "Inst": "Context",
              "Context": {
                "Inst": "LocalVariable",
                "VariableType": {
                  "PinCategory": "Object",
                  "PinSubCategory": "Object",
                  "PinSubCategoryObject": "/Script/FSD.DeepPathfinderCharacter"
                },
                "VariableName": "K2Node_DynamicCast_AsDeep_Pathfinder_Character"
              },
              "SkipOffsetForNull": 10,
              "RValuePropertyType": {
                "PinCategory": "bool",
                "PinSubCategory": "bool"
              },
              "RValuePropertyName": "CallFunc_TryJoinFormation_ReturnValue",
              "Expression": {
                "Inst": "FinalFunction",
                "Function": "TryJoinFormation",
                "Parameters": []
              }
            },
            "StatementIndex": 89
          },
          {
            "Inst": "FinalFunction",
            "Function": "FinishExecute",
            "Parameters": [
              {
                "Inst": "LocalVariable",
                "VariableType": {
                  "PinCategory": "bool",
                  "PinSubCategory": "bool"
                },
                "VariableName": "CallFunc_TryJoinFormation_ReturnValue"
              }
            ],
            "StatementIndex": 131
          },
          {
            "Inst": "Return",
            "Expression": {
              "Inst": "Nothing"
            },
            "StatementIndex": 150
          },
          {
            "Inst": "EndOfScript",
            "StatementIndex": 152
          }
        ],
        "FunctionFlags": "32769"
      }
    ],
    "ChildProperties": [
      {
        "FieldKind": "Property",
        "ObjectClass": "StructProperty",
        "ObjectName": "UberGraphFrame",
        "ArrayDim": 1,
        "PropertyFlags": "2105344",
        "RepNotifyFunc": "None",
        "BlueprintReplicationCondition": 0,
        "Struct": 17
      }
    ],
    "ClassFlags": "264208",
    "ClassWithin": 5,
    "ClassConfigName": "Game",
    "Interfaces": [],
    "ClassDefaultObject": 19,
    "AssetObjectData": {
      "SimpleConstructionScript": -1,
      "$ReferencedObjects": []
    },
    "GeneratedVariableNames": []
  },
  "ObjectHierarchy": [
    {
      "ObjectIndex": 0,
      "Type": "Import",
      "ClassPackage": "/Script/Engine",
      "ClassName": "BlueprintGeneratedClass",
      "Outer": 15,
      "ObjectName": "Default__BlueprintGeneratedClass"
    },
    {
      "ObjectIndex": 1,
      "Type": "Import",
      "ClassPackage": "/Script/AIModule",
      "ClassName": "BTTask_BlueprintBase",
      "Outer": 13,
      "ObjectName": "Default__BTTask_BlueprintBase"
    },
    {
      "ObjectIndex": 2,
      "Type": "Import",
      "ClassPackage": "/Script/CoreUObject",
      "ClassName": "Class",
      "Outer": 13,
      "ObjectName": "AIController"
    },
    {
      "ObjectIndex": 3,
      "Type": "Import",
      "ClassPackage": "/Script/CoreUObject",
      "ClassName": "Class",
      "Outer": 13,
      "ObjectName": "BTTask_BlueprintBase"
    },
    {
      "ObjectIndex": 4,
      "Type": "Import",
      "ClassPackage": "/Script/CoreUObject",
      "ClassName": "Class",
      "Outer": 14,
      "ObjectName": "Function"
    },
    {
      "ObjectIndex": 5,
      "Type": "Import",
      "ClassPackage": "/Script/CoreUObject",
      "ClassName": "Class",
      "Outer": 14,
      "ObjectName": "Object"
    },
    {
      "ObjectIndex": 6,
      "Type": "Import",
      "ClassPackage": "/Script/CoreUObject",
      "ClassName": "Class",
      "Outer": 15,
      "ObjectName": "BlueprintGeneratedClass"
    },
    {
      "ObjectIndex": 7,
      "Type": "Import",
      "ClassPackage": "/Script/CoreUObject",
      "ClassName": "Class",
      "Outer": 15,
      "ObjectName": "Pawn"
    },
    {
      "ObjectIndex": 8,
      "Type": "Import",
      "ClassPackage": "/Script/CoreUObject",
      "ClassName": "Class",
      "Outer": 16,
      "ObjectName": "DeepPathfinderCharacter"
    },
    {
      "ObjectIndex": 9,
      "Type": "Import",
      "ClassPackage": "/Script/CoreUObject",
      "ClassName": "Function",
      "Outer": 3,
      "ObjectName": "FinishExecute"
    },
    {
      "ObjectIndex": 10,
      "Type": "Import",
      "ClassPackage": "/Script/CoreUObject",
      "ClassName": "Function",
      "Outer": 3,
      "ObjectName": "ReceiveExecuteAI"
    },
    {
      "ObjectIndex": 11,
      "Type": "Import",
      "ClassPackage": "/Script/CoreUObject",
      "ClassName": "Function",
      "Outer": 14,
      "ObjectName": "Default__Function"
    },
    {
      "ObjectIndex": 12,
      "Type": "Import",
      "ClassPackage": "/Script/CoreUObject",
      "ClassName": "Function",
      "Outer": 8,
      "ObjectName": "TryJoinFormation"
    },
    {
      "ObjectIndex": 13,
      "Type": "Import",
      "ClassPackage": "/Script/CoreUObject",
      "ClassName": "Package",
      "ObjectName": "/Script/AIModule"
    },
    {
      "ObjectIndex": 14,
      "Type": "Import",
      "ClassPackage": "/Script/CoreUObject",
      "ClassName": "Package",
      "ObjectName": "/Script/CoreUObject"
    },
    {
      "ObjectIndex": 15,
      "Type": "Import",
      "ClassPackage": "/Script/CoreUObject",
      "ClassName": "Package",
      "ObjectName": "/Script/Engine"
    },
    {
      "ObjectIndex": 16,
      "Type": "Import",
      "ClassPackage": "/Script/CoreUObject",
      "ClassName": "Package",
      "ObjectName": "/Script/FSD"
    },
    {
      "ObjectIndex": 17,
      "Type": "Import",
      "ClassPackage": "/Script/CoreUObject",
      "ClassName": "ScriptStruct",
      "Outer": 15,
      "ObjectName": "PointerToUberGraphFrame"
    },
    {
      "ObjectIndex": 18,
      "Type": "Export",
      "ObjectMark": "$AssetObject$"
    },
    {
      "ObjectIndex": 19,
      "Type": "Export",
      "ObjectClass": 18,
      "Outer": -1,
      "ObjectName": "Default__TSK_FindFormation_C",
      "ObjectFlags": 49,
      "Properties": {
        "UberGraphFrame": {},
        "$ReferencedObjects": []
      }
    }
  ]
}