{
  "AssetClass": "Blueprint",
  "AssetPackage": "/Game/AI/Tasks/TSK_FindObjectToScan",
  "AssetName": "TSK_FindObjectToScan",
  "AssetSerializedData": {
    "SkipDependecies": false,
    "SuperStruct": 7,
    "Children": [
      {
        "FieldKind": "Function",
        "ObjectClass": "Function",
        "ObjectName": "IsValidObjectToScan",
        "SuperStruct": -1,
        "Children": [],
        "ChildProperties": [
          {
            "FieldKind": "Property",
            "ObjectClass": "ObjectProperty",
            "ObjectName": "Object",
            "ArrayDim": 1,
            "PropertyFlags": "148",
            "RepNotifyFunc": "None",
            "BlueprintReplicationCondition": 0,
            "PropertyClass": 10
          },
          {
            "FieldKind": "Property",
            "ObjectClass": "ObjectProperty",
            "ObjectName": "Prospector",
            "ArrayDim": 1,
            "PropertyFlags": "148",
            "RepNotifyFunc": "None",
            "BlueprintReplicationCondition": 0,
            "PropertyClass": 1
          },
          {
            "FieldKind": "Property",
            "ObjectClass": "BoolProperty",
            "ObjectName": "ReturnValue",
            "ArrayDim": 1,
            "PropertyFlags": "1408",
            "RepNotifyFunc": "None",
            "BlueprintReplicationCondition": 0,
            "BoolSize": 1,
            "NativeBool": true
          },
          {
            "FieldKind": "Property",
            "ObjectClass": "ObjectProperty",
            "ObjectName": "CallFunc_GetComponentByClass_ReturnValue",
            "ArrayDim": 1,
            "PropertyFlags": "524288",
            "RepNotifyFunc": "None",
            "BlueprintReplicationCondition": 0,
            "PropertyClass": 17
          },
          {
            "FieldKind": "Property",
            "ObjectClass": "BoolProperty",
            "ObjectName": "CallFunc_IsValid_ReturnValue",
            "ArrayDim": 1,
            "PropertyFlags": "0",
            "RepNotifyFunc": "None",
            "BlueprintReplicationCondition": 0,
            "BoolSize": 1,
            "NativeBool": true
          },
          {
            "FieldKind": "Property",
            "ObjectClass": "BoolProperty",
            "ObjectName": "CallFunc_Set_Contains_ReturnValue",
            "ArrayDim": 1,
            "PropertyFlags": "0",
            "RepNotifyFunc": "None",
            "BlueprintReplicationCondition": 0,
            "BoolSize": 1,
            "NativeBool": true
          },
          {
            "FieldKind": "Property",
            "ObjectClass": "BoolProperty",
            "ObjectName": "CallFunc_Not_PreBool_ReturnValue",
            "ArrayDim": 1,
            "PropertyFlags": "0",
            "RepNotifyFunc": "None",
            "BlueprintReplicationCondition": 0,
            "BoolSize": 1,
            "NativeBool": true
          },
          {
            "FieldKind": "Property",
            "ObjectClass": "BoolProperty",
            "ObjectName": "CallFunc_BooleanAND_ReturnValue",
            "ArrayDim": 1,
            "PropertyFlags": "0",
            "RepNotifyFunc": "None",
            "BlueprintReplicationCondition": 0,
            "BoolSize": 1,
            "NativeBool": true
          }
        ],
        "Script": [
          {
            "Inst": "LetObj",
            "Variable": {
              "Inst": "LocalVariable",
              "VariableType": {
                "PinCategory": "Object",
                "PinSubCategory": "Object",
                "PinSubCategoryObject": "/Script/FSD.SimpleObjectInfoComponent"
              },
              "VariableName": "CallFunc_GetComponentByClass_ReturnValue"
            },
            "Expression": {
              "Inst": "Context",
              "Context": {
                "Inst": "LocalVariable",
                "VariableType": {
                  "PinCategory": "Object",
                  "PinSubCategory": "Object",
                  "PinSubCategoryObject": "/Script/Engine.Actor"
                },
                "VariableName": "Object"
              },
              "SkipOffsetForNull": 19,
              "RValuePropertyType": {
                "PinCategory": "Object",
                "PinSubCategory": "Object",
                "PinSubCategoryObject": "/Script/FSD.SimpleObjectInfoComponent"
              },
              "RValuePropertyName": "CallFunc_GetComponentByClass_ReturnValue",
              "Expression": {
                "Inst": "FinalFunction",
                "Function": "GetComponentByClass",
                "Parameters": [
                  {
                    "Inst": "ObjectConst",
                    "Object": "/Script/FSD.SimpleObjectInfoComponent"
                  }
                ]
              }
            },
            "StatementIndex": 0
          },
          {
            "Inst": "LetBool",
            "Variable": {
              "Inst": "LocalVariable",
              "VariableType": {
                "PinCategory": "bool",
                "PinSubCategory": "bool"
              },
              "VariableName": "CallFunc_IsValid_ReturnValue"
            },
            "Expression": {
              "Inst": "CallMath",
              "Function": "IsValid",
              "ContextClass": "/Script/Engine.KismetSystemLibrary",
              "Parameters": [
                {
                  "Inst": "LocalVariable",
                  "VariableType": {
                    "PinCategory": "Object",
                    "PinSubCategory": "Object",
                    "PinSubCategoryObject": "/Script/FSD.SimpleObjectInfoComponent"
                  },
                  "VariableName": "CallFunc_GetComponentByClass_ReturnValue"
                }
              ]
            },
            "StatementIndex": 51
          },
          {
            "Inst": "LetBool",
            "Variable": {
              "Inst": "LocalVariable",
              "VariableType": {
                "PinCategory": "bool",
                "PinSubCategory": "bool"
              },
              "VariableName": "CallFunc_Set_Contains_ReturnValue"
            },
            "Expression": {
              "Inst": "Context",
              "Context": {
                "Inst": "ObjectConst",
                "Object": "/Script/Engine.Default__BlueprintSetLibrary"
              },
              "SkipOffsetForNull": 50,
              "RValuePropertyType": {
                "PinCategory": "bool",
                "PinSubCategory": "bool"
              },
              "RValuePropertyName": "CallFunc_Set_Contains_ReturnValue",
              "Expression": {
                "Inst": "FinalFunction",
                "Function": "Set_Contains",
                "Parameters": [
                  {
                    "Inst": "Context",
                    "Context": {
                      "Inst": "LocalVariable",
                      "VariableType": {
                        "PinCategory": "Object",
                        "PinSubCategory": "Object",
                        "PinSubCategoryObject": "/Game/Critters/Prospector/AIC_Prospector.AIC_Prospector_C"
                      },
                      "VariableName": "Prospector"
                    },
                    "SkipOffsetForNull": 9,
                    "RValuePropertyType": "##NOT SERIALIZED##",
                    "RValuePropertyName": "ScannedObjects",
                    "Expression": {
                      "Inst": "InstanceVariable",
                      "VariableType": "##NOT SERIALIZED##",
                      "VariableName": "ScannedObjects"
                    }
                  },
                  {
                    "Inst": "LocalVariable",
                    "VariableType": {
                      "PinCategory": "Object",
                      "PinSubCategory": "Object",
                      "PinSubCategoryObject": "/Script/Engine.Actor"
                    },
                    "VariableName": "Object"
                  }
                ]
              }
            },
            "StatementIndex": 80
          },
          {
            "Inst": "LetBool",
            "Variable": {
              "Inst": "LocalVariable",
              "VariableType": {
                "PinCategory": "bool",
                "PinSubCategory": "bool"
              },
              "VariableName": "CallFunc_Not_PreBool_ReturnValue"
            },
            "Expression": {
              "Inst": "CallMath",
              "Function": "Not_PreBool",
              "ContextClass": "/Script/Engine.KismetMathLibrary",
              "Parameters": [
                {
                  "Inst": "LocalVariable",
                  "VariableType": {
                    "PinCategory": "bool",
                    "PinSubCategory": "bool"
                  },
                  "VariableName": "CallFunc_Set_Contains_ReturnValue"
                }
              ]
            },
            "StatementIndex": 162
          },
          {
            "Inst": "LetBool",
            "Variable": {
              "Inst": "LocalVariable",
              "VariableType": {
                "PinCategory": "bool",
                "PinSubCategory": "bool"
              },
              "VariableName": "CallFunc_BooleanAND_ReturnValue"
            },
            "Expression": {
              "Inst": "CallMath",
              "Function": "BooleanAND",
              "ContextClass": "/Script/Engine.KismetMathLibrary",
              "Parameters": [
                {
                  "Inst": "LocalVariable",
                  "VariableType": {
                    "PinCategory": "bool",
                    "PinSubCategory": "bool"
                  },
                  "VariableName": "CallFunc_IsValid_ReturnValue"
                },
                {
                  "Inst": "LocalVariable",
                  "VariableType": {
                    "PinCategory": "bool",
                    "PinSubCategory": "bool"
                  },
                  "VariableName": "CallFunc_Not_PreBool_ReturnValue"
                }
              ]
            },
            "StatementIndex": 191
          },
          {
            "Inst": "LetBool",
            "Variable": {
              "Inst": "LocalOutVariable",
              "VariableType": {
                "PinCategory": "bool",
                "PinSubCategory": "bool"
              },
              "VariableName": "ReturnValue"
            },
            "Expression": {
              "Inst": "LocalVariable",
              "VariableType": {
                "PinCategory": "bool",
                "PinSubCategory": "bool"
              },
              "VariableName": "CallFunc_BooleanAND_ReturnValue"
            },
            "StatementIndex": 229
          },
          {
            "Inst": "Return",
            "Expression": {
              "Inst": "LocalOutVariable",
              "VariableType": {
                "PinCategory": "bool",
                "PinSubCategory": "bool"
              },
              "VariableName": "ReturnValue"
            },
            "StatementIndex": 248
          },
          {
            "Inst": "EndOfScript",
            "StatementIndex": 258
          }
        ],
        "FunctionFlags": "474087424"
      },
      {
        "FieldKind": "Function",
        "ObjectClass": "Function",
        "ObjectName": "SelectRandomTarget",
        "SuperStruct": -1,
        "Children": [],
        "ChildProperties": [
          {
            "FieldKind": "Property",
            "ObjectClass": "ArrayProperty",
            "ObjectName": "Actors",
            "ArrayDim": 1,
            "PropertyFlags": "134218132",
            "RepNotifyFunc": "None",
            "BlueprintReplicationCondition": 0,
            "Inner": {
              "ObjectClass": "ObjectProperty",
              "ObjectName": "Actors",
              "ArrayDim": 1,
              "PropertyFlags": "0",
              "RepNotifyFunc": "None",
              "BlueprintReplicationCondition": 0,
              "PropertyClass": 10
            }
          },
          {
            "FieldKind": "Property",
            "ObjectClass": "ObjectProperty",
            "ObjectName": "Prospector",
            "ArrayDim": 1,
            "PropertyFlags": "148",
            "RepNotifyFunc": "None",
            "BlueprintReplicationCondition": 0,
            "PropertyClass": 1
          },
          {
            "FieldKind": "Property",
            "ObjectClass": "ObjectProperty",
            "ObjectName": "Target",
            "ArrayDim": 1,
            "PropertyFlags": "384",
            "RepNotifyFunc": "None",
            "BlueprintReplicationCondition": 0,
            "PropertyClass": 10
          },
          {
            "FieldKind": "Property",
            "ObjectClass": "IntProperty",
            "ObjectName": "Index",
            "ArrayDim": 1,
            "PropertyFlags": "5",
            "RepNotifyFunc": "None",
            "BlueprintReplicationCondition": 0
          },
          {
            "FieldKind": "Property",
            "ObjectClass": "IntProperty",
            "ObjectName": "CallFunc_Array_Length_ReturnValue",
            "ArrayDim": 1,
            "PropertyFlags": "0",
            "RepNotifyFunc": "None",
            "BlueprintReplicationCondition": 0
          },
          {
            "FieldKind": "Property",
            "ObjectClass": "IntProperty",
            "ObjectName": "CallFunc_Array_LastIndex_ReturnValue",
            "ArrayDim": 1,
            "PropertyFlags": "0",
            "RepNotifyFunc": "None",
            "BlueprintReplicationCondition": 0
          },
          {
            "FieldKind": "Property",
            "ObjectClass": "BoolProperty",
            "ObjectName": "CallFunc_Greater_IntInt_ReturnValue",
            "ArrayDim": 1,
            "PropertyFlags": "0",
            "RepNotifyFunc": "None",
            "BlueprintReplicationCondition": 0,
            "BoolSize": 1,
            "NativeBool": true
          },
          {
            "FieldKind": "Property",
            "ObjectClass": "IntProperty",
            "ObjectName": "CallFunc_RandomIntegerInRange_ReturnValue",
            "ArrayDim": 1,
            "PropertyFlags": "0",
            "RepNotifyFunc": "None",
            "BlueprintReplicationCondition": 0
          },
          {
            "FieldKind": "Property",
            "ObjectClass": "ObjectProperty",
            "ObjectName": "CallFunc_Array_Get_Item",
            "ArrayDim": 1,
            "PropertyFlags": "0",
            "RepNotifyFunc": "None",
            "BlueprintReplicationCondition": 0,
            "PropertyClass": 10
          },
          {
            "FieldKind": "Property",
            "ObjectClass": "BoolProperty",
            "ObjectName": "CallFunc_IsValidObjectToScan_ReturnValue",
            "ArrayDim": 1,
            "PropertyFlags": "0",
            "RepNotifyFunc": "None",
            "BlueprintReplicationCondition": 0,
            "BoolSize": 1,
            "NativeBool": true
          }
        ],
        "Script": [
          {
            "Inst": "PushExecutionFlow",
            "Offset": 513,
            "StatementIndex": 0
          },
          {
            "Inst": "Let",
            "Variable": {
              "Inst": "LocalVariable",
              "VariableType": {
                "PinCategory": "int",
                "PinSubCategory": "int"
              },
              "VariableName": "Index"
            },
            "Expression": {
              "Inst": "IntConst",
              "Value": 0
            },
            "StatementIndex": 5
          },
          {
            "Inst": "Let",
            "Variable": {
              "Inst": "LocalVariable",
              "VariableType": {
                "PinCategory": "int",
                "PinSubCategory": "int"
              },
              "VariableName": "CallFunc_Array_Length_ReturnValue"
            },
            "Expression": {
              "Inst": "Context",
              "Context": {
                "Inst": "ObjectConst",
                "Object": "/Script/Engine.Default__KismetArrayLibrary"
              },
              "SkipOffsetForNull": 19,
              "RValuePropertyType": {
                "PinCategory": "int",
                "PinSubCategory": "int"
              },
              "RValuePropertyName": "CallFunc_Array_Length_ReturnValue",
              "Expression": {
                "Inst": "FinalFunction",
                "Function": "Array_Length",
                "Parameters": [
                  {
                    "Inst": "LocalOutVariable",
                    "VariableType": {
                      "PinCategory": "Object",
                      "PinSubCategory": "Object",
                      "PinSubCategoryObject": "/Script/Engine.Actor",
                      "ContainerType": 1,
                      "IsReference": true
                    },
                    "VariableName": "Actors"
                  }
                ]
              }
            },
            "StatementIndex": 28
          },
          {
            "Inst": "LetBool",
            "Variable": {
              "Inst": "LocalVariable",
              "VariableType": {
                "PinCategory": "bool",
                "PinSubCategory": "bool"
              },
              "VariableName": "CallFunc_Greater_IntInt_ReturnValue"
            },
            "Expression": {
              "Inst": "CallMath",
              "Function": "Greater_IntInt",
              "ContextClass": "/Script/Engine.KismetMathLibrary",
              "Parameters": [
                {
                  "Inst": "LocalVariable",
                  "VariableType": {
                    "PinCategory": "int",
                    "PinSubCategory": "int"
                  },
                  "VariableName": "CallFunc_Array_Length_ReturnValue"
                },
                {
                  "Inst": "IntConst",
                  "Value": 0
                }
              ]
            },
            "StatementIndex": 87
          },
          {
            "Inst": "PopExecutionFlowIfNot",
            "Condition": {
              "Inst": "LocalVariable",
              "VariableType": {
                "PinCategory": "bool",
                "PinSubCategory": "bool"
              },
              "VariableName": "CallFunc_Greater_IntInt_ReturnValue"
            },
            "StatementIndex": 121
          },
          {
            "Inst": "PushExecutionFlow",
            "Offset": 28,
            "StatementIndex": 131
          },
          {
            "Inst": "Let",
            "Variable": {
              "Inst": "LocalVariable",
              "VariableType": {
                "PinCategory": "int",
                "PinSubCategory": "int"
              },
              "VariableName": "CallFunc_Array_LastIndex_ReturnValue"
            },
            "Expression": {
              "Inst": "Context",
              "Context": {
                "Inst": "ObjectConst",
                "Object": "/Script/Engine.Default__KismetArrayLibrary"
              },
              "SkipOffsetForNull": 19,
              "RValuePropertyType": {
                "PinCategory": "int",
                "PinSubCategory": "int"
              },
              "RValuePropertyName": "CallFunc_Array_LastIndex_ReturnValue",
              "Expression": {
                "Inst": "FinalFunction",
                "Function": "Array_LastIndex",
                "Parameters": [
                  {
                    "Inst": "LocalOutVariable",
                    "VariableType": {
                      "PinCategory": "Object",
                      "PinSubCategory": "Object",
                      "PinSubCategoryObject": "/Script/Engine.Actor",
                      "ContainerType": 1,
                      "IsReference": true
                    },
                    "VariableName": "Actors"
                  }
                ]
              }
            },
            "StatementIndex": 136
          },
          {
            "Inst": "Let",
            "Variable": {
              "Inst": "LocalVariable",
              "VariableType": {
                "PinCategory": "int",
                "PinSubCategory": "int"
              },
              "VariableName": "CallFunc_RandomIntegerInRange_ReturnValue"
            },
            "Expression": {
              "Inst": "CallMath",
              "Function": "RandomIntegerInRange",
              "ContextClass": "/Script/Engine.KismetMathLibrary",
              "Parameters": [
                {
                  "Inst": "IntConst",
                  "Value": 0
                },
                {
                  "Inst": "LocalVariable",
                  "VariableType": {
                    "PinCategory": "int",
                    "PinSubCategory": "int"
                  },
                  "VariableName": "CallFunc_Array_LastIndex_ReturnValue"
                }
              ]
            },
            "StatementIndex": 195
          },
          {
            "Inst": "Let",
            "Variable": {
              "Inst": "LocalVariable",
              "VariableType": {
                "PinCategory": "int",
                "PinSubCategory": "int"
              },
              "VariableName": "Index"
            },
            "Expression": {
              "Inst": "LocalVariable",
              "VariableType": {
                "PinCategory": "int",
                "PinSubCategory": "int"
              },
              "VariableName": "CallFunc_RandomIntegerInRange_ReturnValue"
            },
            "StatementIndex": 237
          },
          {
            "Inst": "Context",
            "Context": {
              "Inst": "ObjectConst",
              "Object": "/Script/Engine.Default__KismetArrayLibrary"
            },
            "SkipOffsetForNull": 37,
            "Expression": {
              "Inst": "FinalFunction",
              "Function": "Array_Get",
              "Parameters": [
                {
                  "Inst": "LocalOutVariable",
                  "VariableType": {
                    "PinCategory": "Object",
                    "PinSubCategory": "Object",
                    "PinSubCategoryObject": "/Script/Engine.Actor",
                    "ContainerType": 1,
                    "IsReference": true
                  },
                  "VariableName": "Actors"
                },
                {
                  "Inst": "LocalVariable",
                  "VariableType": {
                    "PinCategory": "int",
                    "PinSubCategory": "int"
                  },
                  "VariableName": "Index"
                },
                {
                  "Inst": "LocalVariable",
                  "VariableType": {
                    "PinCategory": "Object",
                    "PinSubCategory": "Object",
                    "PinSubCategoryObject": "/Script/Engine.Actor"
                  },
                  "VariableName": "CallFunc_Array_Get_Item"
                }
              ]
            },
            "StatementIndex": 264
          },
          {
            "Inst": "LetBool",
            "Variable": {
              "Inst": "LocalVariable",
              "VariableType": {
                "PinCategory": "bool",
                "PinSubCategory": "bool"
              },
              "VariableName": "CallFunc_IsValidObjectToScan_ReturnValue"
            },
            "Expression": {
              "Inst": "LocalVirtualFunction",
              "FunctionName": "IsValidObjectToScan",
              "Parameters": [
                {
                  "Inst": "LocalVariable",
                  "VariableType": {
                    "PinCategory": "Object",
                    "PinSubCategory": "Object",
                    "PinSubCategoryObject": "/Script/Engine.Actor"
                  },
                  "VariableName": "CallFunc_Array_Get_Item"
                },
                {
                  "Inst": "LocalVariable",
                  "VariableType": {
                    "PinCategory": "Object",
                    "PinSubCategory": "Object",
                    "PinSubCategoryObject": "/Game/Critters/Prospector/AIC_Prospector.AIC_Prospector_C"
                  },
                  "VariableName": "Prospector"
                }
              ]
            },
            "StatementIndex": 323
          },
          {
            "Inst": "JumpIfNot",
            "Offset": 462,
            "Condition": {
              "Inst": "LocalVariable",
              "VariableType": {
                "PinCategory": "bool",
                "PinSubCategory": "bool"
              },
              "VariableName": "CallFunc_IsValidObjectToScan_ReturnValue"
            },
            "StatementIndex": 365
          },
          {
            "Inst": "Context",
            "Context": {
              "Inst": "ObjectConst",
              "Object": "/Script/Engine.Default__KismetArrayLibrary"
            },
            "SkipOffsetForNull": 37,
            "Expression": {
              "Inst": "FinalFunction",
              "Function": "Array_Get",
              "Parameters": [
                {
                  "Inst": "LocalOutVariable",
                  "VariableType": {
                    "PinCategory": "Object",
                    "PinSubCategory": "Object",
                    "PinSubCategoryObject": "/Script/Engine.Actor",
                    "ContainerType": 1,
                    "IsReference": true
                  },
                  "VariableName": "Actors"
                },
                {
                  "Inst": "LocalVariable",
                  "VariableType": {
                    "PinCategory": "int",
                    "PinSubCategory": "int"
                  },
                  "VariableName": "Index"
                },
                {
                  "Inst": "LocalVariable",
                  "VariableType": {
                    "PinCategory": "Object",
                    "PinSubCategory": "Object",
                    "PinSubCategoryObject": "/Script/Engine.Actor"
                  },
                  "VariableName": "CallFunc_Array_Get_Item"
                }
              ]
            },
            "StatementIndex": 379
          },
          {
            "Inst": "LetObj",
            "Variable": {
              "Inst": "LocalOutVariable",
              "VariableType": {
                "PinCategory": "Object",
                "PinSubCategory": "Object",
                "PinSubCategoryObject": "/Script/Engine.Actor"
              },
              "VariableName": "Target"
            },
            "Expression": {
              "Inst": "LocalVariable",
              "VariableType": {
                "PinCategory": "Object",
                "PinSubCategory": "Object",
                "PinSubCategoryObject": "/Script/Engine.Actor"
              },
              "VariableName": "CallFunc_Array_Get_Item"
            },
            "StatementIndex": 438
          },
          {
            "Inst": "Jump",
            "Offset": 513,
            "StatementIndex": 457
          },
          {
            "Inst": "Context",
            "Context": {
              "Inst": "ObjectConst",
              "Object": "/Script/Engine.Default__KismetArrayLibrary"
            },
            "SkipOffsetForNull": 28,
            "Expression": {
              "Inst": "FinalFunction",
              "Function": "Array_Remove",
              "Parameters": [
                {
                  "Inst": "LocalOutVariable",
                  "VariableType": {
                    "PinCategory": "Object",
                    "PinSubCategory": "Object",
                    "PinSubCategoryObject": "/Script/Engine.Actor",
                    "ContainerType": 1,
                    "IsReference": true
                  },
                  "VariableName": "Actors"
                },
                {
                  "Inst": "LocalVariable",
                  "VariableType": {
                    "PinCategory": "int",
                    "PinSubCategory": "int"
                  },
                  "VariableName": "Index"
                }
              ]
            },
            "StatementIndex": 462
          },
          {
            "Inst": "PopExecutionFlow",
            "StatementIndex": 512
          },
          {
            "Inst": "Return",
            "Expression": {
              "Inst": "Nothing"
            },
            "StatementIndex": 513
          },
          {
            "Inst": "EndOfScript",
            "StatementIndex": 515
          }
        ],
        "FunctionFlags": "205651968"
      },
      {
        "FieldKind": "Function",
        "ObjectClass": "Function",
        "ObjectName": "ReceiveExecuteAI",
        "SuperStruct": 21,
        "Children": [],
        "ChildProperties": [
          {
            "FieldKind": "Property",
            "ObjectClass": "ObjectProperty",
            "ObjectName": "OwnerController",
            "ArrayDim": 1,
            "PropertyFlags": "148",
            "RepNotifyFunc": "None",
            "BlueprintReplicationCondition": 0,
            "PropertyClass": 5
          },
          {
            "FieldKind": "Property",
            "ObjectClass": "ObjectProperty",
            "ObjectName": "ControlledPawn",
            "ArrayDim": 1,
            "PropertyFlags": "148",
            "RepNotifyFunc": "None",
            "BlueprintReplicationCondition": 0,
            "PropertyClass": 16
          }
        ],
        "Script": [
          {
            "Inst": "LetValueOnPersistentFrame",
            "PropertyName": "K2Node_Event_OwnerController",
            "PropertyType": {
              "PinCategory": "Object",
              "PinSubCategory": "Object",
              "PinSubCategoryObject": "/Script/AIModule.AIController"
            },
            "Expression": {
              "Inst": "LocalVariable",
              "VariableType": {
                "PinCategory": "Object",
                "PinSubCategory": "Object",
                "PinSubCategoryObject": "/Script/AIModule.AIController"
              },
              "VariableName": "OwnerController"
            },
            "StatementIndex": 0
          },
          {
            "Inst": "LetValueOnPersistentFrame",
            "PropertyName": "K2Node_Event_ControlledPawn",
            "PropertyType": {
              "PinCategory": "Object",
              "PinSubCategory": "Object",
              "PinSubCategoryObject": "/Script/Engine.Pawn"
            },
            "Expression": {
              "Inst": "LocalVariable",
              "VariableType": {
                "PinCategory": "Object",
                "PinSubCategory": "Object",
                "PinSubCategoryObject": "/Script/Engine.Pawn"
              },
              "VariableName": "ControlledPawn"
            },
            "StatementIndex": 18
          },
          {
            "Inst": "LocalFinalFunction",
            "Function": "ExecuteUbergraph_TSK_FindObjectToScan",
            "Parameters": [
              {
                "Inst": "IntConst",
                "Value": 42
              }
            ],
            "StatementIndex": 36
          },
          {
            "Inst": "Return",
            "Expression": {
              "Inst": "Nothing"
            },
            "StatementIndex": 51
          },
          {
            "Inst": "EndOfScript",
            "StatementIndex": 53
          }
        ],
        "FunctionFlags": "134744064"
      },
      {
        "FieldKind": "Function",
        "ObjectClass": "Function",
        "ObjectName": "ExecuteUbergraph_TSK_FindObjectToScan",
        "SuperStruct": -1,
        "Children": [],
        "ChildProperties": [
          {
            "FieldKind": "Property",
            "ObjectClass": "IntProperty",
            "ObjectName": "EntryPoint",
            "ArrayDim": 1,
            "PropertyFlags": "148",
            "RepNotifyFunc": "None",
            "BlueprintReplicationCondition": 0
          },
          {
            "FieldKind": "Property",
            "ObjectClass": "ArrayProperty",
            "ObjectName": "K2Node_MakeArray_Array",
            "ArrayDim": 1,
            "PropertyFlags": "134217730",
            "RepNotifyFunc": "None",
            "BlueprintReplicationCondition": 0,
            "Inner": {
              "ObjectClass": "ByteProperty",
              "ObjectName": "K2Node_MakeArray_Array",
              "ArrayDim": 1,
              "PropertyFlags": "0",
              "RepNotifyFunc": "None",
              "BlueprintReplicationCondition": 0,
              "Enum": 18
            }
          },
          {
            "FieldKind": "Property",
            "ObjectClass": "ObjectProperty",
            "ObjectName": "K2Node_Event_OwnerController",
            "ArrayDim": 1,
            "PropertyFlags": "0",
            "RepNotifyFunc": "None",
            "BlueprintReplicationCondition": 0,
            "PropertyClass": 5
          },
          {
            "FieldKind": "Property",
            "ObjectClass": "ObjectProperty",
            "ObjectName": "K2Node_Event_ControlledPawn",
            "ArrayDim": 1,
            "PropertyFlags": "0",
            "RepNotifyFunc": "None",
            "BlueprintReplicationCondition": 0,
            "PropertyClass": 16
          },
          {
            "FieldKind": "Property",
            "ObjectClass": "ObjectProperty",
            "ObjectName": "K2Node_DynamicCast_AsAIC_Prospector",
            "ArrayDim": 1,
            "PropertyFlags": "0",
            "RepNotifyFunc": "None",
            "BlueprintReplicationCondition": 0,
            "PropertyClass": 1
          },
          {
            "FieldKind": "Property",
            "ObjectClass": "BoolProperty",
            "ObjectName": "K2Node_DynamicCast_bSuccess",
            "ArrayDim": 1,
            "PropertyFlags": "0",
            "RepNotifyFunc": "None",
            "BlueprintReplicationCondition": 0,
            "BoolSize": 1,
            "NativeBool": true
          },
          {
            "FieldKind": "Property",
            "ObjectClass": "ArrayProperty",
            "ObjectName": "K2Node_MakeArray_Array_1",
            "ArrayDim": 1,
            "PropertyFlags": "134217730",
            "RepNotifyFunc": "None",
            "BlueprintReplicationCondition": 0,
            "Inner": {
              "ObjectClass": "ObjectProperty",
              "ObjectName": "K2Node_MakeArray_Array_1",
              "ArrayDim": 1,
              "PropertyFlags": "0",
              "RepNotifyFunc": "None",
              "BlueprintReplicationCondition": 0,
              "PropertyClass": 10
            }
          },
          {
            "FieldKind": "Property",
            "ObjectClass": "StructProperty",
            "ObjectName": "CallFunc_K2_GetActorLocation_ReturnValue",
            "ArrayDim": 1,
            "PropertyFlags": "0",
            "RepNotifyFunc": "None",
            "BlueprintReplicationCondition": 0,
            "Struct": 47
          },
          {
            "FieldKind": "Property",
            "ObjectClass": "ArrayProperty",
            "ObjectName": "CallFunc_SphereOverlapActors_OutActors",
            "ArrayDim": 1,
            "PropertyFlags": "134217728",
            "RepNotifyFunc": "None",
            "BlueprintReplicationCondition": 0,
            "Inner": {
              "ObjectClass": "ObjectProperty",
              "ObjectName": "CallFunc_SphereOverlapActors_OutActors",
              "ArrayDim": 1,
              "PropertyFlags": "0",
              "RepNotifyFunc": "None",
              "BlueprintReplicationCondition": 0,
              "PropertyClass": 10
            }
          },
          {
            "FieldKind": "Property",
            "ObjectClass": "BoolProperty",
            "ObjectName": "CallFunc_SphereOverlapActors_ReturnValue",
            "ArrayDim": 1,
            "PropertyFlags": "0",
            "RepNotifyFunc": "None",
            "BlueprintReplicationCondition": 0,
            "BoolSize": 1,
            "NativeBool": true
          },
          {
            "FieldKind": "Property",
            "ObjectClass": "ObjectProperty",
            "ObjectName": "CallFunc_SelectRandomTarget_Target",
            "ArrayDim": 1,
            "PropertyFlags": "0",
            "RepNotifyFunc": "None",
            "BlueprintReplicationCondition": 0,
            "PropertyClass": 10
          },
          {
            "FieldKind": "Property",
            "ObjectClass": "BoolProperty",
            "ObjectName": "CallFunc_IsValid_ReturnValue",
            "ArrayDim": 1,
            "PropertyFlags": "0",
            "RepNotifyFunc": "None",
            "BlueprintReplicationCondition": 0,
            "BoolSize": 1,
            "NativeBool": true
          }
        ],
        "Script": [
          {
            "Inst": "ComputedJump",
            "OffsetExpression": {
              "Inst": "LocalVariable",
              "VariableType": {
                "PinCategory": "int",
                "PinSubCategory": "int"
              },
              "VariableName": "EntryPoint"
            },
            "StatementIndex": 0
          },
          {
            "Inst": "FinalFunction",
            "Function": "FinishExecute",
            "Parameters": [
              {
                "Inst": "True"
              }
            ],
            "StatementIndex": 10
          },
          {
            "Inst": "Jump",
            "Offset": 523,
            "StatementIndex": 21
          },
          {
            "Inst": "FinalFunction",
            "Function": "FinishExecute",
            "Parameters": [
              {
                "Inst": "True"
              }
            ],
            "StatementIndex": 26
          },
          {
            "Inst": "Jump",
            "Offset": 523,
            "StatementIndex": 37
          },
          {
            "Inst": "SetArray",
            "LeftSideExpression": {
              "Inst": "LocalVariable",
              "VariableType": {
                "PinCategory": "byte",
                "PinSubCategory": "byte",
                "PinSubCategoryObject": "/Script/Engine.EObjectTypeQuery",
                "ContainerType": 1,
                "IsConst": true
              },
              "VariableName": "K2Node_MakeArray_Array"
            },
            "Values": [
              {
                "Inst": "ByteConst",
                "Value": 1
              }
            ],
            "StatementIndex": 42
          },
          {
            "Inst": "SetArray",
            "LeftSideExpression": {
              "Inst": "LocalVariable",
              "VariableType": {
                "PinCategory": "Object",
                "PinSubCategory": "Object",
                "PinSubCategoryObject": "/Script/Engine.Actor",
                "ContainerType": 1,
                "IsConst": true
              },
              "VariableName": "K2Node_MakeArray_Array_1"
            },
            "Values": [
              {
                "Inst": "LocalVariable",
                "VariableType": {
                  "PinCategory": "Object",
                  "PinSubCategory": "Object",
                  "PinSubCategoryObject": "/Script/Engine.Pawn"
                },
                "VariableName": "K2Node_Event_ControlledPawn"
              }
            ],
            "StatementIndex": 55
          },
          {
            "Inst": "Let",
            "Variable": {
              "Inst": "LocalVariable",
              "VariableType": {
                "PinCategory": "Struct",
                "PinSubCategory": "Struct",
                "PinSubCategoryObject": "/Script/CoreUObject.Vector"
              },
              "VariableName": "CallFunc_K2_GetActorLocation_ReturnValue"
            },
            "Expression": {
              "Inst": "Context",
              "Context": {
                "Inst": "LocalVariable",
                "VariableType": {
                  "PinCategory": "Object",
                  "PinSubCategory": "Object",
                  "PinSubCategoryObject": "/Script/Engine.Pawn"
                },
                "VariableName": "K2Node_Event_ControlledPawn"
              },
              "SkipOffsetForNull": 10,
              "RValuePropertyType": {
                "PinCategory": "Struct",
                "PinSubCategory": "Struct",
                "PinSubCategoryObject": "/Script/CoreUObject.Vector"
              },
              "RValuePropertyName": "CallFunc_K2_GetActorLocation_ReturnValue",
              "Expression": {
                "Inst": "FinalFunction",
                "Function": "K2_GetActorLocation",
                "Parameters": []
              }
            },
            "StatementIndex": 75
          },
          {
            "Inst": "SetArray",
            "LeftSideExpression": {
              "Inst": "LocalVariable",
              "VariableType": {
                "PinCategory": "Object",
                "PinSubCategory": "Object",
                "PinSubCategoryObject": "/Script/Engine.Actor",
                "ContainerType": 1
              },
              "VariableName": "CallFunc_SphereOverlapActors_OutActors"
            },
            "Values": [],
            "StatementIndex": 125
          },
          {
            "Inst": "LetBool",
            "Variable": {
              "Inst": "LocalVariable",
              "VariableType": {
                "PinCategory": "bool",
                "PinSubCategory": "bool"
              },
              "VariableName": "CallFunc_SphereOverlapActors_ReturnValue"
            },
            "Expression": {
              "Inst": "CallMath",
              "Function": "SphereOverlapActors",
              "ContextClass": "/Script/Engine.KismetSystemLibrary",
              "Parameters": [
                {
                  "Inst": "Self"
                },
                {
                  "Inst": "LocalVariable",
                  "VariableType": {
                    "PinCategory": "Struct",
                    "PinSubCategory": "Struct",
                    "PinSubCategoryObject": "/Script/CoreUObject.Vector"
                  },
                  "VariableName": "CallFunc_K2_GetActorLocation_ReturnValue"
                },
                {
                  "Inst": "InstanceVariable",
                  "VariableType": {
                    "PinCategory": "Float",
                    "PinSubCategory": "Float"
                  },
                  "VariableName": "SearchRadius"
                },
                {
                  "Inst": "LocalVariable",
                  "VariableType": {
                    "PinCategory": "byte",
                    "PinSubCategory": "byte",
                    "PinSubCategoryObject": "/Script/Engine.EObjectTypeQuery",
                    "ContainerType": 1,
                    "IsConst": true
                  },
                  "VariableName": "K2Node_MakeArray_Array"
                },
                {
                  "Inst": "NoObject"
                },
                {
                  "Inst": "LocalVariable",
                  "VariableType": {
                    "PinCategory": "Object",
                    "PinSubCategory": "Object",
                    "PinSubCategoryObject": "/Script/Engine.Actor",
                    "ContainerType": 1,
                    "IsConst": true
                  },
                  "VariableName": "K2Node_MakeArray_Array_1"
                },
                {
                  "Inst": "LocalVariable",
                  "VariableType": {
                    "PinCategory": "Object",
                    "PinSubCategory": "Object",
                    "PinSubCategoryObject": "/Script/Engine.Actor",
                    "ContainerType": 1
                  },
                  "VariableName": "CallFunc_SphereOverlapActors_OutActors"
                }
              ]
            },
            "StatementIndex": 136
          },
          {
            "Inst": "Let",
            "Variable": {
              "Inst": "LocalVariable",
              "VariableType": {
                "PinCategory": "Object",
                "PinSubCategory": "Object",
                "PinSubCategoryObject": "/Game/Critters/Prospector/AIC_Prospector.AIC_Prospector_C"
              },
              "VariableName": "K2Node_DynamicCast_AsAIC_Prospector"
            },
            "Expression": {
              "Inst": "DynamicCast",
              "Class": "/Game/Critters/Prospector/AIC_Prospector.AIC_Prospector_C",
              "Expression": {
                "Inst": "LocalVariable",
                "VariableType": {
                  "PinCategory": "Object",
                  "PinSubCategory": "Object",
                  "PinSubCategoryObject": "/Script/AIModule.AIController"
                },
                "VariableName": "K2Node_Event_OwnerController"
              }
            },
            "StatementIndex": 203
          },
          {
            "Inst": "Let",
            "Variable": {
              "Inst": "LocalVariable",
              "VariableType": {
                "PinCategory": "bool",
                "PinSubCategory": "bool"
              },
              "VariableName": "K2Node_DynamicCast_bSuccess"
            },
            "Expression": {
              "Inst": "PrimitiveCast",
              "CastType": "ObjectToBool",
              "Expression": {
                "Inst": "LocalVariable",
                "VariableType": {
                  "PinCategory": "Object",
                  "PinSubCategory": "Object",
                  "PinSubCategoryObject": "/Game/Critters/Prospector/AIC_Prospector.AIC_Prospector_C"
                },
                "VariableName": "K2Node_DynamicCast_AsAIC_Prospector"
              }
            },
            "StatementIndex": 239
          },
          {
            "Inst": "LocalVirtualFunction",
            "FunctionName": "SelectRandomTarget",
            "Parameters": [
              {
                "Inst": "LocalVariable",
                "VariableType": {
                  "PinCategory": "Object",
                  "PinSubCategory": "Object",
                  "PinSubCategoryObject": "/Script/Engine.Actor",
                  "ContainerType": 1
                },
                "VariableName": "CallFunc_SphereOverlapActors_OutActors"
              },
              {
                "Inst": "LocalVariable",
                "VariableType": {
                  "PinCategory": "Object",
                  "PinSubCategory": "Object",
                  "PinSubCategoryObject": "/Game/Critters/Prospector/AIC_Prospector.AIC_Prospector_C"
                },
                "VariableName": "K2Node_DynamicCast_AsAIC_Prospector"
              },
              {
                "Inst": "LocalVariable",
                "VariableType": {
                  "PinCategory": "Object",
                  "PinSubCategory": "Object",
                  "PinSubCategoryObject": "/Script/Engine.Actor"
                },
                "VariableName": "CallFunc_SelectRandomTarget_Target"
              }
            ],
            "StatementIndex": 268
          },
          {
            "Inst": "CallMath",
            "Function": "SetBlackboardValueAsObject",
            "ContextClass": "/Script/AIModule.BTFunctionLibrary",
            "Parameters": [
              {
                "Inst": "Self"
              },
              {
                "Inst": "InstanceVariable",
                "VariableType": {
                  "PinCategory": "Struct",
                  "PinSubCategory": "Struct",
                  "PinSubCategoryObject": "/Script/AIModule.BlackboardKeySelector"
                },
                "VariableName": "Target"
              },
              {
                "Inst": "LocalVariable",
                "VariableType": {
                  "PinCategory": "Object",
                  "PinSubCategory": "Object",
                  "PinSubCategoryObject": "/Script/Engine.Actor"
                },
                "VariableName": "CallFunc_SelectRandomTarget_Target"
              }
            ],
            "StatementIndex": 309
          },
          {
            "Inst": "LetBool",
            "Variable": {
              "Inst": "LocalVariable",
              "VariableType": {
                "PinCategory": "bool",
                "PinSubCategory": "bool"
              },
              "VariableName": "CallFunc_IsValid_ReturnValue"
            },
            "Expression": {
              "Inst": "CallMath",
              "Function": "IsValid",
              "ContextClass": "/Script/Engine.KismetSystemLibrary",
              "Parameters": [
                {
                  "Inst": "LocalVariable",
                  "VariableType": {
                    "PinCategory": "Object",
                    "PinSubCategory": "Object",
                    "PinSubCategoryObject": "/Script/Engine.Actor"
                  },
                  "VariableName": "CallFunc_SelectRandomTarget_Target"
                }
              ]
            },
            "StatementIndex": 338
          },
          {
            "Inst": "JumpIfNot",
            "Offset": 26,
            "Condition": {
              "Inst": "LocalVariable",
              "VariableType": {
                "PinCategory": "bool",
                "PinSubCategory": "bool"
              },
              "VariableName": "CallFunc_IsValid_ReturnValue"
            },
            "StatementIndex": 367
          },
          {
            "Inst": "Let",
            "Variable": {
              "Inst": "LocalVariable",
              "VariableType": {
                "PinCategory": "Object",
                "PinSubCategory": "Object",
                "PinSubCategoryObject": "/Game/Critters/Prospector/AIC_Prospector.AIC_Prospector_C"
              },
              "VariableName": "K2Node_DynamicCast_AsAIC_Prospector"
            },
            "Expression": {
              "Inst": "DynamicCast",
              "Class": "/Game/Critters/Prospector/AIC_Prospector.AIC_Prospector_C",
              "Expression": {
                "Inst": "LocalVariable",
                "VariableType": {
                  "PinCategory": "Object",
                  "PinSubCategory": "Object",
                  "PinSubCategoryObject": "/Script/AIModule.AIController"
                },
                "VariableName": "K2Node_Event_OwnerController"
              }
            },
            "StatementIndex": 381
          },
          {
            "Inst": "Let",
            "Variable": {
              "Inst": "LocalVariable",
              "VariableType": {
                "PinCategory": "bool",
                "PinSubCategory": "bool"
              },
              "VariableName": "K2Node_DynamicCast_bSuccess"
            },
            "Expression": {
              "Inst": "PrimitiveCast",
              "CastType": "ObjectToBool",
              "Expression": {
                "Inst": "LocalVariable",
                "VariableType": {
                  "PinCategory": "Object",
                  "PinSubCategory": "Object",
                  "PinSubCategoryObject": "/Game/Critters/Prospector/AIC_Prospector.AIC_Prospector_C"
                },
                "VariableName": "K2Node_DynamicCast_AsAIC_Prospector"
              }
            },
            "StatementIndex": 417
          },
          {
            "Inst": "Context",
            "Context": {
              "Inst": "ObjectConst",
              "Object": "/Script/Engine.Default__BlueprintSetLibrary"
            },
            "SkipOffsetForNull": 50,
            "Expression": {
              "Inst": "FinalFunction",
              "Function": "Set_Add",
              "Parameters": [
                {
                  "Inst": "Context",
                  "Context": {
                    "Inst": "LocalVariable",
                    "VariableType": {
                      "PinCategory": "Object",
                      "PinSubCategory": "Object",
                      "PinSubCategoryObject": "/Game/Critters/Prospector/AIC_Prospector.AIC_Prospector_C"
                    },
                    "VariableName": "K2Node_DynamicCast_AsAIC_Prospector"
                  },
                  "SkipOffsetForNull": 9,
                  "RValuePropertyType": "##NOT SERIALIZED##",
                  "RValuePropertyName": "ScannedObjects",
                  "Expression": {
                    "Inst": "InstanceVariable",
                    "VariableType": "##NOT SERIALIZED##",
                    "VariableName": "ScannedObjects"
                  }
                },
                {
                  "Inst": "LocalVariable",
                  "VariableType": {
                    "PinCategory": "Object",
                    "PinSubCategory": "Object",
                    "PinSubCategoryObject": "/Script/Engine.Actor"
                  },
                  "VariableName": "CallFunc_SelectRandomTarget_Target"
                }
              ]
            },
            "StatementIndex": 446
          },
          {
            "Inst": "Jump",
            "Offset": 10,
            "StatementIndex": 518
          },
          {
            "Inst": "Return",
            "Expression": {
              "Inst": "Nothing"
            },
            "StatementIndex": 523
          },
          {
            "Inst": "EndOfScript",
            "StatementIndex": 525
          }
        ],
        "FunctionFlags": "8421377"
      }
    ],
    "ChildProperties": [
      {
        "FieldKind": "Property",
        "ObjectClass": "StructProperty",
        "ObjectName": "UberGraphFrame",
        "ArrayDim": 1,
        "PropertyFlags": "2105344",
        "RepNotifyFunc": "None",
        "BlueprintReplicationCondition": 0,
        "Struct": 48
      },
      {
        "FieldKind": "Property",
        "ObjectClass": "FloatProperty",
        "ObjectName": "SearchRadius",
        "ArrayDim": 1,
        "PropertyFlags": "5",
        "RepNotifyFunc": "None",
        "BlueprintReplicationCondition": 0
      },
      {
        "FieldKind": "Property",
        "ObjectClass": "StructProperty",
        "ObjectName": "Target",
        "ArrayDim": 1,
        "PropertyFlags": "5",
        "RepNotifyFunc": "None",
        "BlueprintReplicationCondition": 0,
        "Struct": 46
      }
    ],
    "ClassFlags": "264208",
    "ClassWithin": 9,
    "ClassConfigName": "Game",
    "Interfaces": [],
    "ClassDefaultObject": 50,
    "AssetObjectData": {
      "SimpleConstructionScript": -1,
      "$ReferencedObjects": []
    },
    "GeneratedVariableNames": []
  },
  "ObjectHierarchy": [
    {
      "ObjectIndex": 0,
      "Type": "Import",
      "ClassPackage": "/Game/Critters/Prospector/AIC_Prospector",
      "ClassName": "AIC_Prospector_C",
      "Outer": 38,
      "ObjectName": "Default__AIC_Prospector_C"
    },
    {
      "ObjectIndex": 1,
      "Type": "Import",
      "ClassPackage": "/Script/Engine",
      "ClassName": "BlueprintGeneratedClass",
      "Outer": 38,
      "ObjectName": "AIC_Prospector_C"
    },
    {
      "ObjectIndex": 2,
      "Type": "Import",
      "ClassPackage": "/Script/Engine",
      "ClassName": "BlueprintGeneratedClass",
      "Outer": 41,
      "ObjectName": "Default__BlueprintGeneratedClass"
    },
    {
      "ObjectIndex": 3,
      "Type": "Import",
      "ClassPackage": "/Script/Engine",
      "ClassName": "BlueprintSetLibrary",
      "Outer": 41,
      "ObjectName": "Default__BlueprintSetLibrary"
    },
    {
      "ObjectIndex": 4,
      "Type": "Import",
      "ClassPackage": "/Script/AIModule",
      "ClassName": "BTTask_BlueprintBase",
      "Outer": 39,
      "ObjectName": "Default__BTTask_BlueprintBase"
    },
    {
      "ObjectIndex": 5,
      "Type": "Import",
      "ClassPackage": "/Script/CoreUObject",
      "ClassName": "Class",
      "Outer": 39,
      "ObjectName": "AIController"
    },
    {
      "ObjectIndex": 6,
      "Type": "Import",
      "ClassPackage": "/Script/CoreUObject",
      "ClassName": "Class",
      "Outer": 39,
      "ObjectName": "BTFunctionLibrary"
    },
    {
      "ObjectIndex": 7,
      "Type": "Import",
      "ClassPackage": "/Script/CoreUObject",
      "ClassName": "Class",
      "Outer": 39,
      "ObjectName": "BTTask_BlueprintBase"
    },
    {
      "ObjectIndex": 8,
      "Type": "Import",
      "ClassPackage": "/Script/CoreUObject",
      "ClassName": "Class",
      "Outer": 40,
      "ObjectName": "Function"
    },
    {
      "ObjectIndex": 9,
      "Type": "Import",
      "ClassPackage": "/Script/CoreUObject",
      "ClassName": "Class",
      "Outer": 40,
      "ObjectName": "Object"
    },
    {
      "ObjectIndex": 10,
      "Type": "Import",
      "ClassPackage": "/Script/CoreUObject",
      "ClassName": "Class",
      "Outer": 41,
      "ObjectName": "Actor"
    },
    {
      "ObjectIndex": 11,
      "Type": "Import",
      "ClassPackage": "/Script/CoreUObject",
      "ClassName": "Class",
      "Outer": 41,
      "ObjectName": "BlueprintGeneratedClass"
    },
    {
      "ObjectIndex": 12,
      "Type": "Import",
      "ClassPackage": "/Script/CoreUObject",
      "ClassName": "Class",
      "Outer": 41,
      "ObjectName": "BlueprintSetLibrary"
    },
    {
      "ObjectIndex": 13,
      "Type": "Import",
      "ClassPackage": "/Script/CoreUObject",
      "ClassName": "Class",
      "Outer": 41,
      "ObjectName": "KismetArrayLibrary"
    },
    {
      "ObjectIndex": 14,
      "Type": "Import",
      "ClassPackage": "/Script/CoreUObject",
      "ClassName": "Class",
      "Outer": 41,
      "ObjectName": "KismetMathLibrary"
    },
    {
      "ObjectIndex": 15,
      "Type": "Import",
      "ClassPackage": "/Script/CoreUObject",
      "ClassName": "Class",
      "Outer": 41,
      "ObjectName": "KismetSystemLibrary"
    },
    {
      "ObjectIndex": 16,
      "Type": "Import",
      "ClassPackage": "/Script/CoreUObject",
      "ClassName": "Class",
      "Outer": 41,
      "ObjectName": "Pawn"
    },
    {
      "ObjectIndex": 17,
      "Type": "Import",
      "ClassPackage": "/Script/CoreUObject",
      "ClassName": "Class",
      "Outer": 42,
      "ObjectName": "SimpleObjectInfoComponent"
    },
    {
      "ObjectIndex": 18,
      "Type": "Import",
      "ClassPackage": "/Script/CoreUObject",
      "ClassName": "Enum",
      "Outer": 41,
      "ObjectName": "EObjectTypeQuery"
    },
    {
      "ObjectIndex": 19,
      "Type": "Import",
      "ClassPackage": "/Script/CoreUObject",
      "ClassName": "Function",
      "Outer": 6,
      "ObjectName": "SetBlackboardValueAsObject"
    },
    {
      "ObjectIndex": 20,
      "Type": "Import",
      "ClassPackage": "/Script/CoreUObject",
      "ClassName": "Function",
      "Outer": 7,
      "ObjectName": "FinishExecute"
    },
    {
      "ObjectIndex": 21,
      "Type": "Import",
      "ClassPackage": "/Script/CoreUObject",
      "ClassName": "Function",
      "Outer": 7,
      "ObjectName": "ReceiveExecuteAI"
    },
    {
      "ObjectIndex": 22,
      "Type": "Import",
      "ClassPackage": "/Script/CoreUObject",
      "ClassName": "Function",
      "Outer": 40,
      "ObjectName": "Default__Function"
    },
    {
      "ObjectIndex": 23,
      "Type": "Import",
      "ClassPackage": "/Script/CoreUObject",
      "ClassName": "Function",
      "Outer": 10,
      "ObjectName": "GetComponentByClass"
    },
    {
      "ObjectIndex": 24,
      "Type": "Import",
      "ClassPackage": "/Script/CoreUObject",
      "ClassName": "Function",
      "Outer": 10,
      "ObjectName": "K2_GetActorLocation"
    },
    {
      "ObjectIndex": 25,
      "Type": "Import",
      "ClassPackage": "/Script/CoreUObject",
      "ClassName": "Function",
      "Outer": 12,
      "ObjectName": "Set_Add"
    },
    {
      "ObjectIndex": 26,
      "Type": "Import",
      "ClassPackage": "/Script/CoreUObject",
      "ClassName": "Function",
      "Outer": 12,
      "ObjectName": "Set_Contains"
    },
    {
      "ObjectIndex": 27,
      "Type": "Import",
      "ClassPackage": "/Script/CoreUObject",
      "ClassName": "Function",
      "Outer": 13,
      "ObjectName": "Array_Get"
    },
    {
      "ObjectIndex": 28,
      "Type": "Import",
      "ClassPackage": "/Script/CoreUObject",
      "ClassName": "Function",
      "Outer": 13,
      "ObjectName": "Array_LastIndex"
    },
    {
      "ObjectIndex": 29,
      "Type": "Import",
      "ClassPackage": "/Script/CoreUObject",
      "ClassName": "Function",
      "Outer": 13,
      "ObjectName": "Array_Length"
    },
    {
      "ObjectIndex": 30,
      "Type": "Import",
      "ClassPackage": "/Script/CoreUObject",
      "ClassName": "Function",
      "Outer": 13,
      "ObjectName": "Array_Remove"
    },
    {
      "ObjectIndex": 31,
      "Type": "Import",
      "ClassPackage": "/Script/CoreUObject",
      "ClassName": "Function",
      "Outer": 14,
      "ObjectName": "BooleanAND"
    },
    {
      "ObjectIndex": 32,
      "Type": "Import",
      "ClassPackage": "/Script/CoreUObject",
      "ClassName": "Function",
      "Outer": 14,
      "ObjectName": "Greater_IntInt"
    },
    {
      "ObjectIndex": 33,
      "Type": "Import",
      "ClassPackage": "/Script/CoreUObject",
      "ClassName": "Function",
      "Outer": 14,
      "ObjectName": "Not_PreBool"
    },
    {
      "ObjectIndex": 34,
      "Type": "Import",
      "ClassPackage": "/Script/CoreUObject",
      "ClassName": "Function",
      "Outer": 14,
      "ObjectName": "RandomIntegerInRange"
    },
    {
      "ObjectIndex": 35,
      "Type": "Import",
      "ClassPackage": "/Script/CoreUObject",
      "ClassName": "Function",
      "Outer": 15,
      "ObjectName": "IsValid"
    },
    {
      "ObjectIndex": 36,
      "Type": "Import",
      "ClassPackage": "/Script/CoreUObject",
      "ClassName": "Function",
      "Outer": 15,
      "ObjectName": "SphereOverlapActors"
    },
    {
      "ObjectIndex": 37,
      "Type": "Import",
      "ClassPackage": "/Script/Engine",
      "ClassName": "KismetArrayLibrary",
      "Outer": 41,
      "ObjectName": "Default__KismetArrayLibrary"
    },
    {
      "ObjectIndex": 38,
      "Type": "Import",
      "ClassPackage": "/Script/CoreUObject",
      "ClassName": "Package",
      "ObjectName": "/Game/Critters/Prospector/AIC_Prospector"
    },
    {
      "ObjectIndex": 39,
      "Type": "Import",
      "ClassPackage": "/Script/CoreUObject",
      "ClassName": "Package",
      "ObjectName": "/Script/AIModule"
    },
    {
      "ObjectIndex": 40,
      "Type": "Import",
      "ClassPackage": "/Script/CoreUObject",
      "ClassName": "Package",
      "ObjectName": "/Script/CoreUObject"
    },
    {
      "ObjectIndex": 41,
      "Type": "Import",
      "ClassPackage": "/Script/CoreUObject",
      "ClassName": "Package",
      "ObjectName": "/Script/Engine"
    },
    {
      "ObjectIndex": 42,
      "Type": "Import",
      "ClassPackage": "/Script/CoreUObject",
      "ClassName": "Package",
      "ObjectName": "/Script/FSD"
    },
    {
      "ObjectIndex": 43,
      "Type": "Import",
      "ClassPackage": "/Script/AIModule",
      "ClassName": "PawnActionsComponent",
      "Outer": 0,
      "ObjectName": "ActionsComp"
    },
    {
      "ObjectIndex": 44,
      "Type": "Import",
      "ClassPackage": "/Script/Engine",
      "ClassName": "SceneComponent",
      "Outer": 1,
      "ObjectName": "DefaultSceneRoot_GEN_VARIABLE"
    },
    {
      "ObjectIndex": 45,
      "Type": "Import",
      "ClassPackage": "/Script/Engine",
      "ClassName": "SceneComponent",
      "Outer": 0,
      "ObjectName": "TransformComponent0"
    },
    {
      "ObjectIndex": 46,
      "Type": "Import",
      "ClassPackage": "/Script/CoreUObject",
      "ClassName": "ScriptStruct",
      "Outer": 39,
      "ObjectName": "BlackboardKeySelector"
    },
    {
      "ObjectIndex": 47,
      "Type": "Import",
      "ClassPackage": "/Script/CoreUObject",
      "ClassName": "ScriptStruct",
      "Outer": 40,
      "ObjectName": "Vector"
    },
    {
      "ObjectIndex": 48,
      "Type": "Import",
      "ClassPackage": "/Script/CoreUObject",
      "ClassName": "ScriptStruct",
      "Outer": 41,
      "ObjectName": "PointerToUberGraphFrame"
    },
    {
      "ObjectIndex": 49,
      "Type": "Export",
      "ObjectMark": "$AssetObject$"
    },
    {
      "ObjectIndex": 50,
      "Type": "Export",
      "ObjectClass": 49,
      "Outer": -1,
      "ObjectName": "Default__TSK_FindObjectToScan_C",
      "ObjectFlags": 49,
      "Properties": {
        "UberGraphFrame": {},
        "SearchRadius": 1500.0,
        "Target": {
          "AllowedTypes": [],
          "SelectedKeyName": "None",
          "SelectedKeyType": -1,
          "SelectedKeyID": 255,
          "bNoneIsAllowedValue": false
        },
        "$ReferencedObjects": [
          -1
        ]
      }
    }
  ]
}