{
  "AssetClass": "Blueprint",
  "AssetPackage": "/Game/AI/Tasks/TSK_FaceTargetToCarve",
  "AssetName": "TSK_FaceTargetToCarve",
  "AssetSerializedData": {
    "SkipDependecies": false,
    "SuperStruct": 4,
    "Children": [
      {
        "FieldKind": "Function",
        "ObjectClass": "Function",
        "ObjectName": "IsFacingTarget",
        "SuperStruct": -1,
        "Children": [],
        "ChildProperties": [
          {
            "FieldKind": "Property",
            "ObjectClass": "ObjectProperty",
            "ObjectName": "Tank",
            "ArrayDim": 1,
            "PropertyFlags": "148",
            "RepNotifyFunc": "None",
            "BlueprintReplicationCondition": 0,
            "PropertyClass": 7
          },
          {
            "FieldKind": "Property",
            "ObjectClass": "BoolProperty",
            "ObjectName": "ReturnValue",
            "ArrayDim": 1,
            "PropertyFlags": "1408",
            "RepNotifyFunc": "None",
            "BlueprintReplicationCondition": 0,
            "BoolSize": 1,
            "NativeBool": true
          },
          {
            "FieldKind": "Property",
            "ObjectClass": "ObjectProperty",
            "ObjectName": "Target",
            "ArrayDim": 1,
            "PropertyFlags": "2053",
            "RepNotifyFunc": "None",
            "BlueprintReplicationCondition": 0,
            "PropertyClass": 7
          },
          {
            "FieldKind": "Property",
            "ObjectClass": "StructProperty",
            "ObjectName": "CallFunc_K2_GetActorLocation_ReturnValue",
            "ArrayDim": 1,
            "PropertyFlags": "0",
            "RepNotifyFunc": "None",
            "BlueprintReplicationCondition": 0,
            "Struct": 41
          },
          {
            "FieldKind": "Property",
            "ObjectClass": "BoolProperty",
            "ObjectName": "CallFunc_IsValid_ReturnValue",
            "ArrayDim": 1,
            "PropertyFlags": "0",
            "RepNotifyFunc": "None",
            "BlueprintReplicationCondition": 0,
            "BoolSize": 1,
            "NativeBool": true
          },
          {
            "FieldKind": "Property",
            "ObjectClass": "StructProperty",
            "ObjectName": "CallFunc_K2_GetActorLocation_ReturnValue_1",
            "ArrayDim": 1,
            "PropertyFlags": "0",
            "RepNotifyFunc": "None",
            "BlueprintReplicationCondition": 0,
            "Struct": 41
          },
          {
            "FieldKind": "Property",
            "ObjectClass": "StructProperty",
            "ObjectName": "CallFunc_GetDirectionUnitVector_ReturnValue",
            "ArrayDim": 1,
            "PropertyFlags": "0",
            "RepNotifyFunc": "None",
            "BlueprintReplicationCondition": 0,
            "Struct": 41
          },
          {
            "FieldKind": "Property",
            "ObjectClass": "StructProperty",
            "ObjectName": "CallFunc_GetActorForwardVector_ReturnValue",
            "ArrayDim": 1,
            "PropertyFlags": "0",
            "RepNotifyFunc": "None",
            "BlueprintReplicationCondition": 0,
            "Struct": 41
          },
          {
            "FieldKind": "Property",
            "ObjectClass": "FloatProperty",
            "ObjectName": "CallFunc_Dot_VectorVector_ReturnValue",
            "ArrayDim": 1,
            "PropertyFlags": "0",
            "RepNotifyFunc": "None",
            "BlueprintReplicationCondition": 0
          },
          {
            "FieldKind": "Property",
            "ObjectClass": "FloatProperty",
            "ObjectName": "CallFunc_DegAcos_ReturnValue",
            "ArrayDim": 1,
            "PropertyFlags": "0",
            "RepNotifyFunc": "None",
            "BlueprintReplicationCondition": 0
          },
          {
            "FieldKind": "Property",
            "ObjectClass": "StrProperty",
            "ObjectName": "CallFunc_Conv_FloatToString_ReturnValue",
            "ArrayDim": 1,
            "PropertyFlags": "0",
            "RepNotifyFunc": "None",
            "BlueprintReplicationCondition": 0
          },
          {
            "FieldKind": "Property",
            "ObjectClass": "ObjectProperty",
            "ObjectName": "CallFunc_GetBlackboardValueAsActor_ReturnValue",
            "ArrayDim": 1,
            "PropertyFlags": "0",
            "RepNotifyFunc": "None",
            "BlueprintReplicationCondition": 0,
            "PropertyClass": 7
          },
          {
            "FieldKind": "Property",
            "ObjectClass": "BoolProperty",
            "ObjectName": "CallFunc_LessEqual_FloatFloat_ReturnValue",
            "ArrayDim": 1,
            "PropertyFlags": "0",
            "RepNotifyFunc": "None",
            "BlueprintReplicationCondition": 0,
            "BoolSize": 1,
            "NativeBool": true
          }
        ],
        "Script": [
          {
            "Inst": "LetObj",
            "Variable": {
              "Inst": "LocalVariable",
              "VariableType": {
                "PinCategory": "Object",
                "PinSubCategory": "Object",
                "PinSubCategoryObject": "/Script/Engine.Actor"
              },
              "VariableName": "CallFunc_GetBlackboardValueAsActor_ReturnValue"
            },
            "Expression": {
              "Inst": "CallMath",
              "Function": "GetBlackboardValueAsActor",
              "ContextClass": "/Script/AIModule.BTFunctionLibrary",
              "Parameters": [
                {
                  "Inst": "Self"
                },
                {
                  "Inst": "InstanceVariable",
                  "VariableType": {
                    "PinCategory": "Struct",
                    "PinSubCategory": "Struct",
                    "PinSubCategoryObject": "/Script/AIModule.BlackboardKeySelector"
                  },
                  "VariableName": "TargetActorKey"
                }
              ]
            },
            "StatementIndex": 0
          },
          {
            "Inst": "LetObj",
            "Variable": {
              "Inst": "LocalVariable",
              "VariableType": {
                "PinCategory": "Object",
                "PinSubCategory": "Object",
                "PinSubCategoryObject": "/Script/Engine.Actor"
              },
              "VariableName": "Target"
            },
            "Expression": {
              "Inst": "LocalVariable",
              "VariableType": {
                "PinCategory": "Object",
                "PinSubCategory": "Object",
                "PinSubCategoryObject": "/Script/Engine.Actor"
              },
              "VariableName": "CallFunc_GetBlackboardValueAsActor_ReturnValue"
            },
            "StatementIndex": 30
          },
          {
            "Inst": "LetBool",
            "Variable": {
              "Inst": "LocalVariable",
              "VariableType": {
                "PinCategory": "bool",
                "PinSubCategory": "bool"
              },
              "VariableName": "CallFunc_IsValid_ReturnValue"
            },
            "Expression": {
              "Inst": "CallMath",
              "Function": "IsValid",
              "ContextClass": "/Script/Engine.KismetSystemLibrary",
              "Parameters": [
                {
                  "Inst": "LocalVariable",
                  "VariableType": {
                    "PinCategory": "Object",
                    "PinSubCategory": "Object",
                    "PinSubCategoryObject": "/Script/Engine.Actor"
                  },
                  "VariableName": "Target"
                }
              ]
            },
            "StatementIndex": 49
          },
          {
            "Inst": "JumpIfNot",
            "Offset": 810,
            "Condition": {
              "Inst": "LocalVariable",
              "VariableType": {
                "PinCategory": "bool",
                "PinSubCategory": "bool"
              },
              "VariableName": "CallFunc_IsValid_ReturnValue"
            },
            "StatementIndex": 78
          },
          {
            "Inst": "Let",
            "Variable": {
              "Inst": "LocalVariable",
              "VariableType": {
                "PinCategory": "Struct",
                "PinSubCategory": "Struct",
                "PinSubCategoryObject": "/Script/CoreUObject.Vector"
              },
              "VariableName": "CallFunc_K2_GetActorLocation_ReturnValue"
            },
            "Expression": {
              "Inst": "Context",
              "Context": {
                "Inst": "LocalVariable",
                "VariableType": {
                  "PinCategory": "Object",
                  "PinSubCategory": "Object",
                  "PinSubCategoryObject": "/Script/Engine.Actor"
                },
                "VariableName": "Tank"
              },
              "SkipOffsetForNull": 10,
              "RValuePropertyType": {
                "PinCategory": "Struct",
                "PinSubCategory": "Struct",
                "PinSubCategoryObject": "/Script/CoreUObject.Vector"
              },
              "RValuePropertyName": "CallFunc_K2_GetActorLocation_ReturnValue",
              "Expression": {
                "Inst": "FinalFunction",
                "Function": "K2_GetActorLocation",
                "Parameters": []
              }
            },
            "StatementIndex": 92
          },
          {
            "Inst": "Let",
            "Variable": {
              "Inst": "LocalVariable",
              "VariableType": {
                "PinCategory": "Struct",
                "PinSubCategory": "Struct",
                "PinSubCategoryObject": "/Script/CoreUObject.Vector"
              },
              "VariableName": "CallFunc_K2_GetActorLocation_ReturnValue_1"
            },
            "Expression": {
              "Inst": "Context",
              "Context": {
                "Inst": "LocalVariable",
                "VariableType": {
                  "PinCategory": "Object",
                  "PinSubCategory": "Object",
                  "PinSubCategoryObject": "/Script/Engine.Actor"
                },
                "VariableName": "Target"
              },
              "SkipOffsetForNull": 10,
              "RValuePropertyType": {
                "PinCategory": "Struct",
                "PinSubCategory": "Struct",
                "PinSubCategoryObject": "/Script/CoreUObject.Vector"
              },
              "RValuePropertyName": "CallFunc_K2_GetActorLocation_ReturnValue_1",
              "Expression": {
                "Inst": "FinalFunction",
                "Function": "K2_GetActorLocation",
                "Parameters": []
              }
            },
            "StatementIndex": 142
          },
          {
            "Inst": "Let",
            "Variable": {
              "Inst": "LocalVariable",
              "VariableType": {
                "PinCategory": "Struct",
                "PinSubCategory": "Struct",
                "PinSubCategoryObject": "/Script/CoreUObject.Vector"
              },
              "VariableName": "CallFunc_GetDirectionUnitVector_ReturnValue"
            },
            "Expression": {
              "Inst": "CallMath",
              "Function": "GetDirectionUnitVector",
              "ContextClass": "/Script/Engine.KismetMathLibrary",
              "Parameters": [
                {
                  "Inst": "LocalVariable",
                  "VariableType": {
                    "PinCategory": "Struct",
                    "PinSubCategory": "Struct",
                    "PinSubCategoryObject": "/Script/CoreUObject.Vector"
                  },
                  "VariableName": "CallFunc_K2_GetActorLocation_ReturnValue_1"
                },
                {
                  "Inst": "LocalVariable",
                  "VariableType": {
                    "PinCategory": "Struct",
                    "PinSubCategory": "Struct",
                    "PinSubCategoryObject": "/Script/CoreUObject.Vector"
                  },
                  "VariableName": "CallFunc_K2_GetActorLocation_ReturnValue"
                }
              ]
            },
            "StatementIndex": 192
          },
          {
            "Inst": "Let",
            "Variable": {
              "Inst": "LocalVariable",
              "VariableType": {
                "PinCategory": "Struct",
                "PinSubCategory": "Struct",
                "PinSubCategoryObject": "/Script/CoreUObject.Vector"
              },
              "VariableName": "CallFunc_GetActorForwardVector_ReturnValue"
            },
            "Expression": {
              "Inst": "Context",
              "Context": {
                "Inst": "LocalVariable",
                "VariableType": {
                  "PinCategory": "Object",
                  "PinSubCategory": "Object",
                  "PinSubCategoryObject": "/Script/Engine.Actor"
                },
                "VariableName": "Target"
              },
              "SkipOffsetForNull": 10,
              "RValuePropertyType": {
                "PinCategory": "Struct",
                "PinSubCategory": "Struct",
                "PinSubCategoryObject": "/Script/CoreUObject.Vector"
              },
              "RValuePropertyName": "CallFunc_GetActorForwardVector_ReturnValue",
              "Expression": {
                "Inst": "FinalFunction",
                "Function": "GetActorForwardVector",
                "Parameters": []
              }
            },
            "StatementIndex": 238
          },
          {
            "Inst": "Let",
            "Variable": {
              "Inst": "LocalVariable",
              "VariableType": {
                "PinCategory": "Float",
                "PinSubCategory": "Float"
              },
              "VariableName": "CallFunc_Dot_VectorVector_ReturnValue"
            },
            "Expression": {
              "Inst": "CallMath",
              "Function": "Dot_VectorVector",
              "ContextClass": "/Script/Engine.KismetMathLibrary",
              "Parameters": [
                {
                  "Inst": "LocalVariable",
                  "VariableType": {
                    "PinCategory": "Struct",
                    "PinSubCategory": "Struct",
                    "PinSubCategoryObject": "/Script/CoreUObject.Vector"
                  },
                  "VariableName": "CallFunc_GetActorForwardVector_ReturnValue"
                },
                {
                  "Inst": "LocalVariable",
                  "VariableType": {
                    "PinCategory": "Struct",
                    "PinSubCategory": "Struct",
                    "PinSubCategoryObject": "/Script/CoreUObject.Vector"
                  },
                  "VariableName": "CallFunc_GetDirectionUnitVector_ReturnValue"
                }
              ]
            },
            "StatementIndex": 288
          },
          {
            "Inst": "Let",
            "Variable": {
              "Inst": "LocalVariable",
              "VariableType": {
                "PinCategory": "Float",
                "PinSubCategory": "Float"
              },
              "VariableName": "CallFunc_DegAcos_ReturnValue"
            },
            "Expression": {
              "Inst": "CallMath",
              "Function": "DegAcos",
              "ContextClass": "/Script/Engine.KismetMathLibrary",
              "Parameters": [
                {
                  "Inst": "LocalVariable",
                  "VariableType": {
                    "PinCategory": "Float",
                    "PinSubCategory": "Float"
                  },
                  "VariableName": "CallFunc_Dot_VectorVector_ReturnValue"
                }
              ]
            },
            "StatementIndex": 334
          },
          {
            "Inst": "Let",
            "Variable": {
              "Inst": "LocalVariable",
              "VariableType": {
                "PinCategory": "String",
                "PinSubCategory": "String"
              },
              "VariableName": "CallFunc_Conv_FloatToString_ReturnValue"
            },
            "Expression": {
              "Inst": "CallMath",
              "Function": "Conv_FloatToString",
              "ContextClass": "/Script/Engine.KismetStringLibrary",
              "Parameters": [
                {
                  "Inst": "LocalVariable",
                  "VariableType": {
                    "PinCategory": "Float",
                    "PinSubCategory": "Float"
                  },
                  "VariableName": "CallFunc_DegAcos_ReturnValue"
                }
              ]
            },
            "StatementIndex": 371
          },
          {
            "Inst": "CallMath",
            "Function": "PrintString",
            "ContextClass": "/Script/Engine.KismetSystemLibrary",
            "Parameters": [
              {
                "Inst": "Self"
              },
              {
                "Inst": "LocalVariable",
                "VariableType": {
                  "PinCategory": "String",
                  "PinSubCategory": "String"
                },
                "VariableName": "CallFunc_Conv_FloatToString_ReturnValue"
              },
              {
                "Inst": "True"
              },
              {
                "Inst": "False"
              },
              {
                "Inst": "StructConst",
                "Struct": "/Script/CoreUObject.LinearColor",
                "Properties": {
                  "Missing property name0": [
                    {
                      "Inst": "FloatConst",
                      "Value": 0.0
                    }
                  ],
                  "Missing property name1": [
                    {
                      "Inst": "FloatConst",
                      "Value": 0.66
                    }
                  ],
                  "Missing property name2": [
                    {
                      "Inst": "FloatConst",
                      "Value": 1.0
                    }
                  ],
                  "Missing property name3": [
                    {
                      "Inst": "FloatConst",
                      "Value": 1.0
                    }
                  ]
                }
              },
              {
                "Inst": "FloatConst",
                "Value": 0.5
              }
            ],
            "StatementIndex": 408
          },
          {
            "Inst": "Let",
            "Variable": {
              "Inst": "LocalVariable",
              "VariableType": {
                "PinCategory": "Struct",
                "PinSubCategory": "Struct",
                "PinSubCategoryObject": "/Script/CoreUObject.Vector"
              },
              "VariableName": "CallFunc_K2_GetActorLocation_ReturnValue"
            },
            "Expression": {
              "Inst": "Context",
              "Context": {
                "Inst": "LocalVariable",
                "VariableType": {
                  "PinCategory": "Object",
                  "PinSubCategory": "Object",
                  "PinSubCategoryObject": "/Script/Engine.Actor"
                },
                "VariableName": "Tank"
              },
              "SkipOffsetForNull": 10,
              "RValuePropertyType": {
                "PinCategory": "Struct",
                "PinSubCategory": "Struct",
                "PinSubCategoryObject": "/Script/CoreUObject.Vector"
              },
              "RValuePropertyName": "CallFunc_K2_GetActorLocation_ReturnValue",
              "Expression": {
                "Inst": "FinalFunction",
                "Function": "K2_GetActorLocation",
                "Parameters": []
              }
            },
            "StatementIndex": 469
          },
          {
            "Inst": "Let",
            "Variable": {
              "Inst": "LocalVariable",
              "VariableType": {
                "PinCategory": "Struct",
                "PinSubCategory": "Struct",
                "PinSubCategoryObject": "/Script/CoreUObject.Vector"
              },
              "VariableName": "CallFunc_K2_GetActorLocation_ReturnValue_1"
            },
            "Expression": {
              "Inst": "Context",
              "Context": {
                "Inst": "LocalVariable",
                "VariableType": {
                  "PinCategory": "Object",
                  "PinSubCategory": "Object",
                  "PinSubCategoryObject": "/Script/Engine.Actor"
                },
                "VariableName": "Target"
              },
              "SkipOffsetForNull": 10,
              "RValuePropertyType": {
                "PinCategory": "Struct",
                "PinSubCategory": "Struct",
                "PinSubCategoryObject": "/Script/CoreUObject.Vector"
              },
              "RValuePropertyName": "CallFunc_K2_GetActorLocation_ReturnValue_1",
              "Expression": {
                "Inst": "FinalFunction",
                "Function": "K2_GetActorLocation",
                "Parameters": []
              }
            },
            "StatementIndex": 519
          },
          {
            "Inst": "Let",
            "Variable": {
              "Inst": "LocalVariable",
              "VariableType": {
                "PinCategory": "Struct",
                "PinSubCategory": "Struct",
                "PinSubCategoryObject": "/Script/CoreUObject.Vector"
              },
              "VariableName": "CallFunc_GetDirectionUnitVector_ReturnValue"
            },
            "Expression": {
              "Inst": "CallMath",
              "Function": "GetDirectionUnitVector",
              "ContextClass": "/Script/Engine.KismetMathLibrary",
              "Parameters": [
                {
                  "Inst": "LocalVariable",
                  "VariableType": {
                    "PinCategory": "Struct",
                    "PinSubCategory": "Struct",
                    "PinSubCategoryObject": "/Script/CoreUObject.Vector"
                  },
                  "VariableName": "CallFunc_K2_GetActorLocation_ReturnValue_1"
                },
                {
                  "Inst": "LocalVariable",
                  "VariableType": {
                    "PinCategory": "Struct",
                    "PinSubCategory": "Struct",
                    "PinSubCategoryObject": "/Script/CoreUObject.Vector"
                  },
                  "VariableName": "CallFunc_K2_GetActorLocation_ReturnValue"
                }
              ]
            },
            "StatementIndex": 569
          },
          {
            "Inst": "Let",
            "Variable": {
              "Inst": "LocalVariable",
              "VariableType": {
                "PinCategory": "Struct",
                "PinSubCategory": "Struct",
                "PinSubCategoryObject": "/Script/CoreUObject.Vector"
              },
              "VariableName": "CallFunc_GetActorForwardVector_ReturnValue"
            },
            "Expression": {
              "Inst": "Context",
              "Context": {
                "Inst": "LocalVariable",
                "VariableType": {
                  "PinCategory": "Object",
                  "PinSubCategory": "Object",
                  "PinSubCategoryObject": "/Script/Engine.Actor"
                },
                "VariableName": "Target"
              },
              "SkipOffsetForNull": 10,
              "RValuePropertyType": {
                "PinCategory": "Struct",
                "PinSubCategory": "Struct",
                "PinSubCategoryObject": "/Script/CoreUObject.Vector"
              },
              "RValuePropertyName": "CallFunc_GetActorForwardVector_ReturnValue",
              "Expression": {
                "Inst": "FinalFunction",
                "Function": "GetActorForwardVector",
                "Parameters": []
              }
            },
            "StatementIndex": 615
          },
          {
            "Inst": "Let",
            "Variable": {
              "Inst": "LocalVariable",
              "VariableType": {
                "PinCategory": "Float",
                "PinSubCategory": "Float"
              },
              "VariableName": "CallFunc_Dot_VectorVector_ReturnValue"
            },
            "Expression": {
              "Inst": "CallMath",
              "Function": "Dot_VectorVector",
              "ContextClass": "/Script/Engine.KismetMathLibrary",
              "Parameters": [
                {
                  "Inst": "LocalVariable",
                  "VariableType": {
                    "PinCategory": "Struct",
                    "PinSubCategory": "Struct",
                    "PinSubCategoryObject": "/Script/CoreUObject.Vector"
                  },
                  "VariableName": "CallFunc_GetActorForwardVector_ReturnValue"
                },
                {
                  "Inst": "LocalVariable",
                  "VariableType": {
                    "PinCategory": "Struct",
                    "PinSubCategory": "Struct",
                    "PinSubCategoryObject": "/Script/CoreUObject.Vector"
                  },
                  "VariableName": "CallFunc_GetDirectionUnitVector_ReturnValue"
                }
              ]
            },
            "StatementIndex": 665
          },
          {
            "Inst": "Let",
            "Variable": {
              "Inst": "LocalVariable",
              "VariableType": {
                "PinCategory": "Float",
                "PinSubCategory": "Float"
              },
              "VariableName": "CallFunc_DegAcos_ReturnValue"
            },
            "Expression": {
              "Inst": "CallMath",
              "Function": "DegAcos",
              "ContextClass": "/Script/Engine.KismetMathLibrary",
              "Parameters": [
                {
                  "Inst": "LocalVariable",
                  "VariableType": {
                    "PinCategory": "Float",
                    "PinSubCategory": "Float"
                  },
                  "VariableName": "CallFunc_Dot_VectorVector_ReturnValue"
                }
              ]
            },
            "StatementIndex": 711
          },
          {
            "Inst": "LetBool",
            "Variable": {
              "Inst": "LocalVariable",
              "VariableType": {
                "PinCategory": "bool",
                "PinSubCategory": "bool"
              },
              "VariableName": "CallFunc_LessEqual_FloatFloat_ReturnValue"
            },
            "Expression": {
              "Inst": "CallMath",
              "Function": "LessEqual_FloatFloat",
              "ContextClass": "/Script/Engine.KismetMathLibrary",
              "Parameters": [
                {
                  "Inst": "LocalVariable",
                  "VariableType": {
                    "PinCategory": "Float",
                    "PinSubCategory": "Float"
                  },
                  "VariableName": "CallFunc_DegAcos_ReturnValue"
                },
                {
                  "Inst": "InstanceVariable",
                  "VariableType": {
                    "PinCategory": "Float",
                    "PinSubCategory": "Float"
                  },
                  "VariableName": "Angle"
                }
              ]
            },
            "StatementIndex": 748
          },
          {
            "Inst": "LetBool",
            "Variable": {
              "Inst": "LocalOutVariable",
              "VariableType": {
                "PinCategory": "bool",
                "PinSubCategory": "bool"
              },
              "VariableName": "ReturnValue"
            },
            "Expression": {
              "Inst": "LocalVariable",
              "VariableType": {
                "PinCategory": "bool",
                "PinSubCategory": "bool"
              },
              "VariableName": "CallFunc_LessEqual_FloatFloat_ReturnValue"
            },
            "StatementIndex": 786
          },
          {
            "Inst": "Jump",
            "Offset": 821,
            "StatementIndex": 805
          },
          {
            "Inst": "LetBool",
            "Variable": {
              "Inst": "LocalOutVariable",
              "VariableType": {
                "PinCategory": "bool",
                "PinSubCategory": "bool"
              },
              "VariableName": "ReturnValue"
            },
            "Expression": {
              "Inst": "False"
            },
            "StatementIndex": 810
          },
          {
            "Inst": "Return",
            "Expression": {
              "Inst": "LocalOutVariable",
              "VariableType": {
                "PinCategory": "bool",
                "PinSubCategory": "bool"
              },
              "VariableName": "ReturnValue"
            },
            "StatementIndex": 821
          },
          {
            "Inst": "EndOfScript",
            "StatementIndex": 831
          }
        ],
        "FunctionFlags": "474087424"
      },
      {
        "FieldKind": "Function",
        "ObjectClass": "Function",
        "ObjectName": "ReceiveExecuteAI",
        "SuperStruct": 18,
        "Children": [],
        "ChildProperties": [
          {
            "FieldKind": "Property",
            "ObjectClass": "ObjectProperty",
            "ObjectName": "OwnerController",
            "ArrayDim": 1,
            "PropertyFlags": "148",
            "RepNotifyFunc": "None",
            "BlueprintReplicationCondition": 0,
            "PropertyClass": 2
          },
          {
            "FieldKind": "Property",
            "ObjectClass": "ObjectProperty",
            "ObjectName": "ControlledPawn",
            "ArrayDim": 1,
            "PropertyFlags": "148",
            "RepNotifyFunc": "None",
            "BlueprintReplicationCondition": 0,
            "PropertyClass": 12
          }
        ],
        "Script": [
          {
            "Inst": "LetValueOnPersistentFrame",
            "PropertyName": "K2Node_Event_OwnerController_1",
            "PropertyType": {
              "PinCategory": "Object",
              "PinSubCategory": "Object",
              "PinSubCategoryObject": "/Script/AIModule.AIController"
            },
            "Expression": {
              "Inst": "LocalVariable",
              "VariableType": {
                "PinCategory": "Object",
                "PinSubCategory": "Object",
                "PinSubCategoryObject": "/Script/AIModule.AIController"
              },
              "VariableName": "OwnerController"
            },
            "StatementIndex": 0
          },
          {
            "Inst": "LetValueOnPersistentFrame",
            "PropertyName": "K2Node_Event_ControlledPawn_1",
            "PropertyType": {
              "PinCategory": "Object",
              "PinSubCategory": "Object",
              "PinSubCategoryObject": "/Script/Engine.Pawn"
            },
            "Expression": {
              "Inst": "LocalVariable",
              "VariableType": {
                "PinCategory": "Object",
                "PinSubCategory": "Object",
                "PinSubCategoryObject": "/Script/Engine.Pawn"
              },
              "VariableName": "ControlledPawn"
            },
            "StatementIndex": 18
          },
          {
            "Inst": "LocalFinalFunction",
            "Function": "ExecuteUbergraph_TSK_FaceTargetToCarve",
            "Parameters": [
              {
                "Inst": "IntConst",
                "Value": 606
              }
            ],
            "StatementIndex": 36
          },
          {
            "Inst": "Return",
            "Expression": {
              "Inst": "Nothing"
            },
            "StatementIndex": 51
          },
          {
            "Inst": "EndOfScript",
            "StatementIndex": 53
          }
        ],
        "FunctionFlags": "134744064"
      },
      {
        "FieldKind": "Function",
        "ObjectClass": "Function",
        "ObjectName": "ReceiveAbortAI",
        "SuperStruct": 17,
        "Children": [],
        "ChildProperties": [
          {
            "FieldKind": "Property",
            "ObjectClass": "ObjectProperty",
            "ObjectName": "OwnerController",
            "ArrayDim": 1,
            "PropertyFlags": "148",
            "RepNotifyFunc": "None",
            "BlueprintReplicationCondition": 0,
            "PropertyClass": 2
          },
          {
            "FieldKind": "Property",
            "ObjectClass": "ObjectProperty",
            "ObjectName": "ControlledPawn",
            "ArrayDim": 1,
            "PropertyFlags": "148",
            "RepNotifyFunc": "None",
            "BlueprintReplicationCondition": 0,
            "PropertyClass": 12
          }
        ],
        "Script": [
          {
            "Inst": "LetValueOnPersistentFrame",
            "PropertyName": "K2Node_Event_OwnerController",
            "PropertyType": {
              "PinCategory": "Object",
              "PinSubCategory": "Object",
              "PinSubCategoryObject": "/Script/AIModule.AIController"
            },
            "Expression": {
              "Inst": "LocalVariable",
              "VariableType": {
                "PinCategory": "Object",
                "PinSubCategory": "Object",
                "PinSubCategoryObject": "/Script/AIModule.AIController"
              },
              "VariableName": "OwnerController"
            },
            "StatementIndex": 0
          },
          {
            "Inst": "LetValueOnPersistentFrame",
            "PropertyName": "K2Node_Event_ControlledPawn",
            "PropertyType": {
              "PinCategory": "Object",
              "PinSubCategory": "Object",
              "PinSubCategoryObject": "/Script/Engine.Pawn"
            },
            "Expression": {
              "Inst": "LocalVariable",
              "VariableType": {
                "PinCategory": "Object",
                "PinSubCategory": "Object",
                "PinSubCategoryObject": "/Script/Engine.Pawn"
              },
              "VariableName": "ControlledPawn"
            },
            "StatementIndex": 18
          },
          {
            "Inst": "LocalFinalFunction",
            "Function": "ExecuteUbergraph_TSK_FaceTargetToCarve",
            "Parameters": [
              {
                "Inst": "IntConst",
                "Value": 611
              }
            ],
            "StatementIndex": 36
          },
          {
            "Inst": "Return",
            "Expression": {
              "Inst": "Nothing"
            },
            "StatementIndex": 51
          },
          {
            "Inst": "EndOfScript",
            "StatementIndex": 53
          }
        ],
        "FunctionFlags": "134744064"
      },
      {
        "FieldKind": "Function",
        "ObjectClass": "Function",
        "ObjectName": "ExecuteUbergraph_TSK_FaceTargetToCarve",
        "SuperStruct": -1,
        "Children": [],
        "ChildProperties": [
          {
            "FieldKind": "Property",
            "ObjectClass": "IntProperty",
            "ObjectName": "EntryPoint",
            "ArrayDim": 1,
            "PropertyFlags": "148",
            "RepNotifyFunc": "None",
            "BlueprintReplicationCondition": 0
          },
          {
            "FieldKind": "Property",
            "ObjectClass": "ObjectProperty",
            "ObjectName": "K2Node_Event_OwnerController_1",
            "ArrayDim": 1,
            "PropertyFlags": "0",
            "RepNotifyFunc": "None",
            "BlueprintReplicationCondition": 0,
            "PropertyClass": 2
          },
          {
            "FieldKind": "Property",
            "ObjectClass": "ObjectProperty",
            "ObjectName": "K2Node_Event_ControlledPawn_1",
            "ArrayDim": 1,
            "PropertyFlags": "0",
            "RepNotifyFunc": "None",
            "BlueprintReplicationCondition": 0,
            "PropertyClass": 12
          },
          {
            "FieldKind": "Property",
            "ObjectClass": "ObjectProperty",
            "ObjectName": "CallFunc_GetComponentByClass_ReturnValue",
            "ArrayDim": 1,
            "PropertyFlags": "524288",
            "RepNotifyFunc": "None",
            "BlueprintReplicationCondition": 0,
            "PropertyClass": 13
          },
          {
            "FieldKind": "Property",
            "ObjectClass": "BoolProperty",
            "ObjectName": "CallFunc_IsFacingTarget_ReturnValue",
            "ArrayDim": 1,
            "PropertyFlags": "0",
            "RepNotifyFunc": "None",
            "BlueprintReplicationCondition": 0,
            "BoolSize": 1,
            "NativeBool": true
          },
          {
            "FieldKind": "Property",
            "ObjectClass": "ObjectProperty",
            "ObjectName": "CallFunc_GetComponentByClass_ReturnValue_1",
            "ArrayDim": 1,
            "PropertyFlags": "524288",
            "RepNotifyFunc": "None",
            "BlueprintReplicationCondition": 0,
            "PropertyClass": 13
          },
          {
            "FieldKind": "Property",
            "ObjectClass": "ObjectProperty",
            "ObjectName": "K2Node_Event_OwnerController",
            "ArrayDim": 1,
            "PropertyFlags": "0",
            "RepNotifyFunc": "None",
            "BlueprintReplicationCondition": 0,
            "PropertyClass": 2
          },
          {
            "FieldKind": "Property",
            "ObjectClass": "ObjectProperty",
            "ObjectName": "K2Node_Event_ControlledPawn",
            "ArrayDim": 1,
            "PropertyFlags": "0",
            "RepNotifyFunc": "None",
            "BlueprintReplicationCondition": 0,
            "PropertyClass": 12
          },
          {
            "FieldKind": "Property",
            "ObjectClass": "ObjectProperty",
            "ObjectName": "CallFunc_GetComponentByClass_ReturnValue_2",
            "ArrayDim": 1,
            "PropertyFlags": "524288",
            "RepNotifyFunc": "None",
            "BlueprintReplicationCondition": 0,
            "PropertyClass": 13
          },
          {
            "FieldKind": "Property",
            "ObjectClass": "IntProperty",
            "ObjectName": "Temp_int_Variable",
            "ArrayDim": 1,
            "PropertyFlags": "0",
            "RepNotifyFunc": "None",
            "BlueprintReplicationCondition": 0
          },
          {
            "FieldKind": "Property",
            "ObjectClass": "BoolProperty",
            "ObjectName": "CallFunc_Greater_IntInt_ReturnValue",
            "ArrayDim": 1,
            "PropertyFlags": "0",
            "RepNotifyFunc": "None",
            "BlueprintReplicationCondition": 0,
            "BoolSize": 1,
            "NativeBool": true
          },
          {
            "FieldKind": "Property",
            "ObjectClass": "IntProperty",
            "ObjectName": "CallFunc_Subtract_IntInt_ReturnValue",
            "ArrayDim": 1,
            "PropertyFlags": "0",
            "RepNotifyFunc": "None",
            "BlueprintReplicationCondition": 0
          },
          {
            "FieldKind": "Property",
            "ObjectClass": "BoolProperty",
            "ObjectName": "CallFunc_Not_PreBool_ReturnValue",
            "ArrayDim": 1,
            "PropertyFlags": "0",
            "RepNotifyFunc": "None",
            "BlueprintReplicationCondition": 0,
            "BoolSize": 1,
            "NativeBool": true
          }
        ],
        "Script": [
          {
            "Inst": "PushExecutionFlow",
            "Offset": 706,
            "StatementIndex": 0
          },
          {
            "Inst": "ComputedJump",
            "OffsetExpression": {
              "Inst": "LocalVariable",
              "VariableType": {
                "PinCategory": "int",
                "PinSubCategory": "int"
              },
              "VariableName": "EntryPoint"
            },
            "StatementIndex": 5
          },
          {
            "Inst": "Let",
            "Variable": {
              "Inst": "LocalVariable",
              "VariableType": {
                "PinCategory": "int",
                "PinSubCategory": "int"
              },
              "VariableName": "CallFunc_Subtract_IntInt_ReturnValue"
            },
            "Expression": {
              "Inst": "CallMath",
              "Function": "Subtract_IntInt",
              "ContextClass": "/Script/Engine.KismetMathLibrary",
              "Parameters": [
                {
                  "Inst": "InstanceVariable",
                  "VariableType": {
                    "PinCategory": "int",
                    "PinSubCategory": "int"
                  },
                  "VariableName": "Tries"
                },
                {
                  "Inst": "IntConst",
                  "Value": 1
                }
              ]
            },
            "StatementIndex": 15
          },
          {
            "Inst": "Let",
            "Variable": {
              "Inst": "LocalVariable",
              "VariableType": {
                "PinCategory": "int",
                "PinSubCategory": "int"
              },
              "VariableName": "Temp_int_Variable"
            },
            "Expression": {
              "Inst": "LocalVariable",
              "VariableType": {
                "PinCategory": "int",
                "PinSubCategory": "int"
              },
              "VariableName": "CallFunc_Subtract_IntInt_ReturnValue"
            },
            "StatementIndex": 57
          },
          {
            "Inst": "Let",
            "Variable": {
              "Inst": "InstanceVariable",
              "VariableType": {
                "PinCategory": "int",
                "PinSubCategory": "int"
              },
              "VariableName": "Tries"
            },
            "Expression": {
              "Inst": "LocalVariable",
              "VariableType": {
                "PinCategory": "int",
                "PinSubCategory": "int"
              },
              "VariableName": "Temp_int_Variable"
            },
            "StatementIndex": 84
          },
          {
            "Inst": "LetBool",
            "Variable": {
              "Inst": "LocalVariable",
              "VariableType": {
                "PinCategory": "bool",
                "PinSubCategory": "bool"
              },
              "VariableName": "CallFunc_Greater_IntInt_ReturnValue"
            },
            "Expression": {
              "Inst": "CallMath",
              "Function": "Greater_IntInt",
              "ContextClass": "/Script/Engine.KismetMathLibrary",
              "Parameters": [
                {
                  "Inst": "LocalVariable",
                  "VariableType": {
                    "PinCategory": "int",
                    "PinSubCategory": "int"
                  },
                  "VariableName": "Temp_int_Variable"
                },
                {
                  "Inst": "IntConst",
                  "Value": 0
                }
              ]
            },
            "StatementIndex": 111
          },
          {
            "Inst": "JumpIfNot",
            "Offset": 302,
            "Condition": {
              "Inst": "LocalVariable",
              "VariableType": {
                "PinCategory": "bool",
                "PinSubCategory": "bool"
              },
              "VariableName": "CallFunc_Greater_IntInt_ReturnValue"
            },
            "StatementIndex": 145
          },
          {
            "Inst": "LetBool",
            "Variable": {
              "Inst": "LocalVariable",
              "VariableType": {
                "PinCategory": "bool",
                "PinSubCategory": "bool"
              },
              "VariableName": "CallFunc_IsFacingTarget_ReturnValue"
            },
            "Expression": {
              "Inst": "LocalVirtualFunction",
              "FunctionName": "IsFacingTarget",
              "Parameters": [
                {
                  "Inst": "LocalVariable",
                  "VariableType": {
                    "PinCategory": "Object",
                    "PinSubCategory": "Object",
                    "PinSubCategoryObject": "/Script/Engine.Pawn"
                  },
                  "VariableName": "K2Node_Event_ControlledPawn_1"
                }
              ]
            },
            "StatementIndex": 159
          },
          {
            "Inst": "JumpIfNot",
            "Offset": 435,
            "Condition": {
              "Inst": "LocalVariable",
              "VariableType": {
                "PinCategory": "bool",
                "PinSubCategory": "bool"
              },
              "VariableName": "CallFunc_IsFacingTarget_ReturnValue"
            },
            "StatementIndex": 192
          },
          {
            "Inst": "LetObj",
            "Variable": {
              "Inst": "LocalVariable",
              "VariableType": {
                "PinCategory": "Object",
                "PinSubCategory": "Object",
                "PinSubCategoryObject": "/Script/FSD.AlignEnemyComponent"
              },
              "VariableName": "CallFunc_GetComponentByClass_ReturnValue"
            },
            "Expression": {
              "Inst": "Context",
              "Context": {
                "Inst": "LocalVariable",
                "VariableType": {
                  "PinCategory": "Object",
                  "PinSubCategory": "Object",
                  "PinSubCategoryObject": "/Script/Engine.Pawn"
                },
                "VariableName": "K2Node_Event_ControlledPawn_1"
              },
              "SkipOffsetForNull": 19,
              "RValuePropertyType": {
                "PinCategory": "Object",
                "PinSubCategory": "Object",
                "PinSubCategoryObject": "/Script/FSD.AlignEnemyComponent"
              },
              "RValuePropertyName": "CallFunc_GetComponentByClass_ReturnValue",
              "Expression": {
                "Inst": "FinalFunction",
                "Function": "GetComponentByClass",
                "Parameters": [
                  {
                    "Inst": "ObjectConst",
                    "Object": "/Script/FSD.AlignEnemyComponent"
                  }
                ]
              }
            },
            "StatementIndex": 206
          },
          {
            "Inst": "Context",
            "Context": {
              "Inst": "LocalVariable",
              "VariableType": {
                "PinCategory": "Object",
                "PinSubCategory": "Object",
                "PinSubCategoryObject": "/Script/FSD.AlignEnemyComponent"
              },
              "VariableName": "CallFunc_GetComponentByClass_ReturnValue"
            },
            "SkipOffsetForNull": 11,
            "Expression": {
              "Inst": "FinalFunction",
              "Function": "SetRotateWhileStationary",
              "Parameters": [
                {
                  "Inst": "False"
                }
              ]
            },
            "StatementIndex": 257
          },
          {
            "Inst": "FinalFunction",
            "Function": "FinishExecute",
            "Parameters": [
              {
                "Inst": "True"
              }
            ],
            "StatementIndex": 290
          },
          {
            "Inst": "PopExecutionFlow",
            "StatementIndex": 301
          },
          {
            "Inst": "LetObj",
            "Variable": {
              "Inst": "LocalVariable",
              "VariableType": {
                "PinCategory": "Object",
                "PinSubCategory": "Object",
                "PinSubCategoryObject": "/Script/FSD.AlignEnemyComponent"
              },
              "VariableName": "CallFunc_GetComponentByClass_ReturnValue"
            },
            "Expression": {
              "Inst": "Context",
              "Context": {
                "Inst": "LocalVariable",
                "VariableType": {
                  "PinCategory": "Object",
                  "PinSubCategory": "Object",
                  "PinSubCategoryObject": "/Script/Engine.Pawn"
                },
                "VariableName": "K2Node_Event_ControlledPawn_1"
              },
              "SkipOffsetForNull": 19,
              "RValuePropertyType": {
                "PinCategory": "Object",
                "PinSubCategory": "Object",
                "PinSubCategoryObject": "/Script/FSD.AlignEnemyComponent"
              },
              "RValuePropertyName": "CallFunc_GetComponentByClass_ReturnValue",
              "Expression": {
                "Inst": "FinalFunction",
                "Function": "GetComponentByClass",
                "Parameters": [
                  {
                    "Inst": "ObjectConst",
                    "Object": "/Script/FSD.AlignEnemyComponent"
                  }
                ]
              }
            },
            "StatementIndex": 302
          },
          {
            "Inst": "Context",
            "Context": {
              "Inst": "LocalVariable",
              "VariableType": {
                "PinCategory": "Object",
                "PinSubCategory": "Object",
                "PinSubCategoryObject": "/Script/FSD.AlignEnemyComponent"
              },
              "VariableName": "CallFunc_GetComponentByClass_ReturnValue"
            },
            "SkipOffsetForNull": 11,
            "Expression": {
              "Inst": "FinalFunction",
              "Function": "SetRotateWhileStationary",
              "Parameters": [
                {
                  "Inst": "False"
                }
              ]
            },
            "StatementIndex": 353
          },
          {
            "Inst": "LetBool",
            "Variable": {
              "Inst": "LocalVariable",
              "VariableType": {
                "PinCategory": "bool",
                "PinSubCategory": "bool"
              },
              "VariableName": "CallFunc_Not_PreBool_ReturnValue"
            },
            "Expression": {
              "Inst": "CallMath",
              "Function": "Not_PreBool",
              "ContextClass": "/Script/Engine.KismetMathLibrary",
              "Parameters": [
                {
                  "Inst": "InstanceVariable",
                  "VariableType": {
                    "PinCategory": "bool",
                    "PinSubCategory": "bool"
                  },
                  "VariableName": "FailIfCantTurn"
                }
              ]
            },
            "StatementIndex": 386
          },
          {
            "Inst": "FinalFunction",
            "Function": "FinishExecute",
            "Parameters": [
              {
                "Inst": "LocalVariable",
                "VariableType": {
                  "PinCategory": "bool",
                  "PinSubCategory": "bool"
                },
                "VariableName": "CallFunc_Not_PreBool_ReturnValue"
              }
            ],
            "StatementIndex": 415
          },
          {
            "Inst": "PopExecutionFlow",
            "StatementIndex": 434
          },
          {
            "Inst": "CallMath",
            "Function": "Delay",
            "ContextClass": "/Script/Engine.KismetSystemLibrary",
            "Parameters": [
              {
                "Inst": "Self"
              },
              {
                "Inst": "FloatConst",
                "Value": 0.2
              },
              {
                "Inst": "StructConst",
                "Struct": "/Script/Engine.LatentActionInfo",
                "Properties": {
                  "Missing property name0": [
                    {
                      "Inst": "SkipOffsetConst",
                      "Value": 15
                    }
                  ],
                  "Missing property name1": [
                    {
                      "Inst": "IntConst",
                      "Value": 1423094637
                    }
                  ],
                  "Missing property name2": [
                    {
                      "Inst": "NameConst",
                      "Value": "ExecuteUbergraph_TSK_FaceTargetToCarve"
                    }
                  ],
                  "Missing property name3": [
                    {
                      "Inst": "Self"
                    }
                  ]
                }
              }
            ],
            "StatementIndex": 435
          },
          {
            "Inst": "PopExecutionFlow",
            "StatementIndex": 489
          },
          {
            "Inst": "Let",
            "Variable": {
              "Inst": "InstanceVariable",
              "VariableType": {
                "PinCategory": "int",
                "PinSubCategory": "int"
              },
              "VariableName": "Tries"
            },
            "Expression": {
              "Inst": "InstanceVariable",
              "VariableType": {
                "PinCategory": "int",
                "PinSubCategory": "int"
              },
              "VariableName": "MaxTries"
            },
            "StatementIndex": 490
          },
          {
            "Inst": "LetObj",
            "Variable": {
              "Inst": "LocalVariable",
              "VariableType": {
                "PinCategory": "Object",
                "PinSubCategory": "Object",
                "PinSubCategoryObject": "/Script/FSD.AlignEnemyComponent"
              },
              "VariableName": "CallFunc_GetComponentByClass_ReturnValue_1"
            },
            "Expression": {
              "Inst": "Context",
              "Context": {
                "Inst": "LocalVariable",
                "VariableType": {
                  "PinCategory": "Object",
                  "PinSubCategory": "Object",
                  "PinSubCategoryObject": "/Script/Engine.Pawn"
                },
                "VariableName": "K2Node_Event_ControlledPawn_1"
              },
              "SkipOffsetForNull": 19,
              "RValuePropertyType": {
                "PinCategory": "Object",
                "PinSubCategory": "Object",
                "PinSubCategoryObject": "/Script/FSD.AlignEnemyComponent"
              },
              "RValuePropertyName": "CallFunc_GetComponentByClass_ReturnValue_1",
              "Expression": {
                "Inst": "FinalFunction",
                "Function": "GetComponentByClass",
                "Parameters": [
                  {
                    "Inst": "ObjectConst",
                    "Object": "/Script/FSD.AlignEnemyComponent"
                  }
                ]
              }
            },
            "StatementIndex": 517
          },
          {
            "Inst": "Context",
            "Context": {
              "Inst": "LocalVariable",
              "VariableType": {
                "PinCategory": "Object",
                "PinSubCategory": "Object",
                "PinSubCategoryObject": "/Script/FSD.AlignEnemyComponent"
              },
              "VariableName": "CallFunc_GetComponentByClass_ReturnValue_1"
            },
            "SkipOffsetForNull": 11,
            "Expression": {
              "Inst": "FinalFunction",
              "Function": "SetRotateWhileStationary",
              "Parameters": [
                {
                  "Inst": "True"
                }
              ]
            },
            "StatementIndex": 568
          },
          {
            "Inst": "Jump",
            "Offset": 435,
            "StatementIndex": 601
          },
          {
            "Inst": "Jump",
            "Offset": 490,
            "StatementIndex": 606
          },
          {
            "Inst": "LetObj",
            "Variable": {
              "Inst": "LocalVariable",
              "VariableType": {
                "PinCategory": "Object",
                "PinSubCategory": "Object",
                "PinSubCategoryObject": "/Script/FSD.AlignEnemyComponent"
              },
              "VariableName": "CallFunc_GetComponentByClass_ReturnValue_2"
            },
            "Expression": {
              "Inst": "Context",
              "Context": {
                "Inst": "LocalVariable",
                "VariableType": {
                  "PinCategory": "Object",
                  "PinSubCategory": "Object",
                  "PinSubCategoryObject": "/Script/Engine.Pawn"
                },
                "VariableName": "K2Node_Event_ControlledPawn"
              },
              "SkipOffsetForNull": 19,
              "RValuePropertyType": {
                "PinCategory": "Object",
                "PinSubCategory": "Object",
                "PinSubCategoryObject": "/Script/FSD.AlignEnemyComponent"
              },
              "RValuePropertyName": "CallFunc_GetComponentByClass_ReturnValue_2",
              "Expression": {
                "Inst": "FinalFunction",
                "Function": "GetComponentByClass",
                "Parameters": [
                  {
                    "Inst": "ObjectConst",
                    "Object": "/Script/FSD.AlignEnemyComponent"
                  }
                ]
              }
            },
            "StatementIndex": 611
          },
          {
            "Inst": "Context",
            "Context": {
              "Inst": "LocalVariable",
              "VariableType": {
                "PinCategory": "Object",
                "PinSubCategory": "Object",
                "PinSubCategoryObject": "/Script/FSD.AlignEnemyComponent"
              },
              "VariableName": "CallFunc_GetComponentByClass_ReturnValue_2"
            },
            "SkipOffsetForNull": 11,
            "Expression": {
              "Inst": "FinalFunction",
              "Function": "SetRotateWhileStationary",
              "Parameters": [
                {
                  "Inst": "False"
                }
              ]
            },
            "StatementIndex": 662
          },
          {
            "Inst": "FinalFunction",
            "Function": "FinishAbort",
            "Parameters": [],
            "StatementIndex": 695
          },
          {
            "Inst": "PopExecutionFlow",
            "StatementIndex": 705
          },
          {
            "Inst": "Return",
            "Expression": {
              "Inst": "Nothing"
            },
            "StatementIndex": 706
          },
          {
            "Inst": "EndOfScript",
            "StatementIndex": 708
          }
        ],
        "FunctionFlags": "32769"
      }
    ],
    "ChildProperties": [
      {
        "FieldKind": "Property",
        "ObjectClass": "StructProperty",
        "ObjectName": "UberGraphFrame",
        "ArrayDim": 1,
        "PropertyFlags": "2105344",
        "RepNotifyFunc": "None",
        "BlueprintReplicationCondition": 0,
        "Struct": 43
      },
      {
        "FieldKind": "Property",
        "ObjectClass": "StructProperty",
        "ObjectName": "TargetActorKey",
        "ArrayDim": 1,
        "PropertyFlags": "5",
        "RepNotifyFunc": "None",
        "BlueprintReplicationCondition": 0,
        "Struct": 39
      },
      {
        "FieldKind": "Property",
        "ObjectClass": "FloatProperty",
        "ObjectName": "Angle",
        "ArrayDim": 1,
        "PropertyFlags": "5",
        "RepNotifyFunc": "None",
        "BlueprintReplicationCondition": 0
      },
      {
        "FieldKind": "Property",
        "ObjectClass": "IntProperty",
        "ObjectName": "Tries",
        "ArrayDim": 1,
        "PropertyFlags": "65541",
        "RepNotifyFunc": "None",
        "BlueprintReplicationCondition": 0
      },
      {
        "FieldKind": "Property",
        "ObjectClass": "BoolProperty",
        "ObjectName": "FailIfCantTurn",
        "ArrayDim": 1,
        "PropertyFlags": "5",
        "RepNotifyFunc": "None",
        "BlueprintReplicationCondition": 0,
        "BoolSize": 1,
        "NativeBool": true
      },
      {
        "FieldKind": "Property",
        "ObjectClass": "IntProperty",
        "ObjectName": "MaxTries",
        "ArrayDim": 1,
        "PropertyFlags": "5",
        "RepNotifyFunc": "None",
        "BlueprintReplicationCondition": 0
      }
    ],
    "ClassFlags": "264208",
    "ClassWithin": 6,
    "ClassConfigName": "Game",
    "Interfaces": [],
    "ClassDefaultObject": 45,
    "AssetObjectData": {
      "SimpleConstructionScript": -1,
      "$ReferencedObjects": []
    },
    "GeneratedVariableNames": []
  },
  "ObjectHierarchy": [
    {
      "ObjectIndex": 0,
      "Type": "Import",
      "ClassPackage": "/Script/Engine",
      "ClassName": "BlueprintGeneratedClass",
      "Outer": 37,
      "ObjectName": "Default__BlueprintGeneratedClass"
    },
    {
      "ObjectIndex": 1,
      "Type": "Import",
      "ClassPackage": "/Script/AIModule",
      "ClassName": "BTTask_BlueprintBase",
      "Outer": 35,
      "ObjectName": "Default__BTTask_BlueprintBase"
    },
    {
      "ObjectIndex": 2,
      "Type": "Import",
      "ClassPackage": "/Script/CoreUObject",
      "ClassName": "Class",
      "Outer": 35,
      "ObjectName": "AIController"
    },
    {
      "ObjectIndex": 3,
      "Type": "Import",
      "ClassPackage": "/Script/CoreUObject",
      "ClassName": "Class",
      "Outer": 35,
      "ObjectName": "BTFunctionLibrary"
    },
    {
      "ObjectIndex": 4,
      "Type": "Import",
      "ClassPackage": "/Script/CoreUObject",
      "ClassName": "Class",
      "Outer": 35,
      "ObjectName": "BTTask_BlueprintBase"
    },
    {
      "ObjectIndex": 5,
      "Type": "Import",
      "ClassPackage": "/Script/CoreUObject",
      "ClassName": "Class",
      "Outer": 36,
      "ObjectName": "Function"
    },
    {
      "ObjectIndex": 6,
      "Type": "Import",
      "ClassPackage": "/Script/CoreUObject",
      "ClassName": "Class",
      "Outer": 36,
      "ObjectName": "Object"
    },
    {
      "ObjectIndex": 7,
      "Type": "Import",
      "ClassPackage": "/Script/CoreUObject",
      "ClassName": "Class",
      "Outer": 37,
      "ObjectName": "Actor"
    },
    {
      "ObjectIndex": 8,
      "Type": "Import",
      "ClassPackage": "/Script/CoreUObject",
      "ClassName": "Class",
      "Outer": 37,
      "ObjectName": "BlueprintGeneratedClass"
    },
    {
      "ObjectIndex": 9,
      "Type": "Import",
      "ClassPackage": "/Script/CoreUObject",
      "ClassName": "Class",
      "Outer": 37,
      "ObjectName": "KismetMathLibrary"
    },
    {
      "ObjectIndex": 10,
      "Type": "Import",
      "ClassPackage": "/Script/CoreUObject",
      "ClassName": "Class",
      "Outer": 37,
      "ObjectName": "KismetStringLibrary"
    },
    {
      "ObjectIndex": 11,
      "Type": "Import",
      "ClassPackage": "/Script/CoreUObject",
      "ClassName": "Class",
      "Outer": 37,
      "ObjectName": "KismetSystemLibrary"
    },
    {
      "ObjectIndex": 12,
      "Type": "Import",
      "ClassPackage": "/Script/CoreUObject",
      "ClassName": "Class",
      "Outer": 37,
      "ObjectName": "Pawn"
    },
    {
      "ObjectIndex": 13,
      "Type": "Import",
      "ClassPackage": "/Script/CoreUObject",
      "ClassName": "Class",
      "Outer": 38,
      "ObjectName": "AlignEnemyComponent"
    },
    {
      "ObjectIndex": 14,
      "Type": "Import",
      "ClassPackage": "/Script/CoreUObject",
      "ClassName": "Function",
      "Outer": 3,
      "ObjectName": "GetBlackboardValueAsActor"
    },
    {
      "ObjectIndex": 15,
      "Type": "Import",
      "ClassPackage": "/Script/CoreUObject",
      "ClassName": "Function",
      "Outer": 4,
      "ObjectName": "FinishAbort"
    },
    {
      "ObjectIndex": 16,
      "Type": "Import",
      "ClassPackage": "/Script/CoreUObject",
      "ClassName": "Function",
      "Outer": 4,
      "ObjectName": "FinishExecute"
    },
    {
      "ObjectIndex": 17,
      "Type": "Import",
      "ClassPackage": "/Script/CoreUObject",
      "ClassName": "Function",
      "Outer": 4,
      "ObjectName": "ReceiveAbortAI"
    },
    {
      "ObjectIndex": 18,
      "Type": "Import",
      "ClassPackage": "/Script/CoreUObject",
      "ClassName": "Function",
      "Outer": 4,
      "ObjectName": "ReceiveExecuteAI"
    },
    {
      "ObjectIndex": 19,
      "Type": "Import",
      "ClassPackage": "/Script/CoreUObject",
      "ClassName": "Function",
      "Outer": 36,
      "ObjectName": "Default__Function"
    },
    {
      "ObjectIndex": 20,
      "Type": "Import",
      "ClassPackage": "/Script/CoreUObject",
      "ClassName": "Function",
      "Outer": 7,
      "ObjectName": "GetActorForwardVector"
    },
    {
      "ObjectIndex": 21,
      "Type": "Import",
      "ClassPackage": "/Script/CoreUObject",
      "ClassName": "Function",
      "Outer": 7,
      "ObjectName": "GetComponentByClass"
    },
    {
      "ObjectIndex": 22,
      "Type": "Import",
      "ClassPackage": "/Script/CoreUObject",
      "ClassName": "Function",
      "Outer": 7,
      "ObjectName": "K2_GetActorLocation"
    },
    {
      "ObjectIndex": 23,
      "Type": "Import",
      "ClassPackage": "/Script/CoreUObject",
      "ClassName": "Function",
      "Outer": 9,
      "ObjectName": "DegAcos"
    },
    {
      "ObjectIndex": 24,
      "Type": "Import",
      "ClassPackage": "/Script/CoreUObject",
      "ClassName": "Function",
      "Outer": 9,
      "ObjectName": "Dot_VectorVector"
    },
    {
      "ObjectIndex": 25,
      "Type": "Import",
      "ClassPackage": "/Script/CoreUObject",
      "ClassName": "Function",
      "Outer": 9,
      "ObjectName": "GetDirectionUnitVector"
    },
    {
      "ObjectIndex": 26,
      "Type": "Import",
      "ClassPackage": "/Script/CoreUObject",
      "ClassName": "Function",
      "Outer": 9,
      "ObjectName": "Greater_IntInt"
    },
    {
      "ObjectIndex": 27,
      "Type": "Import",
      "ClassPackage": "/Script/CoreUObject",
      "ClassName": "Function",
      "Outer": 9,
      "ObjectName": "LessEqual_FloatFloat"
    },
    {
      "ObjectIndex": 28,
      "Type": "Import",
      "ClassPackage": "/Script/CoreUObject",
      "ClassName": "Function",
      "Outer": 9,
      "ObjectName": "Not_PreBool"
    },
    {
      "ObjectIndex": 29,
      "Type": "Import",
      "ClassPackage": "/Script/CoreUObject",
      "ClassName": "Function",
      "Outer": 9,
      "ObjectName": "Subtract_IntInt"
    },
    {
      "ObjectIndex": 30,
      "Type": "Import",
      "ClassPackage": "/Script/CoreUObject",
      "ClassName": "Function",
      "Outer": 10,
      "ObjectName": "Conv_FloatToString"
    },
    {
      "ObjectIndex": 31,
      "Type": "Import",
      "ClassPackage": "/Script/CoreUObject",
      "ClassName": "Function",
      "Outer": 11,
      "ObjectName": "Delay"
    },
    {
      "ObjectIndex": 32,
      "Type": "Import",
      "ClassPackage": "/Script/CoreUObject",
      "ClassName": "Function",
      "Outer": 11,
      "ObjectName": "IsValid"
    },
    {
      "ObjectIndex": 33,
      "Type": "Import",
      "ClassPackage": "/Script/CoreUObject",
      "ClassName": "Function",
      "Outer": 11,
      "ObjectName": "PrintString"
    },
    {
      "ObjectIndex": 34,
      "Type": "Import",
      "ClassPackage": "/Script/CoreUObject",
      "ClassName": "Function",
      "Outer": 13,
      "ObjectName": "SetRotateWhileStationary"
    },
    {
      "ObjectIndex": 35,
      "Type": "Import",
      "ClassPackage": "/Script/CoreUObject",
      "ClassName": "Package",
      "ObjectName": "/Script/AIModule"
    },
    {
      "ObjectIndex": 36,
      "Type": "Import",
      "ClassPackage": "/Script/CoreUObject",
      "ClassName": "Package",
      "ObjectName": "/Script/CoreUObject"
    },
    {
      "ObjectIndex": 37,
      "Type": "Import",
      "ClassPackage": "/Script/CoreUObject",
      "ClassName": "Package",
      "ObjectName": "/Script/Engine"
    },
    {
      "ObjectIndex": 38,
      "Type": "Import",
      "ClassPackage": "/Script/CoreUObject",
      "ClassName": "Package",
      "ObjectName": "/Script/FSD"
    },
    {
      "ObjectIndex": 39,
      "Type": "Import",
      "ClassPackage": "/Script/CoreUObject",
      "ClassName": "ScriptStruct",
      "Outer": 35,
      "ObjectName": "BlackboardKeySelector"
    },
    {
      "ObjectIndex": 40,
      "Type": "Import",
      "ClassPackage": "/Script/CoreUObject",
      "ClassName": "ScriptStruct",
      "Outer": 36,
      "ObjectName": "LinearColor"
    },
    {
      "ObjectIndex": 41,
      "Type": "Import",
      "ClassPackage": "/Script/CoreUObject",
      "ClassName": "ScriptStruct",
      "Outer": 36,
      "ObjectName": "Vector"
    },
    {
      "ObjectIndex": 42,
      "Type": "Import",
      "ClassPackage": "/Script/CoreUObject",
      "ClassName": "ScriptStruct",
      "Outer": 37,
      "ObjectName": "LatentActionInfo"
    },
    {
      "ObjectIndex": 43,
      "Type": "Import",
      "ClassPackage": "/Script/CoreUObject",
      "ClassName": "ScriptStruct",
      "Outer": 37,
      "ObjectName": "PointerToUberGraphFrame"
    },
    {
      "ObjectIndex": 44,
      "Type": "Export",
      "ObjectMark": "$AssetObject$"
    },
    {
      "ObjectIndex": 45,
      "Type": "Export",
      "ObjectClass": 44,
      "Outer": -1,
      "ObjectName": "Default__TSK_FaceTargetToCarve_C",
      "ObjectFlags": 49,
      "Properties": {
        "UberGraphFrame": {},
        "TargetActorKey": {
          "AllowedTypes": [],
          "SelectedKeyName": "None",
          "SelectedKeyType": -1,
          "SelectedKeyID": 255,
          "bNoneIsAllowedValue": false
        },
        "Angle": 15.0,
        "Tries": 10,
        "FailIfCantTurn": true,
        "MaxTries": 8,
        "$ReferencedObjects": [
          -1
        ]
      }
    }
  ]
}