{
  "AssetClass": "Blueprint",
  "AssetPackage": "/Game/Art/Environments/Holiday_Halloween/BP_Halloween_SmokyPumpkin",
  "AssetName": "BP_Halloween_SmokyPumpkin",
  "AssetSerializedData": {
    "SkipDependecies": false,
    "SuperStruct": 3,
    "Children": [],
    "ChildProperties": [
      {
        "FieldKind": "Property",
        "ObjectClass": "ObjectProperty",
        "ObjectName": "NS_Pumpkin_Smoke_Constant",
        "ArrayDim": 1,
        "PropertyFlags": "17180393476",
        "RepNotifyFunc": "None",
        "BlueprintReplicationCondition": 0,
        "PropertyClass": 9
      },
      {
        "FieldKind": "Property",
        "ObjectClass": "ObjectProperty",
        "ObjectName": "Mesh_Pumpkin",
        "ArrayDim": 1,
        "PropertyFlags": "17180393476",
        "RepNotifyFunc": "None",
        "BlueprintReplicationCondition": 0,
        "PropertyClass": 8
      },
      {
        "FieldKind": "Property",
        "ObjectClass": "ObjectProperty",
        "ObjectName": "SharedRoot",
        "ArrayDim": 1,
        "PropertyFlags": "17180393476",
        "RepNotifyFunc": "None",
        "BlueprintReplicationCondition": 0,
        "PropertyClass": 5
      }
    ],
    "ClassFlags": "8652820",
    "ClassWithin": 2,
    "ClassConfigName": "Engine",
    "Interfaces": [],
    "ClassDefaultObject": 23,
    "AssetObjectData": {
      "SimpleConstructionScript": 31,
      "$ReferencedObjects": [
        31
      ]
    },
    "GeneratedVariableNames": [
      "SharedRoot",
      "Mesh_Pumpkin",
      "NS_Pumpkin_Smoke_Constant"
    ]
  },
  "ObjectHierarchy": [
    {
      "ObjectIndex": 0,
      "Type": "Import",
      "ClassPackage": "/Script/Engine",
      "ClassName": "Actor",
      "Outer": 15,
      "ObjectName": "Default__Actor"
    },
    {
      "ObjectIndex": 1,
      "Type": "Import",
      "ClassPackage": "/Script/Engine",
      "ClassName": "BlueprintGeneratedClass",
      "Outer": 15,
      "ObjectName": "Default__BlueprintGeneratedClass"
    },
    {
      "ObjectIndex": 2,
      "Type": "Import",
      "ClassPackage": "/Script/CoreUObject",
      "ClassName": "Class",
      "Outer": 14,
      "ObjectName": "Object"
    },
    {
      "ObjectIndex": 3,
      "Type": "Import",
      "ClassPackage": "/Script/CoreUObject",
      "ClassName": "Class",
      "Outer": 15,
      "ObjectName": "Actor"
    },
    {
      "ObjectIndex": 4,
      "Type": "Import",
      "ClassPackage": "/Script/CoreUObject",
      "ClassName": "Class",
      "Outer": 15,
      "ObjectName": "BlueprintGeneratedClass"
    },
    {
      "ObjectIndex": 5,
      "Type": "Import",
      "ClassPackage": "/Script/CoreUObject",
      "ClassName": "Class",
      "Outer": 15,
      "ObjectName": "SceneComponent"
    },
    {
      "ObjectIndex": 6,
      "Type": "Import",
      "ClassPackage": "/Script/CoreUObject",
      "ClassName": "Class",
      "Outer": 15,
      "ObjectName": "SCS_Node"
    },
    {
      "ObjectIndex": 7,
      "Type": "Import",
      "ClassPackage": "/Script/CoreUObject",
      "ClassName": "Class",
      "Outer": 15,
      "ObjectName": "SimpleConstructionScript"
    },
    {
      "ObjectIndex": 8,
      "Type": "Import",
      "ClassPackage": "/Script/CoreUObject",
      "ClassName": "Class",
      "Outer": 15,
      "ObjectName": "StaticMeshComponent"
    },
    {
      "ObjectIndex": 9,
      "Type": "Import",
      "ClassPackage": "/Script/CoreUObject",
      "ClassName": "Class",
      "Outer": 16,
      "ObjectName": "NiagaraComponent"
    },
    {
      "ObjectIndex": 10,
      "Type": "Import",
      "ClassPackage": "/Script/Niagara",
      "ClassName": "NiagaraComponent",
      "Outer": 16,
      "ObjectName": "Default__NiagaraComponent"
    },
    {
      "ObjectIndex": 11,
      "Type": "Import",
      "ClassPackage": "/Script/Niagara",
      "ClassName": "NiagaraSystem",
      "Outer": 12,
      "ObjectName": "NS_Pumpkin_Smoke_Constant"
    },
    {
      "ObjectIndex": 12,
      "Type": "Import",
      "ClassPackage": "/Script/CoreUObject",
      "ClassName": "Package",
      "ObjectName": "/Game/Art/Environments/Holiday_Halloween/Particles/NS_Pumpkin_Smoke_Constant"
    },
    {
      "ObjectIndex": 13,
      "Type": "Import",
      "ClassPackage": "/Script/CoreUObject",
      "ClassName": "Package",
      "ObjectName": "/Game/Art/Environments/Holiday_Halloween/SM_Pumpkin_PlainOpen"
    },
    {
      "ObjectIndex": 14,
      "Type": "Import",
      "ClassPackage": "/Script/CoreUObject",
      "ClassName": "Package",
      "ObjectName": "/Script/CoreUObject"
    },
    {
      "ObjectIndex": 15,
      "Type": "Import",
      "ClassPackage": "/Script/CoreUObject",
      "ClassName": "Package",
      "ObjectName": "/Script/Engine"
    },
    {
      "ObjectIndex": 16,
      "Type": "Import",
      "ClassPackage": "/Script/CoreUObject",
      "ClassName": "Package",
      "ObjectName": "/Script/Niagara"
    },
    {
      "ObjectIndex": 17,
      "Type": "Import",
      "ClassPackage": "/Script/Engine",
      "ClassName": "SceneComponent",
      "Outer": 15,
      "ObjectName": "Default__SceneComponent"
    },
    {
      "ObjectIndex": 18,
      "Type": "Import",
      "ClassPackage": "/Script/Engine",
      "ClassName": "SCS_Node",
      "Outer": 15,
      "ObjectName": "Default__SCS_Node"
    },
    {
      "ObjectIndex": 19,
      "Type": "Import",
      "ClassPackage": "/Script/Engine",
      "ClassName": "SimpleConstructionScript",
      "Outer": 15,
      "ObjectName": "Default__SimpleConstructionScript"
    },
    {
      "ObjectIndex": 20,
      "Type": "Import",
      "ClassPackage": "/Script/Engine",
      "ClassName": "StaticMesh",
      "Outer": 13,
      "ObjectName": "SM_Pumpkin_PlainOpen"
    },
    {
      "ObjectIndex": 21,
      "Type": "Import",
      "ClassPackage": "/Script/Engine",
      "ClassName": "StaticMeshComponent",
      "Outer": 15,
      "ObjectName": "Default__StaticMeshComponent"
    },
    {
      "ObjectIndex": 22,
      "Type": "Export",
      "ObjectMark": "$AssetObject$"
    },
    {
      "ObjectIndex": 23,
      "Type": "Export",
      "ObjectClass": 22,
      "Outer": -1,
      "ObjectName": "Default__BP_Halloween_SmokyPumpkin_C",
      "ObjectFlags": 49,
      "Properties": {
        "$ReferencedObjects": []
      }
    },
    {
      "ObjectIndex": 24,
      "Type": "Export",
      "ObjectClass": 9,
      "Outer": 22,
      "ObjectName": "NS_Pumpkin_Smoke_Constant_GEN_VARIABLE",
      "ObjectFlags": 41,
      "Properties": {
        "Asset": 11,
        "OverrideParameters": {},
        "RelativeLocation": {
          "X": -2.5693042,
          "Y": 0.7836122,
          "Z": 27.618616
        },
        "RelativeScale3D": {
          "X": 1.5384616,
          "Y": 1.5384616,
          "Z": 1.5384616
        },
        "$ReferencedObjects": [
          11
        ]
      }
    },
    {
      "ObjectIndex": 25,
      "Type": "Export",
      "ObjectClass": 5,
      "Outer": 22,
      "ObjectName": "DefaultSceneRoot_GEN_VARIABLE",
      "ObjectFlags": 41,
      "Properties": {
        "$ReferencedObjects": []
      }
    },
    {
      "ObjectIndex": 26,
      "Type": "Export",
      "ObjectClass": 5,
      "Outer": 22,
      "ObjectName": "SharedRoot_GEN_VARIABLE",
      "ObjectFlags": 41,
      "Properties": {
        "$ReferencedObjects": []
      }
    },
    {
      "ObjectIndex": 27,
      "Type": "Export",
      "ObjectClass": 6,
      "Outer": 31,
      "ObjectName": "SCS_Node_0",
      "ObjectFlags": 8,
      "Properties": {
        "ComponentClass": 5,
        "ComponentTemplate": 25,
        "VariableGuid": {
          "A": 1204035182,
          "B": 1237420441,
          "C": 1023902374,
          "D": 95762365
        },
        "InternalVariableName": "DefaultSceneRoot",
        "$ReferencedObjects": [
          5,
          25
        ]
      }
    },
    {
      "ObjectIndex": 28,
      "Type": "Export",
      "ObjectClass": 6,
      "Outer": 31,
      "ObjectName": "SCS_Node_1",
      "ObjectFlags": 8,
      "Properties": {
        "ComponentClass": 5,
        "ComponentTemplate": 26,
        "ChildNodes": [
          29
        ],
        "VariableGuid": {
          "A": 424720668,
          "B": 1144174119,
          "C": -1024298574,
          "D": -987974069
        },
        "InternalVariableName": "SharedRoot",
        "$ReferencedObjects": [
          5,
          26,
          29
        ]
      }
    },
    {
      "ObjectIndex": 29,
      "Type": "Export",
      "ObjectClass": 6,
      "Outer": 31,
      "ObjectName": "SCS_Node_3",
      "ObjectFlags": 8,
      "Properties": {
        "ComponentClass": 8,
        "ComponentTemplate": 32,
        "ChildNodes": [
          30
        ],
        "VariableGuid": {
          "A": -2101252065,
          "B": 1203443973,
          "C": -1583506797,
          "D": -1967885565
        },
        "InternalVariableName": "Mesh_Pumpkin",
        "$ReferencedObjects": [
          8,
          32,
          30
        ]
      }
    },
    {
      "ObjectIndex": 30,
      "Type": "Export",
      "ObjectClass": 6,
      "Outer": 31,
      "ObjectName": "SCS_Node_5",
      "ObjectFlags": 8,
      "Properties": {
        "ComponentClass": 9,
        "ComponentTemplate": 24,
        "VariableGuid": {
          "A": -190783581,
          "B": 1293432201,
          "C": -1766621774,
          "D": -8922397
        },
        "InternalVariableName": "NS_Pumpkin_Smoke_Constant",
        "$ReferencedObjects": [
          9,
          24
        ]
      }
    },
    {
      "ObjectIndex": 31,
      "Type": "Export",
      "ObjectClass": 7,
      "Outer": 22,
      "ObjectName": "SimpleConstructionScript_0",
      "ObjectFlags": 8,
      "Properties": {
        "RootNodes": [
          28
        ],
        "AllNodes": [
          28,
          29,
          30
        ],
        "DefaultSceneRootNode": 27,
        "$ReferencedObjects": [
          28,
          29,
          30,
          27
        ]
      }
    },
    {
      "ObjectIndex": 32,
      "Type": "Export",
      "ObjectClass": 8,
      "Outer": 22,
      "ObjectName": "Mesh_Pumpkin_GEN_VARIABLE",
      "ObjectFlags": 41,
      "Properties": {
        "StaticMesh": 20,
        "bUseDefaultCollision": true,
        "OverrideMaterials": [
          -1,
          -1
        ],
        "bGenerateOverlapEvents": false,
        "BodyInstance": {
          "ObjectType": "ECC_WorldStatic",
          "CollisionProfileName": "BlockAll",
          "CollisionResponses": {
            "ResponseArray": [
              {
                "Channel": "Usable",
                "Response": "ECR_Block"
              },
              {
                "Channel": "LedgeGrab",
                "Response": "ECR_Block"
              },
              {
                "Channel": "TerrainPenetratingHitScan",
                "Response": "ECR_Block"
              }
            ]
          }
        },
        "RelativeLocation": {
          "X": 1.6700478,
          "Y": -1.7816238,
          "Z": 0.22954798
        },
        "RelativeScale3D": {
          "X": 0.65,
          "Y": 0.65,
          "Z": 0.65
        },
        "$ReferencedObjects": [
          20,
          -1
        ]
      }
    }
  ]
}