{
  "AssetClass": "Blueprint",
  "AssetPackage": "/Game/Art/Environments/Holiday_Halloween/BP_Halloween_Ghost",
  "AssetName": "BP_Halloween_Ghost",
  "AssetSerializedData": {
    "SkipDependecies": false,
    "SuperStruct": 7,
    "Children": [
      {
        "FieldKind": "Function",
        "ObjectClass": "Function",
        "ObjectName": "BndEvt__BP_SummerEvent_PalmTree_InstantUsable_K2Node_ComponentBoundEvent_0_UsedBySignature__DelegateSignature",
        "SuperStruct": -1,
        "Children": [],
        "ChildProperties": [
          {
            "FieldKind": "Property",
            "ObjectClass": "ObjectProperty",
            "ObjectName": "user",
            "ArrayDim": 1,
            "PropertyFlags": "148",
            "RepNotifyFunc": "None",
            "BlueprintReplicationCondition": 0,
            "PropertyClass": 20
          },
          {
            "FieldKind": "Property",
            "ObjectClass": "EnumProperty",
            "ObjectName": "key",
            "ArrayDim": 1,
            "PropertyFlags": "148",
            "RepNotifyFunc": "None",
            "BlueprintReplicationCondition": 0,
            "Enum": 23,
            "UnderlyingProp": {
              "ObjectClass": "ByteProperty",
              "ObjectName": "UnderlyingType",
              "ArrayDim": 1,
              "PropertyFlags": "0",
              "RepNotifyFunc": "None",
              "BlueprintReplicationCondition": 0,
              "Enum": -1
            }
          }
        ],
        "Script": [
          {
            "Inst": "LetValueOnPersistentFrame",
            "PropertyName": "K2Node_ComponentBoundEvent_user",
            "PropertyType": {
              "PinCategory": "Object",
              "PinSubCategory": "Object",
              "PinSubCategoryObject": "/Script/FSD.PlayerCharacter"
            },
            "Expression": {
              "Inst": "LocalVariable",
              "VariableType": {
                "PinCategory": "Object",
                "PinSubCategory": "Object",
                "PinSubCategoryObject": "/Script/FSD.PlayerCharacter"
              },
              "VariableName": "user"
            },
            "StatementIndex": 0
          },
          {
            "Inst": "LetValueOnPersistentFrame",
            "PropertyName": "K2Node_ComponentBoundEvent_key",
            "PropertyType": {
              "PinCategory": "byte",
              "PinSubCategory": "byte",
              "PinSubCategoryObject": "/Script/FSD.EInputKeys"
            },
            "Expression": {
              "Inst": "LocalVariable",
              "VariableType": {
                "PinCategory": "byte",
                "PinSubCategory": "byte",
                "PinSubCategoryObject": "/Script/FSD.EInputKeys"
              },
              "VariableName": "key"
            },
            "StatementIndex": 18
          },
          {
            "Inst": "LocalFinalFunction",
            "Function": "ExecuteUbergraph_BP_Halloween_Ghost",
            "Parameters": [
              {
                "Inst": "IntConst",
                "Value": 286
              }
            ],
            "StatementIndex": 36
          },
          {
            "Inst": "Return",
            "Expression": {
              "Inst": "Nothing"
            },
            "StatementIndex": 51
          },
          {
            "Inst": "EndOfScript",
            "StatementIndex": 53
          }
        ],
        "FunctionFlags": "134217728"
      },
      {
        "FieldKind": "Function",
        "ObjectClass": "Function",
        "ObjectName": "ImpulseSlapGhost",
        "SuperStruct": -1,
        "Children": [],
        "ChildProperties": [
          {
            "FieldKind": "Property",
            "ObjectClass": "StructProperty",
            "ObjectName": "PlayerPosition",
            "ArrayDim": 1,
            "PropertyFlags": "148",
            "RepNotifyFunc": "None",
            "BlueprintReplicationCondition": 0,
            "Struct": 45
          }
        ],
        "Script": [
          {
            "Inst": "LetValueOnPersistentFrame",
            "PropertyName": "K2Node_CustomEvent_PlayerPosition",
            "PropertyType": {
              "PinCategory": "Struct",
              "PinSubCategory": "Struct",
              "PinSubCategoryObject": "/Script/Engine.Vector_NetQuantize"
            },
            "Expression": {
              "Inst": "LocalVariable",
              "VariableType": {
                "PinCategory": "Struct",
                "PinSubCategory": "Struct",
                "PinSubCategoryObject": "/Script/Engine.Vector_NetQuantize"
              },
              "VariableName": "PlayerPosition"
            },
            "StatementIndex": 0
          },
          {
            "Inst": "LocalFinalFunction",
            "Function": "ExecuteUbergraph_BP_Halloween_Ghost",
            "Parameters": [
              {
                "Inst": "IntConst",
                "Value": 397
              }
            ],
            "StatementIndex": 18
          },
          {
            "Inst": "Return",
            "Expression": {
              "Inst": "Nothing"
            },
            "StatementIndex": 33
          },
          {
            "Inst": "EndOfScript",
            "StatementIndex": 35
          }
        ],
        "FunctionFlags": "201343040"
      },
      {
        "FieldKind": "Function",
        "ObjectClass": "Function",
        "ObjectName": "ExecuteUbergraph_BP_Halloween_Ghost",
        "SuperStruct": -1,
        "Children": [],
        "ChildProperties": [
          {
            "FieldKind": "Property",
            "ObjectClass": "IntProperty",
            "ObjectName": "EntryPoint",
            "ArrayDim": 1,
            "PropertyFlags": "148",
            "RepNotifyFunc": "None",
            "BlueprintReplicationCondition": 0
          },
          {
            "FieldKind": "Property",
            "ObjectClass": "ObjectProperty",
            "ObjectName": "K2Node_ComponentBoundEvent_user",
            "ArrayDim": 1,
            "PropertyFlags": "0",
            "RepNotifyFunc": "None",
            "BlueprintReplicationCondition": 0,
            "PropertyClass": 20
          },
          {
            "FieldKind": "Property",
            "ObjectClass": "EnumProperty",
            "ObjectName": "K2Node_ComponentBoundEvent_key",
            "ArrayDim": 1,
            "PropertyFlags": "0",
            "RepNotifyFunc": "None",
            "BlueprintReplicationCondition": 0,
            "Enum": 23,
            "UnderlyingProp": {
              "ObjectClass": "ByteProperty",
              "ObjectName": "UnderlyingType",
              "ArrayDim": 1,
              "PropertyFlags": "0",
              "RepNotifyFunc": "None",
              "BlueprintReplicationCondition": 0,
              "Enum": -1
            }
          },
          {
            "FieldKind": "Property",
            "ObjectClass": "StructProperty",
            "ObjectName": "CallFunc_K2_GetActorLocation_ReturnValue",
            "ArrayDim": 1,
            "PropertyFlags": "0",
            "RepNotifyFunc": "None",
            "BlueprintReplicationCondition": 0,
            "Struct": 42
          },
          {
            "FieldKind": "Property",
            "ObjectClass": "StructProperty",
            "ObjectName": "CallFunc_K2_GetActorLocation_ReturnValue_1",
            "ArrayDim": 1,
            "PropertyFlags": "0",
            "RepNotifyFunc": "None",
            "BlueprintReplicationCondition": 0,
            "Struct": 42
          },
          {
            "FieldKind": "Property",
            "ObjectClass": "StructProperty",
            "ObjectName": "CallFunc_VectorToNetQuantize_ReturnValue",
            "ArrayDim": 1,
            "PropertyFlags": "0",
            "RepNotifyFunc": "None",
            "BlueprintReplicationCondition": 0,
            "Struct": 45
          },
          {
            "FieldKind": "Property",
            "ObjectClass": "StructProperty",
            "ObjectName": "K2Node_CustomEvent_PlayerPosition",
            "ArrayDim": 1,
            "PropertyFlags": "0",
            "RepNotifyFunc": "None",
            "BlueprintReplicationCondition": 0,
            "Struct": 45
          },
          {
            "FieldKind": "Property",
            "ObjectClass": "StructProperty",
            "ObjectName": "CallFunc_Subtract_VectorVector_ReturnValue",
            "ArrayDim": 1,
            "PropertyFlags": "0",
            "RepNotifyFunc": "None",
            "BlueprintReplicationCondition": 0,
            "Struct": 42
          },
          {
            "FieldKind": "Property",
            "ObjectClass": "StructProperty",
            "ObjectName": "CallFunc_Normal_ReturnValue",
            "ArrayDim": 1,
            "PropertyFlags": "0",
            "RepNotifyFunc": "None",
            "BlueprintReplicationCondition": 0,
            "Struct": 42
          },
          {
            "FieldKind": "Property",
            "ObjectClass": "StructProperty",
            "ObjectName": "CallFunc_Multiply_VectorFloat_ReturnValue",
            "ArrayDim": 1,
            "PropertyFlags": "0",
            "RepNotifyFunc": "None",
            "BlueprintReplicationCondition": 0,
            "Struct": 42
          }
        ],
        "Script": [
          {
            "Inst": "PushExecutionFlow",
            "Offset": 452,
            "StatementIndex": 0
          },
          {
            "Inst": "ComputedJump",
            "OffsetExpression": {
              "Inst": "LocalVariable",
              "VariableType": {
                "PinCategory": "int",
                "PinSubCategory": "int"
              },
              "VariableName": "EntryPoint"
            },
            "StatementIndex": 5
          },
          {
            "Inst": "Let",
            "Variable": {
              "Inst": "LocalVariable",
              "VariableType": {
                "PinCategory": "Struct",
                "PinSubCategory": "Struct",
                "PinSubCategoryObject": "/Script/CoreUObject.Vector"
              },
              "VariableName": "CallFunc_K2_GetActorLocation_ReturnValue"
            },
            "Expression": {
              "Inst": "FinalFunction",
              "Function": "K2_GetActorLocation",
              "Parameters": []
            },
            "StatementIndex": 15
          },
          {
            "Inst": "Let",
            "Variable": {
              "Inst": "LocalVariable",
              "VariableType": {
                "PinCategory": "Struct",
                "PinSubCategory": "Struct",
                "PinSubCategoryObject": "/Script/CoreUObject.Vector"
              },
              "VariableName": "CallFunc_Subtract_VectorVector_ReturnValue"
            },
            "Expression": {
              "Inst": "CallMath",
              "Function": "Subtract_VectorVector",
              "ContextClass": "/Script/Engine.KismetMathLibrary",
              "Parameters": [
                {
                  "Inst": "LocalVariable",
                  "VariableType": {
                    "PinCategory": "Struct",
                    "PinSubCategory": "Struct",
                    "PinSubCategoryObject": "/Script/Engine.Vector_NetQuantize"
                  },
                  "VariableName": "K2Node_CustomEvent_PlayerPosition"
                },
                {
                  "Inst": "LocalVariable",
                  "VariableType": {
                    "PinCategory": "Struct",
                    "PinSubCategory": "Struct",
                    "PinSubCategoryObject": "/Script/CoreUObject.Vector"
                  },
                  "VariableName": "CallFunc_K2_GetActorLocation_ReturnValue"
                }
              ]
            },
            "StatementIndex": 43
          },
          {
            "Inst": "Let",
            "Variable": {
              "Inst": "LocalVariable",
              "VariableType": {
                "PinCategory": "Struct",
                "PinSubCategory": "Struct",
                "PinSubCategoryObject": "/Script/CoreUObject.Vector"
              },
              "VariableName": "CallFunc_Normal_ReturnValue"
            },
            "Expression": {
              "Inst": "CallMath",
              "Function": "Normal",
              "ContextClass": "/Script/Engine.KismetMathLibrary",
              "Parameters": [
                {
                  "Inst": "LocalVariable",
                  "VariableType": {
                    "PinCategory": "Struct",
                    "PinSubCategory": "Struct",
                    "PinSubCategoryObject": "/Script/CoreUObject.Vector"
                  },
                  "VariableName": "CallFunc_Subtract_VectorVector_ReturnValue"
                },
                {
                  "Inst": "FloatConst",
                  "Value": 0.0001
                }
              ]
            },
            "StatementIndex": 89
          },
          {
            "Inst": "Let",
            "Variable": {
              "Inst": "LocalVariable",
              "VariableType": {
                "PinCategory": "Struct",
                "PinSubCategory": "Struct",
                "PinSubCategoryObject": "/Script/CoreUObject.Vector"
              },
              "VariableName": "CallFunc_Multiply_VectorFloat_ReturnValue"
            },
            "Expression": {
              "Inst": "CallMath",
              "Function": "Multiply_VectorFloat",
              "ContextClass": "/Script/Engine.KismetMathLibrary",
              "Parameters": [
                {
                  "Inst": "LocalVariable",
                  "VariableType": {
                    "PinCategory": "Struct",
                    "PinSubCategory": "Struct",
                    "PinSubCategoryObject": "/Script/CoreUObject.Vector"
                  },
                  "VariableName": "CallFunc_Normal_ReturnValue"
                },
                {
                  "Inst": "InstanceVariable",
                  "VariableType": {
                    "PinCategory": "Float",
                    "PinSubCategory": "Float"
                  },
                  "VariableName": "SlapStrength"
                }
              ]
            },
            "StatementIndex": 131
          },
          {
            "Inst": "Context",
            "Context": {
              "Inst": "InstanceVariable",
              "VariableType": {
                "PinCategory": "Object",
                "PinSubCategory": "Object",
                "PinSubCategoryObject": "/Script/Engine.SkeletalMeshComponent"
              },
              "VariableName": "SK_Halloween_Ghost_01"
            },
            "SkipOffsetForNull": 45,
            "Expression": {
              "Inst": "VirtualFunction",
              "Function": "AddImpulseAtLocation",
              "Parameters": [
                {
                  "Inst": "LocalVariable",
                  "VariableType": {
                    "PinCategory": "Struct",
                    "PinSubCategory": "Struct",
                    "PinSubCategoryObject": "/Script/CoreUObject.Vector"
                  },
                  "VariableName": "CallFunc_Multiply_VectorFloat_ReturnValue"
                },
                {
                  "Inst": "LocalVariable",
                  "VariableType": {
                    "PinCategory": "Struct",
                    "PinSubCategory": "Struct",
                    "PinSubCategoryObject": "/Script/Engine.Vector_NetQuantize"
                  },
                  "VariableName": "K2Node_CustomEvent_PlayerPosition"
                },
                {
                  "Inst": "NameConst",
                  "Value": "Ghost_05"
                }
              ]
            },
            "StatementIndex": 177
          },
          {
            "Inst": "Context",
            "Context": {
              "Inst": "InstanceVariable",
              "VariableType": {
                "PinCategory": "Object",
                "PinSubCategory": "Object",
                "PinSubCategoryObject": "/Script/Engine.AudioComponent"
              },
              "VariableName": "GhostLaugh_Cue"
            },
            "SkipOffsetForNull": 19,
            "Expression": {
              "Inst": "VirtualFunction",
              "Function": "Play",
              "Parameters": [
                {
                  "Inst": "FloatConst",
                  "Value": 0.0
                }
              ]
            },
            "StatementIndex": 244
          },
          {
            "Inst": "PopExecutionFlow",
            "StatementIndex": 285
          },
          {
            "Inst": "Let",
            "Variable": {
              "Inst": "LocalVariable",
              "VariableType": {
                "PinCategory": "Struct",
                "PinSubCategory": "Struct",
                "PinSubCategoryObject": "/Script/CoreUObject.Vector"
              },
              "VariableName": "CallFunc_K2_GetActorLocation_ReturnValue_1"
            },
            "Expression": {
              "Inst": "Context",
              "Context": {
                "Inst": "LocalVariable",
                "VariableType": {
                  "PinCategory": "Object",
                  "PinSubCategory": "Object",
                  "PinSubCategoryObject": "/Script/FSD.PlayerCharacter"
                },
                "VariableName": "K2Node_ComponentBoundEvent_user"
              },
              "SkipOffsetForNull": 10,
              "RValuePropertyType": {
                "PinCategory": "Struct",
                "PinSubCategory": "Struct",
                "PinSubCategoryObject": "/Script/CoreUObject.Vector"
              },
              "RValuePropertyName": "CallFunc_K2_GetActorLocation_ReturnValue_1",
              "Expression": {
                "Inst": "FinalFunction",
                "Function": "K2_GetActorLocation",
                "Parameters": []
              }
            },
            "StatementIndex": 286
          },
          {
            "Inst": "Let",
            "Variable": {
              "Inst": "LocalVariable",
              "VariableType": {
                "PinCategory": "Struct",
                "PinSubCategory": "Struct",
                "PinSubCategoryObject": "/Script/Engine.Vector_NetQuantize"
              },
              "VariableName": "CallFunc_VectorToNetQuantize_ReturnValue"
            },
            "Expression": {
              "Inst": "CallMath",
              "Function": "VectorToNetQuantize",
              "ContextClass": "/Script/FSD.FSDConversionLibrary",
              "Parameters": [
                {
                  "Inst": "LocalVariable",
                  "VariableType": {
                    "PinCategory": "Struct",
                    "PinSubCategory": "Struct",
                    "PinSubCategoryObject": "/Script/CoreUObject.Vector"
                  },
                  "VariableName": "CallFunc_K2_GetActorLocation_ReturnValue_1"
                }
              ]
            },
            "StatementIndex": 336
          },
          {
            "Inst": "VirtualFunction",
            "Function": "ImpulseSlapGhost",
            "Parameters": [
              {
                "Inst": "LocalVariable",
                "VariableType": {
                  "PinCategory": "Struct",
                  "PinSubCategory": "Struct",
                  "PinSubCategoryObject": "/Script/Engine.Vector_NetQuantize"
                },
                "VariableName": "CallFunc_VectorToNetQuantize_ReturnValue"
              }
            ],
            "StatementIndex": 373
          },
          {
            "Inst": "PopExecutionFlow",
            "StatementIndex": 396
          },
          {
            "Inst": "CallMath",
            "Function": "Delay",
            "ContextClass": "/Script/Engine.KismetSystemLibrary",
            "Parameters": [
              {
                "Inst": "Self"
              },
              {
                "Inst": "FloatConst",
                "Value": 0.2
              },
              {
                "Inst": "StructConst",
                "Struct": "/Script/Engine.LatentActionInfo",
                "Properties": {
                  "Missing property name0": [
                    {
                      "Inst": "SkipOffsetConst",
                      "Value": 15
                    }
                  ],
                  "Missing property name1": [
                    {
                      "Inst": "IntConst",
                      "Value": -893645152
                    }
                  ],
                  "Missing property name2": [
                    {
                      "Inst": "NameConst",
                      "Value": "ExecuteUbergraph_BP_Halloween_Ghost"
                    }
                  ],
                  "Missing property name3": [
                    {
                      "Inst": "Self"
                    }
                  ]
                }
              }
            ],
            "StatementIndex": 397
          },
          {
            "Inst": "PopExecutionFlow",
            "StatementIndex": 451
          },
          {
            "Inst": "Return",
            "Expression": {
              "Inst": "Nothing"
            },
            "StatementIndex": 452
          },
          {
            "Inst": "EndOfScript",
            "StatementIndex": 454
          }
        ],
        "FunctionFlags": "8421377"
      }
    ],
    "ChildProperties": [
      {
        "FieldKind": "Property",
        "ObjectClass": "StructProperty",
        "ObjectName": "UberGraphFrame",
        "ArrayDim": 1,
        "PropertyFlags": "2105344",
        "RepNotifyFunc": "None",
        "BlueprintReplicationCondition": 0,
        "Struct": 44
      },
      {
        "FieldKind": "Property",
        "ObjectClass": "ObjectProperty",
        "ObjectName": "GhostLaugh_Cue",
        "ArrayDim": 1,
        "PropertyFlags": "17180393476",
        "RepNotifyFunc": "None",
        "BlueprintReplicationCondition": 0,
        "PropertyClass": 8
      },
      {
        "FieldKind": "Property",
        "ObjectClass": "ObjectProperty",
        "ObjectName": "InstantUsable",
        "ArrayDim": 1,
        "PropertyFlags": "17180393476",
        "RepNotifyFunc": "None",
        "BlueprintReplicationCondition": 0,
        "PropertyClass": 19
      },
      {
        "FieldKind": "Property",
        "ObjectClass": "ObjectProperty",
        "ObjectName": "SlapBox",
        "ArrayDim": 1,
        "PropertyFlags": "17180393476",
        "RepNotifyFunc": "None",
        "BlueprintReplicationCondition": 0,
        "PropertyClass": 10
      },
      {
        "FieldKind": "Property",
        "ObjectClass": "ObjectProperty",
        "ObjectName": "SK_Halloween_Ghost_01",
        "ArrayDim": 1,
        "PropertyFlags": "17180393476",
        "RepNotifyFunc": "None",
        "BlueprintReplicationCondition": 0,
        "PropertyClass": 17
      },
      {
        "FieldKind": "Property",
        "ObjectClass": "ObjectProperty",
        "ObjectName": "DefaultSceneRoot",
        "ArrayDim": 1,
        "PropertyFlags": "17180393476",
        "RepNotifyFunc": "None",
        "BlueprintReplicationCondition": 0,
        "PropertyClass": 14
      },
      {
        "FieldKind": "Property",
        "ObjectClass": "FloatProperty",
        "ObjectName": "SlapStrength",
        "ArrayDim": 1,
        "PropertyFlags": "65541",
        "RepNotifyFunc": "None",
        "BlueprintReplicationCondition": 0
      }
    ],
    "ClassFlags": "8652820",
    "ClassWithin": 6,
    "ClassConfigName": "Engine",
    "Interfaces": [],
    "ClassDefaultObject": 54,
    "AssetObjectData": {
      "DynamicBindingObjects": [
        57
      ],
      "SimpleConstructionScript": 65,
      "$ReferencedObjects": [
        57,
        65
      ]
    },
    "GeneratedVariableNames": [
      "DefaultSceneRoot",
      "SK_Halloween_Ghost_01",
      "SlapBox",
      "InstantUsable",
      "GhostLaugh_Cue"
    ]
  },
  "ObjectHierarchy": [
    {
      "ObjectIndex": 0,
      "Type": "Import",
      "ClassPackage": "/Script/Engine",
      "ClassName": "Actor",
      "Outer": 38,
      "ObjectName": "Default__Actor"
    },
    {
      "ObjectIndex": 1,
      "Type": "Import",
      "ClassPackage": "/Script/Engine",
      "ClassName": "AudioComponent",
      "Outer": 38,
      "ObjectName": "Default__AudioComponent"
    },
    {
      "ObjectIndex": 2,
      "Type": "Import",
      "ClassPackage": "/Script/Engine",
      "ClassName": "BlueprintGeneratedClass",
      "Outer": 38,
      "ObjectName": "Default__BlueprintGeneratedClass"
    },
    {
      "ObjectIndex": 3,
      "Type": "Import",
      "ClassPackage": "/Script/Engine",
      "ClassName": "BoxComponent",
      "Outer": 38,
      "ObjectName": "Default__BoxComponent"
    },
    {
      "ObjectIndex": 4,
      "Type": "Import",
      "ClassPackage": "/Script/CoreUObject",
      "ClassName": "Class",
      "Outer": 36,
      "ObjectName": "ClothingSimulationFactoryNv"
    },
    {
      "ObjectIndex": 5,
      "Type": "Import",
      "ClassPackage": "/Script/CoreUObject",
      "ClassName": "Class",
      "Outer": 37,
      "ObjectName": "Function"
    },
    {
      "ObjectIndex": 6,
      "Type": "Import",
      "ClassPackage": "/Script/CoreUObject",
      "ClassName": "Class",
      "Outer": 37,
      "ObjectName": "Object"
    },
    {
      "ObjectIndex": 7,
      "Type": "Import",
      "ClassPackage": "/Script/CoreUObject",
      "ClassName": "Class",
      "Outer": 38,
      "ObjectName": "Actor"
    },
    {
      "ObjectIndex": 8,
      "Type": "Import",
      "ClassPackage": "/Script/CoreUObject",
      "ClassName": "Class",
      "Outer": 38,
      "ObjectName": "AudioComponent"
    },
    {
      "ObjectIndex": 9,
      "Type": "Import",
      "ClassPackage": "/Script/CoreUObject",
      "ClassName": "Class",
      "Outer": 38,
      "ObjectName": "BlueprintGeneratedClass"
    },
    {
      "ObjectIndex": 10,
      "Type": "Import",
      "ClassPackage": "/Script/CoreUObject",
      "ClassName": "Class",
      "Outer": 38,
      "ObjectName": "BoxComponent"
    },
    {
      "ObjectIndex": 11,
      "Type": "Import",
      "ClassPackage": "/Script/CoreUObject",
      "ClassName": "Class",
      "Outer": 38,
      "ObjectName": "ComponentDelegateBinding"
    },
    {
      "ObjectIndex": 12,
      "Type": "Import",
      "ClassPackage": "/Script/CoreUObject",
      "ClassName": "Class",
      "Outer": 38,
      "ObjectName": "KismetMathLibrary"
    },
    {
      "ObjectIndex": 13,
      "Type": "Import",
      "ClassPackage": "/Script/CoreUObject",
      "ClassName": "Class",
      "Outer": 38,
      "ObjectName": "KismetSystemLibrary"
    },
    {
      "ObjectIndex": 14,
      "Type": "Import",
      "ClassPackage": "/Script/CoreUObject",
      "ClassName": "Class",
      "Outer": 38,
      "ObjectName": "SceneComponent"
    },
    {
      "ObjectIndex": 15,
      "Type": "Import",
      "ClassPackage": "/Script/CoreUObject",
      "ClassName": "Class",
      "Outer": 38,
      "ObjectName": "SCS_Node"
    },
    {
      "ObjectIndex": 16,
      "Type": "Import",
      "ClassPackage": "/Script/CoreUObject",
      "ClassName": "Class",
      "Outer": 38,
      "ObjectName": "SimpleConstructionScript"
    },
    {
      "ObjectIndex": 17,
      "Type": "Import",
      "ClassPackage": "/Script/CoreUObject",
      "ClassName": "Class",
      "Outer": 38,
      "ObjectName": "SkeletalMeshComponent"
    },
    {
      "ObjectIndex": 18,
      "Type": "Import",
      "ClassPackage": "/Script/CoreUObject",
      "ClassName": "Class",
      "Outer": 39,
      "ObjectName": "FSDConversionLibrary"
    },
    {
      "ObjectIndex": 19,
      "Type": "Import",
      "ClassPackage": "/Script/CoreUObject",
      "ClassName": "Class",
      "Outer": 39,
      "ObjectName": "InstantUsable"
    },
    {
      "ObjectIndex": 20,
      "Type": "Import",
      "ClassPackage": "/Script/CoreUObject",
      "ClassName": "Class",
      "Outer": 39,
      "ObjectName": "PlayerCharacter"
    },
    {
      "ObjectIndex": 21,
      "Type": "Import",
      "ClassPackage": "/Script/CoreUObject",
      "ClassName": "Class",
      "Outer": 40,
      "ObjectName": "NavArea_Obstacle"
    },
    {
      "ObjectIndex": 22,
      "Type": "Import",
      "ClassPackage": "/Script/Engine",
      "ClassName": "ComponentDelegateBinding",
      "Outer": 38,
      "ObjectName": "Default__ComponentDelegateBinding"
    },
    {
      "ObjectIndex": 23,
      "Type": "Import",
      "ClassPackage": "/Script/CoreUObject",
      "ClassName": "Enum",
      "Outer": 39,
      "ObjectName": "EInputKeys"
    },
    {
      "ObjectIndex": 24,
      "Type": "Import",
      "ClassPackage": "/Script/CoreUObject",
      "ClassName": "Function",
      "Outer": 37,
      "ObjectName": "Default__Function"
    },
    {
      "ObjectIndex": 25,
      "Type": "Import",
      "ClassPackage": "/Script/CoreUObject",
      "ClassName": "Function",
      "Outer": 7,
      "ObjectName": "K2_GetActorLocation"
    },
    {
      "ObjectIndex": 26,
      "Type": "Import",
      "ClassPackage": "/Script/CoreUObject",
      "ClassName": "Function",
      "Outer": 12,
      "ObjectName": "Multiply_VectorFloat"
    },
    {
      "ObjectIndex": 27,
      "Type": "Import",
      "ClassPackage": "/Script/CoreUObject",
      "ClassName": "Function",
      "Outer": 12,
      "ObjectName": "Normal"
    },
    {
      "ObjectIndex": 28,
      "Type": "Import",
      "ClassPackage": "/Script/CoreUObject",
      "ClassName": "Function",
      "Outer": 12,
      "ObjectName": "Subtract_VectorVector"
    },
    {
      "ObjectIndex": 29,
      "Type": "Import",
      "ClassPackage": "/Script/CoreUObject",
      "ClassName": "Function",
      "Outer": 13,
      "ObjectName": "Delay"
    },
    {
      "ObjectIndex": 30,
      "Type": "Import",
      "ClassPackage": "/Script/CoreUObject",
      "ClassName": "Function",
      "Outer": 18,
      "ObjectName": "VectorToNetQuantize"
    },
    {
      "ObjectIndex": 31,
      "Type": "Import",
      "ClassPackage": "/Script/FSD",
      "ClassName": "InstantUsable",
      "Outer": 39,
      "ObjectName": "Default__InstantUsable"
    },
    {
      "ObjectIndex": 32,
      "Type": "Import",
      "ClassPackage": "/Script/CoreUObject",
      "ClassName": "Package",
      "ObjectName": "/Game/Art/Environments/Holiday_Halloween/SK_Halloween_Ghost_01"
    },
    {
      "ObjectIndex": 33,
      "Type": "Import",
      "ClassPackage": "/Script/CoreUObject",
      "ClassName": "Package",
      "ObjectName": "/Game/Audio/SFX/OctoberFest/GhostLaugh_Cue"
    },
    {
      "ObjectIndex": 34,
      "Type": "Import",
      "ClassPackage": "/Script/CoreUObject",
      "ClassName": "Package",
      "ObjectName": "/Game/Character/UseConditions/UC_Set_Gesture"
    },
    {
      "ObjectIndex": 35,
      "Type": "Import",
      "ClassPackage": "/Script/CoreUObject",
      "ClassName": "Package",
      "ObjectName": "/Game/CharacterStructure/UseAnimationSettings/UAS_Slap_Stuff"
    },
    {
      "ObjectIndex": 36,
      "Type": "Import",
      "ClassPackage": "/Script/CoreUObject",
      "ClassName": "Package",
      "ObjectName": "/Script/ClothingSystemRuntimeNv"
    },
    {
      "ObjectIndex": 37,
      "Type": "Import",
      "ClassPackage": "/Script/CoreUObject",
      "ClassName": "Package",
      "ObjectName": "/Script/CoreUObject"
    },
    {
      "ObjectIndex": 38,
      "Type": "Import",
      "ClassPackage": "/Script/CoreUObject",
      "ClassName": "Package",
      "ObjectName": "/Script/Engine"
    },
    {
      "ObjectIndex": 39,
      "Type": "Import",
      "ClassPackage": "/Script/CoreUObject",
      "ClassName": "Package",
      "ObjectName": "/Script/FSD"
    },
    {
      "ObjectIndex": 40,
      "Type": "Import",
      "ClassPackage": "/Script/CoreUObject",
      "ClassName": "Package",
      "ObjectName": "/Script/NavigationSystem"
    },
    {
      "ObjectIndex": 41,
      "Type": "Import",
      "ClassPackage": "/Script/Engine",
      "ClassName": "SceneComponent",
      "Outer": 38,
      "ObjectName": "Default__SceneComponent"
    },
    {
      "ObjectIndex": 42,
      "Type": "Import",
      "ClassPackage": "/Script/CoreUObject",
      "ClassName": "ScriptStruct",
      "Outer": 37,
      "ObjectName": "Vector"
    },
    {
      "ObjectIndex": 43,
      "Type": "Import",
      "ClassPackage": "/Script/CoreUObject",
      "ClassName": "ScriptStruct",
      "Outer": 38,
      "ObjectName": "LatentActionInfo"
    },
    {
      "ObjectIndex": 44,
      "Type": "Import",
      "ClassPackage": "/Script/CoreUObject",
      "ClassName": "ScriptStruct",
      "Outer": 38,
      "ObjectName": "PointerToUberGraphFrame"
    },
    {
      "ObjectIndex": 45,
      "Type": "Import",
      "ClassPackage": "/Script/CoreUObject",
      "ClassName": "ScriptStruct",
      "Outer": 38,
      "ObjectName": "Vector_NetQuantize"
    },
    {
      "ObjectIndex": 46,
      "Type": "Import",
      "ClassPackage": "/Script/Engine",
      "ClassName": "SCS_Node",
      "Outer": 38,
      "ObjectName": "Default__SCS_Node"
    },
    {
      "ObjectIndex": 47,
      "Type": "Import",
      "ClassPackage": "/Script/Engine",
      "ClassName": "SimpleConstructionScript",
      "Outer": 38,
      "ObjectName": "Default__SimpleConstructionScript"
    },
    {
      "ObjectIndex": 48,
      "Type": "Import",
      "ClassPackage": "/Script/Engine",
      "ClassName": "SkeletalMesh",
      "Outer": 32,
      "ObjectName": "SK_Halloween_Ghost_01"
    },
    {
      "ObjectIndex": 49,
      "Type": "Import",
      "ClassPackage": "/Script/Engine",
      "ClassName": "SkeletalMeshComponent",
      "Outer": 38,
      "ObjectName": "Default__SkeletalMeshComponent"
    },
    {
      "ObjectIndex": 50,
      "Type": "Import",
      "ClassPackage": "/Script/Engine",
      "ClassName": "SoundCue",
      "Outer": 33,
      "ObjectName": "GhostLaugh_Cue"
    },
    {
      "ObjectIndex": 51,
      "Type": "Import",
      "ClassPackage": "/Script/FSD",
      "ClassName": "UseAnimationSetting",
      "Outer": 35,
      "ObjectName": "UAS_Slap_Stuff"
    },
    {
      "ObjectIndex": 52,
      "Type": "Import",
      "ClassPackage": "/Script/FSD",
      "ClassName": "UseConditionSet",
      "Outer": 34,
      "ObjectName": "UC_Set_Gesture"
    },
    {
      "ObjectIndex": 53,
      "Type": "Export",
      "ObjectMark": "$AssetObject$"
    },
    {
      "ObjectIndex": 54,
      "Type": "Export",
      "ObjectClass": 53,
      "Outer": -1,
      "ObjectName": "Default__BP_Halloween_Ghost_C",
      "ObjectFlags": 49,
      "Properties": {
        "UberGraphFrame": {},
        "SlapStrength": -250000.0,
        "bReplicateMovement": true,
        "bReplicates": true,
        "$ReferencedObjects": []
      }
    },
    {
      "ObjectIndex": 55,
      "Type": "Export",
      "ObjectClass": 8,
      "Outer": 53,
      "ObjectName": "GhostLaugh_Cue_GEN_VARIABLE",
      "ObjectFlags": 41,
      "Properties": {
        "Sound": 50,
        "bAutoActivate": false,
        "$ReferencedObjects": [
          50
        ]
      }
    },
    {
      "ObjectIndex": 56,
      "Type": "Export",
      "ObjectClass": 10,
      "Outer": 53,
      "ObjectName": "SlapBox_GEN_VARIABLE",
      "ObjectFlags": 41,
      "Properties": {
        "AreaClass": 21,
        "BodyInstance": {
          "ObjectType": "ECC_GameTraceChannel2",
          "CollisionProfileName": "Useable",
          "CollisionResponses": {
            "ResponseArray": [
              {
                "Channel": "WorldStatic",
                "Response": "ECR_Ignore"
              },
              {
                "Channel": "WorldDynamic",
                "Response": "ECR_Ignore"
              },
              {
                "Channel": "Pawn",
                "Response": "ECR_Ignore"
              },
              {
                "Channel": "Visibility",
                "Response": "ECR_Ignore"
              },
              {
                "Channel": "Camera",
                "Response": "ECR_Ignore"
              },
              {
                "Channel": "PhysicsBody",
                "Response": "ECR_Ignore"
              },
              {
                "Channel": "Vehicle",
                "Response": "ECR_Ignore"
              },
              {
                "Channel": "Destructible",
                "Response": "ECR_Ignore"
              },
              {
                "Channel": "Projectile",
                "Response": "ECR_Ignore"
              },
              {
                "Channel": "Useable",
                "Response": "ECR_Block"
              },
              {
                "Channel": "HitScan",
                "Response": "ECR_Ignore"
              },
              {
                "Channel": "AIPawn",
                "Response": "ECR_Ignore"
              },
              {
                "Channel": "Usable",
                "Response": "ECR_Overlap"
              },
              {
                "Channel": "PenetratingHitScan",
                "Response": "ECR_Ignore"
              },
              {
                "Channel": "RadialCheck",
                "Response": "ECR_Ignore"
              },
              {
                "Channel": "LaserPointer",
                "Response": "ECR_Ignore"
              },
              {
                "Channel": "Projectile_NoHit",
                "Response": "ECR_Ignore"
              },
              {
                "Channel": "Ragdoll",
                "Response": "ECR_Ignore"
              },
              {
                "Channel": "TerrainPenetratingHitScan",
                "Response": "ECR_Ignore"
              }
            ]
          }
        },
        "RelativeLocation": {
          "X": -0.00012207031,
          "Y": 3.0517578E-05,
          "Z": -251.88947
        },
        "RelativeScale3D": {
          "X": 1.1315943,
          "Y": 0.9700793,
          "Z": 2.2604864
        },
        "$ReferencedObjects": [
          21
        ]
      }
    },
    {
      "ObjectIndex": 57,
      "Type": "Export",
      "ObjectClass": 11,
      "Outer": 53,
      "ObjectName": "ComponentDelegateBinding_0",
      "ObjectFlags": 0,
      "Properties": {
        "ComponentDelegateBindings": [
          {
            "ComponentPropertyName": "InstantUsable",
            "DelegatePropertyName": "OnUsedBy",
            "FunctionNameToBind": "BndEvt__BP_SummerEvent_PalmTree_InstantUsable_K2Node_ComponentBoundEvent_0_UsedBySignature__DelegateSignature"
          }
        ],
        "$ReferencedObjects": []
      }
    },
    {
      "ObjectIndex": 58,
      "Type": "Export",
      "ObjectClass": 19,
      "Outer": 53,
      "ObjectName": "InstantUsable_GEN_VARIABLE",
      "ObjectFlags": 41,
      "Properties": {
        "Usable": true,
        "UseText": "NSLOCTEXT(\"\" , \"7DC7EE0A435E27B8704463987DC00A5A\" , \"Slap\")",
        "UseCooldown": 0.2,
        "AnimationSettings": 51,
        "Priority": 2,
        "UseConditions": 52,
        "$ReferencedObjects": [
          51,
          52
        ]
      }
    },
    {
      "ObjectIndex": 59,
      "Type": "Export",
      "ObjectClass": 14,
      "Outer": 53,
      "ObjectName": "DefaultSceneRoot_GEN_VARIABLE",
      "ObjectFlags": 41,
      "Properties": {
        "$ReferencedObjects": []
      }
    },
    {
      "ObjectIndex": 60,
      "Type": "Export",
      "ObjectClass": 15,
      "Outer": 65,
      "ObjectName": "SCS_Node_0",
      "ObjectFlags": 8,
      "Properties": {
        "ComponentClass": 14,
        "ComponentTemplate": 59,
        "ChildNodes": [
          61
        ],
        "VariableGuid": {
          "A": -691763658,
          "B": 1087047044,
          "C": -1503810142,
          "D": -1389600239
        },
        "InternalVariableName": "DefaultSceneRoot",
        "$ReferencedObjects": [
          14,
          59,
          61
        ]
      }
    },
    {
      "ObjectIndex": 61,
      "Type": "Export",
      "ObjectClass": 15,
      "Outer": 65,
      "ObjectName": "SCS_Node_1",
      "ObjectFlags": 8,
      "Properties": {
        "ComponentClass": 17,
        "ComponentTemplate": 66,
        "ChildNodes": [
          62,
          64
        ],
        "VariableGuid": {
          "A": -2005173235,
          "B": 1201042015,
          "C": 579250816,
          "D": -1717621142
        },
        "InternalVariableName": "SK_Halloween_Ghost_01",
        "$ReferencedObjects": [
          17,
          66,
          62,
          64
        ]
      }
    },
    {
      "ObjectIndex": 62,
      "Type": "Export",
      "ObjectClass": 15,
      "Outer": 65,
      "ObjectName": "SCS_Node_2",
      "ObjectFlags": 8,
      "Properties": {
        "ComponentClass": 10,
        "ComponentTemplate": 56,
        "VariableGuid": {
          "A": -795152426,
          "B": 1101995383,
          "C": -492549745,
          "D": -1370304361
        },
        "InternalVariableName": "SlapBox",
        "$ReferencedObjects": [
          10,
          56
        ]
      }
    },
    {
      "ObjectIndex": 63,
      "Type": "Export",
      "ObjectClass": 15,
      "Outer": 65,
      "ObjectName": "SCS_Node_3",
      "ObjectFlags": 8,
      "Properties": {
        "ComponentClass": 19,
        "ComponentTemplate": 58,
        "VariableGuid": {
          "A": 1134564431,
          "B": 1250041565,
          "C": -471821952,
          "D": -785233747
        },
        "InternalVariableName": "InstantUsable",
        "$ReferencedObjects": [
          19,
          58
        ]
      }
    },
    {
      "ObjectIndex": 64,
      "Type": "Export",
      "ObjectClass": 15,
      "Outer": 65,
      "ObjectName": "SCS_Node_4",
      "ObjectFlags": 8,
      "Properties": {
        "ComponentClass": 8,
        "ComponentTemplate": 55,
        "AttachToName": "Ghost_04",
        "VariableGuid": {
          "A": -260239908,
          "B": 1231034719,
          "C": 194336424,
          "D": -77416686
        },
        "InternalVariableName": "GhostLaugh_Cue",
        "$ReferencedObjects": [
          8,
          55
        ]
      }
    },
    {
      "ObjectIndex": 65,
      "Type": "Export",
      "ObjectClass": 16,
      "Outer": 53,
      "ObjectName": "SimpleConstructionScript_0",
      "ObjectFlags": 8,
      "Properties": {
        "RootNodes": [
          60,
          63
        ],
        "AllNodes": [
          60,
          61,
          62,
          63,
          64
        ],
        "DefaultSceneRootNode": 60,
        "$ReferencedObjects": [
          60,
          63,
          61,
          62,
          64
        ]
      }
    },
    {
      "ObjectIndex": 66,
      "Type": "Export",
      "ObjectClass": 17,
      "Outer": 53,
      "ObjectName": "SK_Halloween_Ghost_01_GEN_VARIABLE",
      "ObjectFlags": 41,
      "Properties": {
        "ClothingSimulationFactory": 4,
        "SkeletalMesh": 48,
        "BodyInstance": {
          "ObjectType": "ECC_PhysicsBody",
          "CollisionEnabled": "ECollisionEnabled::QueryAndPhysics",
          "bNotifyRigidBodyCollision": true,
          "CollisionProfileName": "PhysicsActor",
          "CollisionResponses": {
            "ResponseArray": [
              {
                "Channel": "PenetratingHitScan",
                "Response": "ECR_Overlap"
              },
              {
                "Channel": "RadialCheck",
                "Response": "ECR_Ignore"
              }
            ]
          }
        },
        "$ReferencedObjects": [
          4,
          48
        ]
      }
    }
  ]
}