{
  "AssetClass": "SimpleAsset",
  "AssetPackage": "/Game/Art/Environments/Holiday_Halloween/FM_Pumpkin",
  "AssetName": "FM_Pumpkin",
  "AssetSerializedData": {
    "SkipDependecies": true,
    "AssetClass": "/Script/FSD.FSDPhysicalMaterial",
    "AssetObjectData": {
      "ImpactParticles": 6,
      "ImpactSound": 8,
      "FootstepSound": 7,
      "Friction": 0.01,
      "Restitution": 1.0,
      "$ReferencedObjects": [
        6,
        8,
        7
      ]
    }
  },
  "ObjectHierarchy": [
    {
      "ObjectIndex": 0,
      "Type": "Import",
      "ClassPackage": "/Script/CoreUObject",
      "ClassName": "Class",
      "Outer": 5,
      "ObjectName": "FSDPhysicalMaterial"
    },
    {
      "ObjectIndex": 1,
      "Type": "Import",
      "ClassPackage": "/Script/FSD",
      "ClassName": "FSDPhysicalMaterial",
      "Outer": 5,
      "ObjectName": "Default__FSDPhysicalMaterial"
    },
    {
      "ObjectIndex": 2,
      "Type": "Import",
      "ClassPackage": "/Script/CoreUObject",
      "ClassName": "Package",
      "ObjectName": "/Game/Art/Environments/Holiday_Halloween/Particles/P_Pumpkin_Impact"
    },
    {
      "ObjectIndex": 3,
      "Type": "Import",
      "ClassPackage": "/Script/CoreUObject",
      "ClassName": "Package",
      "ObjectName": "/Game/Audio/SFX/Characters/Footsteps/Fungus/Footsteps_Fungus_Cue"
    },
    {
      "ObjectIndex": 4,
      "Type": "Import",
      "ClassPackage": "/Script/CoreUObject",
      "ClassName": "Package",
      "ObjectName": "/Game/Audio/SFX/Environment/Pumpkin_MiningImpact_Cue"
    },
    {
      "ObjectIndex": 5,
      "Type": "Import",
      "ClassPackage": "/Script/CoreUObject",
      "ClassName": "Package",
      "ObjectName": "/Script/FSD"
    },
    {
      "ObjectIndex": 6,
      "Type": "Import",
      "ClassPackage": "/Script/Engine",
      "ClassName": "ParticleSystem",
      "Outer": 2,
      "ObjectName": "P_Pumpkin_Impact"
    },
    {
      "ObjectIndex": 7,
      "Type": "Import",
      "ClassPackage": "/Script/Engine",
      "ClassName": "SoundCue",
      "Outer": 3,
      "ObjectName": "Footsteps_Fungus_Cue"
    },
    {
      "ObjectIndex": 8,
      "Type": "Import",
      "ClassPackage": "/Script/Engine",
      "ClassName": "SoundCue",
      "Outer": 4,
      "ObjectName": "Pumpkin_MiningImpact_Cue"
    },
    {
      "ObjectIndex": 9,
      "Type": "Export",
      "ObjectMark": "$AssetObject$"
    }
  ]
}