{
  "AssetClass": "Skeleton",
  "AssetPackage": "/Game/Art/Environments/Holiday_Halloween/SK_Halloween_Ghost_Skeleton",
  "AssetName": "SK_Halloween_Ghost_Skeleton",
  "AssetSerializedData": {
    "SkipDependecies": false,
    "ReferenceSkeleton": {
      "Bones": [
        {
          "Name": "Ghost_Root",
          "ParentIndex": -1,
          "Index": 0,
          "Pose": "0.000000,0.000000,0.000000|-90.000000,0.000000,90.000000|1.000000,1.000000,1.000000"
        },
        {
          "Name": "Ghost_01",
          "ParentIndex": 0,
          "Index": 1,
          "Pose": "24.906055,0.000000,0.000000|0.000000,-0.000000,0.000000|1.000000,1.000000,1.000000"
        },
        {
          "Name": "Ghost_02",
          "ParentIndex": 1,
          "Index": 2,
          "Pose": "68.158257,0.000000,0.000000|0.000000,-0.000000,0.000000|1.000000,1.000000,1.000000"
        },
        {
          "Name": "Ghost_03",
          "ParentIndex": 2,
          "Index": 3,
          "Pose": "85.855171,0.000000,0.000000|0.000000,-0.000000,0.000000|1.000000,1.000000,1.000000"
        },
        {
          "Name": "Ghost_04",
          "ParentIndex": 3,
          "Index": 4,
          "Pose": "51.955677,0.000000,0.000000|0.000000,-0.000000,0.000000|1.000000,1.000000,1.000000"
        },
        {
          "Name": "Ghost_05",
          "ParentIndex": 4,
          "Index": 5,
          "Pose": "38.763161,0.000000,0.000000|0.000000,-0.000000,0.000000|1.000000,1.000000,1.000000"
        }
      ]
    },
    "AnimRetargetSources": [],
    "BoneTree": [
      0,
      0,
      0,
      0,
      0,
      0
    ],
    "VirtualBones": [],
    "AssetObjectData": {
      "BlendProfiles": [],
      "$ReferencedObjects": []
    }
  },
  "ObjectHierarchy": [
    {
      "ObjectIndex": 0,
      "Type": "Import",
      "ClassPackage": "/Script/CoreUObject",
      "ClassName": "Class",
      "Outer": 1,
      "ObjectName": "Skeleton"
    },
    {
      "ObjectIndex": 1,
      "Type": "Import",
      "ClassPackage": "/Script/CoreUObject",
      "ClassName": "Package",
      "ObjectName": "/Script/Engine"
    },
    {
      "ObjectIndex": 2,
      "Type": "Import",
      "ClassPackage": "/Script/Engine",
      "ClassName": "Skeleton",
      "Outer": 1,
      "ObjectName": "Default__Skeleton"
    },
    {
      "ObjectIndex": 3,
      "Type": "Export",
      "ObjectMark": "$AssetObject$"
    }
  ]
}