{
  "AssetClass": "SimpleAsset",
  "AssetPackage": "/Game/Art/Materials/_MaterialFunctions/MF_CheapContrast2",
  "AssetName": "MF_CheapContrast2",
  "AssetSerializedData": {
    "SkipDependecies": false,
    "AssetClass": "/Script/Engine.MaterialFunction",
    "AssetObjectData": {
      "bExposeToLibrary": true,
      "StateId": {
        "A": -76912871,
        "B": 1315388043,
        "C": -466806854,
        "D": 2058418300
      },
      "$ReferencedObjects": []
    }
  },
  "ObjectHierarchy": [
    {
      "ObjectIndex": 0,
      "Type": "Import",
      "ClassPackage": "/Script/CoreUObject",
      "ClassName": "Class",
      "Outer": 2,
      "ObjectName": "MaterialFunction"
    },
    {
      "ObjectIndex": 1,
      "Type": "Import",
      "ClassPackage": "/Script/Engine",
      "ClassName": "MaterialFunction",
      "Outer": 2,
      "ObjectName": "Default__MaterialFunction"
    },
    {
      "ObjectIndex": 2,
      "Type": "Import",
      "ClassPackage": "/Script/CoreUObject",
      "ClassName": "Package",
      "ObjectName": "/Script/Engine"
    },
    {
      "ObjectIndex": 3,
      "Type": "Export",
      "ObjectMark": "$AssetObject$"
    }
  ]
}