{
  "AssetClass": "SimpleAsset",
  "AssetPackage": "/Game/Art/Materials/_MaterialFunctions/MF_TriplanarWeights",
  "AssetName": "MF_TriplanarWeights",
  "AssetSerializedData": {
    "SkipDependecies": false,
    "AssetClass": "/Script/Engine.MaterialFunction",
    "AssetObjectData": {
      "Description": "Calculate the tri planar weights",
      "bExposeToLibrary": true,
      "StateId": {
        "A": -1733799253,
        "B": 1289761493,
        "C": 1490100364,
        "D": 1185253766
      },
      "$ReferencedObjects": []
    }
  },
  "ObjectHierarchy": [
    {
      "ObjectIndex": 0,
      "Type": "Import",
      "ClassPackage": "/Script/CoreUObject",
      "ClassName": "Class",
      "Outer": 2,
      "ObjectName": "MaterialFunction"
    },
    {
      "ObjectIndex": 1,
      "Type": "Import",
      "ClassPackage": "/Script/Engine",
      "ClassName": "MaterialFunction",
      "Outer": 2,
      "ObjectName": "Default__MaterialFunction"
    },
    {
      "ObjectIndex": 2,
      "Type": "Import",
      "ClassPackage": "/Script/CoreUObject",
      "ClassName": "Package",
      "ObjectName": "/Script/Engine"
    },
    {
      "ObjectIndex": 3,
      "Type": "Export",
      "ObjectMark": "$AssetObject$"
    }
  ]
}