{
  "AssetClass": "Blueprint",
  "AssetPackage": "/Game/Art/PostProcess/BP_PostProcessing_SpaceRig",
  "AssetName": "BP_PostProcessing_SpaceRig",
  "AssetSerializedData": {
    "SkipDependecies": false,
    "SuperStruct": 8,
    "Children": [],
    "ChildProperties": [
      {
        "FieldKind": "Property",
        "ObjectClass": "ObjectProperty",
        "ObjectName": "ExponentialHeightFog1",
        "ArrayDim": 1,
        "PropertyFlags": "17180393476",
        "RepNotifyFunc": "None",
        "BlueprintReplicationCondition": 0,
        "PropertyClass": 3
      },
      {
        "FieldKind": "Property",
        "ObjectClass": "ObjectProperty",
        "ObjectName": "PostProcess",
        "ArrayDim": 1,
        "PropertyFlags": "17180393476",
        "RepNotifyFunc": "None",
        "BlueprintReplicationCondition": 0,
        "PropertyClass": 4
      },
      {
        "FieldKind": "Property",
        "ObjectClass": "ObjectProperty",
        "ObjectName": "DefaultSceneRoot",
        "ArrayDim": 1,
        "PropertyFlags": "17180393476",
        "RepNotifyFunc": "None",
        "BlueprintReplicationCondition": 0,
        "PropertyClass": 5
      }
    ],
    "ClassFlags": "8652820",
    "ClassWithin": 1,
    "ClassConfigName": "Engine",
    "Interfaces": [],
    "ClassDefaultObject": 23,
    "AssetObjectData": {
      "SimpleConstructionScript": 30,
      "$ReferencedObjects": [
        30
      ]
    },
    "GeneratedVariableNames": [
      "DefaultSceneRoot",
      "PostProcess",
      "ExponentialHeightFog1"
    ]
  },
  "ObjectHierarchy": [
    {
      "ObjectIndex": 0,
      "Type": "Import",
      "ClassPackage": "/Script/Engine",
      "ClassName": "BlueprintGeneratedClass",
      "Outer": 16,
      "ObjectName": "Default__BlueprintGeneratedClass"
    },
    {
      "ObjectIndex": 1,
      "Type": "Import",
      "ClassPackage": "/Script/CoreUObject",
      "ClassName": "Class",
      "Outer": 15,
      "ObjectName": "Object"
    },
    {
      "ObjectIndex": 2,
      "Type": "Import",
      "ClassPackage": "/Script/CoreUObject",
      "ClassName": "Class",
      "Outer": 16,
      "ObjectName": "BlueprintGeneratedClass"
    },
    {
      "ObjectIndex": 3,
      "Type": "Import",
      "ClassPackage": "/Script/CoreUObject",
      "ClassName": "Class",
      "Outer": 16,
      "ObjectName": "ExponentialHeightFogComponent"
    },
    {
      "ObjectIndex": 4,
      "Type": "Import",
      "ClassPackage": "/Script/CoreUObject",
      "ClassName": "Class",
      "Outer": 16,
      "ObjectName": "PostProcessComponent"
    },
    {
      "ObjectIndex": 5,
      "Type": "Import",
      "ClassPackage": "/Script/CoreUObject",
      "ClassName": "Class",
      "Outer": 16,
      "ObjectName": "SceneComponent"
    },
    {
      "ObjectIndex": 6,
      "Type": "Import",
      "ClassPackage": "/Script/CoreUObject",
      "ClassName": "Class",
      "Outer": 16,
      "ObjectName": "SCS_Node"
    },
    {
      "ObjectIndex": 7,
      "Type": "Import",
      "ClassPackage": "/Script/CoreUObject",
      "ClassName": "Class",
      "Outer": 16,
      "ObjectName": "SimpleConstructionScript"
    },
    {
      "ObjectIndex": 8,
      "Type": "Import",
      "ClassPackage": "/Script/CoreUObject",
      "ClassName": "Class",
      "Outer": 17,
      "ObjectName": "FSDPostProcessingActor"
    },
    {
      "ObjectIndex": 9,
      "Type": "Import",
      "ClassPackage": "/Script/Engine",
      "ClassName": "ExponentialHeightFogComponent",
      "Outer": 16,
      "ObjectName": "Default__ExponentialHeightFogComponent"
    },
    {
      "ObjectIndex": 10,
      "Type": "Import",
      "ClassPackage": "/Script/FSD",
      "ClassName": "FSDPostProcessingActor",
      "Outer": 17,
      "ObjectName": "Default__FSDPostProcessingActor"
    },
    {
      "ObjectIndex": 11,
      "Type": "Import",
      "ClassPackage": "/Script/Engine",
      "ClassName": "Material",
      "Outer": 13,
      "ObjectName": "PP_Drunken"
    },
    {
      "ObjectIndex": 12,
      "Type": "Import",
      "ClassPackage": "/Script/Engine",
      "ClassName": "Material",
      "Outer": 14,
      "ObjectName": "PP_OutlineColored"
    },
    {
      "ObjectIndex": 13,
      "Type": "Import",
      "ClassPackage": "/Script/CoreUObject",
      "ClassName": "Package",
      "ObjectName": "/Game/Character/Outline/PP_Drunken"
    },
    {
      "ObjectIndex": 14,
      "Type": "Import",
      "ClassPackage": "/Script/CoreUObject",
      "ClassName": "Package",
      "ObjectName": "/Game/Character/Outline/PP_OutlineColored"
    },
    {
      "ObjectIndex": 15,
      "Type": "Import",
      "ClassPackage": "/Script/CoreUObject",
      "ClassName": "Package",
      "ObjectName": "/Script/CoreUObject"
    },
    {
      "ObjectIndex": 16,
      "Type": "Import",
      "ClassPackage": "/Script/CoreUObject",
      "ClassName": "Package",
      "ObjectName": "/Script/Engine"
    },
    {
      "ObjectIndex": 17,
      "Type": "Import",
      "ClassPackage": "/Script/CoreUObject",
      "ClassName": "Package",
      "ObjectName": "/Script/FSD"
    },
    {
      "ObjectIndex": 18,
      "Type": "Import",
      "ClassPackage": "/Script/Engine",
      "ClassName": "PostProcessComponent",
      "Outer": 16,
      "ObjectName": "Default__PostProcessComponent"
    },
    {
      "ObjectIndex": 19,
      "Type": "Import",
      "ClassPackage": "/Script/Engine",
      "ClassName": "SceneComponent",
      "Outer": 16,
      "ObjectName": "Default__SceneComponent"
    },
    {
      "ObjectIndex": 20,
      "Type": "Import",
      "ClassPackage": "/Script/Engine",
      "ClassName": "SCS_Node",
      "Outer": 16,
      "ObjectName": "Default__SCS_Node"
    },
    {
      "ObjectIndex": 21,
      "Type": "Import",
      "ClassPackage": "/Script/Engine",
      "ClassName": "SimpleConstructionScript",
      "Outer": 16,
      "ObjectName": "Default__SimpleConstructionScript"
    },
    {
      "ObjectIndex": 22,
      "Type": "Export",
      "ObjectMark": "$AssetObject$"
    },
    {
      "ObjectIndex": 23,
      "Type": "Export",
      "ObjectClass": 22,
      "Outer": -1,
      "ObjectName": "Default__BP_PostProcessing_SpaceRig_C",
      "ObjectFlags": 49,
      "Properties": {
        "$ReferencedObjects": []
      }
    },
    {
      "ObjectIndex": 24,
      "Type": "Export",
      "ObjectClass": 3,
      "Outer": 22,
      "ObjectName": "ExponentialHeightFog1_GEN_VARIABLE",
      "ObjectFlags": 41,
      "Properties": {
        "FogDensity": 0.01,
        "FogInscatteringColor": {
          "R": 0.063115,
          "G": 0.338542,
          "B": 0.108127,
          "A": 1.0
        },
        "FogMaxOpacity": 0.8,
        "$ReferencedObjects": []
      }
    },
    {
      "ObjectIndex": 25,
      "Type": "Export",
      "ObjectClass": 4,
      "Outer": 22,
      "ObjectName": "PostProcess_GEN_VARIABLE",
      "ObjectFlags": 41,
      "Properties": {
        "Settings": {
          "bOverride_ColorContrast": true,
          "bOverride_ColorGammaShadows": true,
          "bOverride_ColorGammaMidtones": true,
          "bOverride_FilmHealAmount": true,
          "bOverride_FilmToeAmount": true,
          "bOverride_FilmToe": true,
          "bOverride_AutoExposureBias": true,
          "bOverride_LensFlareIntensity": true,
          "bOverride_LensFlareBokehSize": true,
          "bOverride_LensFlareThreshold": true,
          "bOverride_AmbientOcclusionIntensity": true,
          "bOverride_AmbientOcclusionRadius": true,
          "bOverride_AmbientOcclusionRadiusInWS": true,
          "bOverride_AmbientOcclusionPower": true,
          "bOverride_AmbientOcclusionBias": true,
          "WhiteTemp": 5000.0,
          "ColorSaturation": {
            "X": 1.1,
            "Y": 1.1,
            "Z": 1.1,
            "W": 1.02
          },
          "ColorContrast": {
            "X": 1.02,
            "Y": 1.02,
            "Z": 1.02,
            "W": 1.02
          },
          "ColorGamma": {
            "X": 1.1,
            "Y": 1.1,
            "Z": 1.1,
            "W": 1.0
          },
          "ColorGammaShadows": {
            "X": 1.2,
            "Y": 1.2,
            "Z": 1.2,
            "W": 1.0
          },
          "ColorGammaMidtones": {
            "X": 1.1,
            "Y": 1.1,
            "Z": 1.1,
            "W": 1.0
          },
          "FilmToe": 0.45,
          "FilmWhiteClip": 0.0,
          "FilmShadowTint": {
            "R": 1.0,
            "G": 0.384799,
            "B": 0.674976,
            "A": 1.0
          },
          "FilmShadowTintBlend": 1.0,
          "FilmShadowTintAmount": 1.0,
          "AutoExposureBias": 0.0,
          "AutoExposureBiasBackup": 1.0,
          "AutoExposureMinBrightness": 0.8,
          "AutoExposureMaxBrightness": 1.2,
          "AutoExposureSpeedUp": 0.2,
          "AutoExposureSpeedDown": 0.2,
          "LensFlareIntensity": 0.5,
          "LensFlareBokehSize": 20.0,
          "LensFlareThreshold": 250.0,
          "VignetteIntensity": 0.0,
          "AmbientOcclusionIntensity": 1.0,
          "AmbientOcclusionRadius": 50.0,
          "AmbientOcclusionBias": 0.5,
          "DepthOfFieldFocalRegion": 1000.0,
          "DepthOfFieldNearTransitionRegion": 2500.0,
          "DepthOfFieldFarTransitionRegion": 5000.0,
          "DepthOfFieldNearBlurSize": 0.0,
          "DepthOfFieldFarBlurSize": 2.0,
          "WeightedBlendables": {
            "Array": [
              {
                "Weight": 1.0,
                "Object": 12
              },
              {
                "Weight": 0.0,
                "Object": 11
              }
            ]
          }
        },
        "bNetAddressable": true,
        "CreationMethod": "EComponentCreationMethod::SimpleConstructionScript",
        "$ReferencedObjects": [
          12,
          11
        ]
      }
    },
    {
      "ObjectIndex": 26,
      "Type": "Export",
      "ObjectClass": 5,
      "Outer": 22,
      "ObjectName": "DefaultSceneRoot_GEN_VARIABLE",
      "ObjectFlags": 41,
      "Properties": {
        "$ReferencedObjects": []
      }
    },
    {
      "ObjectIndex": 27,
      "Type": "Export",
      "ObjectClass": 6,
      "Outer": 30,
      "ObjectName": "SCS_Node_0",
      "ObjectFlags": 8,
      "Properties": {
        "ComponentClass": 5,
        "ComponentTemplate": 26,
        "ChildNodes": [
          28,
          29
        ],
        "VariableGuid": {
          "A": -1014889199,
          "B": 1328246717,
          "C": 82230420,
          "D": 1032676692
        },
        "InternalVariableName": "DefaultSceneRoot",
        "$ReferencedObjects": [
          5,
          26,
          28,
          29
        ]
      }
    },
    {
      "ObjectIndex": 28,
      "Type": "Export",
      "ObjectClass": 6,
      "Outer": 30,
      "ObjectName": "SCS_Node_2",
      "ObjectFlags": 8,
      "Properties": {
        "ComponentClass": 4,
        "ComponentTemplate": 25,
        "VariableGuid": {
          "A": -831548951,
          "B": 1261647982,
          "C": -213530229,
          "D": -1726668210
        },
        "InternalVariableName": "PostProcess",
        "$ReferencedObjects": [
          4,
          25
        ]
      }
    },
    {
      "ObjectIndex": 29,
      "Type": "Export",
      "ObjectClass": 6,
      "Outer": 30,
      "ObjectName": "SCS_Node_3",
      "ObjectFlags": 8,
      "Properties": {
        "ComponentClass": 3,
        "ComponentTemplate": 24,
        "VariableGuid": {
          "A": 585607143,
          "B": 1125528005,
          "C": -779071101,
          "D": 250929548
        },
        "InternalVariableName": "ExponentialHeightFog1",
        "$ReferencedObjects": [
          3,
          24
        ]
      }
    },
    {
      "ObjectIndex": 30,
      "Type": "Export",
      "ObjectClass": 7,
      "Outer": 22,
      "ObjectName": "SimpleConstructionScript_0",
      "ObjectFlags": 8,
      "Properties": {
        "RootNodes": [
          27
        ],
        "AllNodes": [
          27,
          28,
          29
        ],
        "DefaultSceneRootNode": 27,
        "$ReferencedObjects": [
          27,
          28,
          29
        ]
      }
    }
  ]
}