{
  "AssetClass": "Blueprint",
  "AssetPackage": "/Game/Art/Environments/SpaceRig/BP_CabinOwnerSign",
  "AssetName": "BP_CabinOwnerSign",
  "AssetSerializedData": {
    "SkipDependecies": false,
    "SuperStruct": 4,
    "Children": [
      {
        "FieldKind": "Function",
        "ObjectClass": "Function",
        "ObjectName": "SetPlayerName",
        "SuperStruct": -1,
        "Children": [],
        "ChildProperties": [
          {
            "FieldKind": "Property",
            "ObjectClass": "TextProperty",
            "ObjectName": "Value",
            "ArrayDim": 1,
            "PropertyFlags": "134218132",
            "RepNotifyFunc": "None",
            "BlueprintReplicationCondition": 0
          },
          {
            "FieldKind": "Property",
            "ObjectClass": "ObjectProperty",
            "ObjectName": "CallFunc_GetUserWidgetObject_ReturnValue",
            "ArrayDim": 1,
            "PropertyFlags": "524288",
            "RepNotifyFunc": "None",
            "BlueprintReplicationCondition": 0,
            "PropertyClass": 19
          },
          {
            "FieldKind": "Property",
            "ObjectClass": "ObjectProperty",
            "ObjectName": "K2Node_DynamicCast_AsWidget_Cabin_Player_Name",
            "ArrayDim": 1,
            "PropertyFlags": "524288",
            "RepNotifyFunc": "None",
            "BlueprintReplicationCondition": 0,
            "PropertyClass": 60
          },
          {
            "FieldKind": "Property",
            "ObjectClass": "BoolProperty",
            "ObjectName": "K2Node_DynamicCast_bSuccess",
            "ArrayDim": 1,
            "PropertyFlags": "0",
            "RepNotifyFunc": "None",
            "BlueprintReplicationCondition": 0,
            "BoolSize": 1,
            "NativeBool": true
          }
        ],
        "Script": [
          {
            "Inst": "LetObj",
            "Variable": {
              "Inst": "LocalVariable",
              "VariableType": {
                "PinCategory": "Object",
                "PinSubCategory": "Object",
                "PinSubCategoryObject": "/Script/UMG.UserWidget"
              },
              "VariableName": "CallFunc_GetUserWidgetObject_ReturnValue"
            },
            "Expression": {
              "Inst": "Context",
              "Context": {
                "Inst": "InstanceVariable",
                "VariableType": {
                  "PinCategory": "Object",
                  "PinSubCategory": "Object",
                  "PinSubCategoryObject": "/Script/UMG.WidgetComponent"
                },
                "VariableName": "NameWidget"
              },
              "SkipOffsetForNull": 10,
              "RValuePropertyType": {
                "PinCategory": "Object",
                "PinSubCategory": "Object",
                "PinSubCategoryObject": "/Script/UMG.UserWidget"
              },
              "RValuePropertyName": "CallFunc_GetUserWidgetObject_ReturnValue",
              "Expression": {
                "Inst": "FinalFunction",
                "Function": "GetUserWidgetObject",
                "Parameters": []
              }
            },
            "StatementIndex": 0
          },
          {
            "Inst": "Let",
            "Variable": {
              "Inst": "LocalVariable",
              "VariableType": {
                "PinCategory": "Object",
                "PinSubCategory": "Object",
                "PinSubCategoryObject": "/Game/Art/Environments/SpaceRig/WidgetCabinPlayerName.WidgetCabinPlayerName_C"
              },
              "VariableName": "K2Node_DynamicCast_AsWidget_Cabin_Player_Name"
            },
            "Expression": {
              "Inst": "DynamicCast",
              "Class": "/Game/Art/Environments/SpaceRig/WidgetCabinPlayerName.WidgetCabinPlayerName_C",
              "Expression": {
                "Inst": "LocalVariable",
                "VariableType": {
                  "PinCategory": "Object",
                  "PinSubCategory": "Object",
                  "PinSubCategoryObject": "/Script/UMG.UserWidget"
                },
                "VariableName": "CallFunc_GetUserWidgetObject_ReturnValue"
              }
            },
            "StatementIndex": 42
          },
          {
            "Inst": "Let",
            "Variable": {
              "Inst": "LocalVariable",
              "VariableType": {
                "PinCategory": "bool",
                "PinSubCategory": "bool"
              },
              "VariableName": "K2Node_DynamicCast_bSuccess"
            },
            "Expression": {
              "Inst": "PrimitiveCast",
              "CastType": "ObjectToBool",
              "Expression": {
                "Inst": "LocalVariable",
                "VariableType": {
                  "PinCategory": "Object",
                  "PinSubCategory": "Object",
                  "PinSubCategoryObject": "/Game/Art/Environments/SpaceRig/WidgetCabinPlayerName.WidgetCabinPlayerName_C"
                },
                "VariableName": "K2Node_DynamicCast_AsWidget_Cabin_Player_Name"
              }
            },
            "StatementIndex": 78
          },
          {
            "Inst": "JumpIfNot",
            "Offset": 166,
            "Condition": {
              "Inst": "LocalVariable",
              "VariableType": {
                "PinCategory": "bool",
                "PinSubCategory": "bool"
              },
              "VariableName": "K2Node_DynamicCast_bSuccess"
            },
            "StatementIndex": 107
          },
          {
            "Inst": "Context",
            "Context": {
              "Inst": "LocalVariable",
              "VariableType": {
                "PinCategory": "Object",
                "PinSubCategory": "Object",
                "PinSubCategoryObject": "/Game/Art/Environments/SpaceRig/WidgetCabinPlayerName.WidgetCabinPlayerName_C"
              },
              "VariableName": "K2Node_DynamicCast_AsWidget_Cabin_Player_Name"
            },
            "SkipOffsetForNull": 23,
            "Expression": {
              "Inst": "LocalVirtualFunction",
              "FunctionName": "SetPlayerName",
              "Parameters": [
                {
                  "Inst": "LocalOutVariable",
                  "VariableType": {
                    "PinCategory": "Text",
                    "PinSubCategory": "Text",
                    "IsReference": true
                  },
                  "VariableName": "Value"
                }
              ]
            },
            "StatementIndex": 121
          },
          {
            "Inst": "Return",
            "Expression": {
              "Inst": "Nothing"
            },
            "StatementIndex": 166
          },
          {
            "Inst": "EndOfScript",
            "StatementIndex": 168
          }
        ],
        "FunctionFlags": "205651968"
      },
      {
        "FieldKind": "Function",
        "ObjectClass": "Function",
        "ObjectName": "UserConstructionScript",
        "SuperStruct": 24,
        "Children": [],
        "ChildProperties": [],
        "Script": [
          {
            "Inst": "LocalVirtualFunction",
            "FunctionName": "SetCabinOwner",
            "Parameters": [
              {
                "Inst": "NoObject"
              }
            ],
            "StatementIndex": 0
          },
          {
            "Inst": "Return",
            "Expression": {
              "Inst": "Nothing"
            },
            "StatementIndex": 15
          },
          {
            "Inst": "EndOfScript",
            "StatementIndex": 17
          }
        ],
        "FunctionFlags": "201459712"
      },
      {
        "FieldKind": "Function",
        "ObjectClass": "Function",
        "ObjectName": "SetCabinOwner",
        "SuperStruct": -1,
        "Children": [],
        "ChildProperties": [
          {
            "FieldKind": "Property",
            "ObjectClass": "ObjectProperty",
            "ObjectName": "PlayerState",
            "ArrayDim": 1,
            "PropertyFlags": "148",
            "RepNotifyFunc": "None",
            "BlueprintReplicationCondition": 0,
            "PropertyClass": 18
          }
        ],
        "Script": [
          {
            "Inst": "LetValueOnPersistentFrame",
            "PropertyName": "K2Node_CustomEvent_PlayerState",
            "PropertyType": {
              "PinCategory": "Object",
              "PinSubCategory": "Object",
              "PinSubCategoryObject": "/Script/FSD.FSDPlayerState"
            },
            "Expression": {
              "Inst": "LocalVariable",
              "VariableType": {
                "PinCategory": "Object",
                "PinSubCategory": "Object",
                "PinSubCategoryObject": "/Script/FSD.FSDPlayerState"
              },
              "VariableName": "PlayerState"
            },
            "StatementIndex": 0
          },
          {
            "Inst": "LocalFinalFunction",
            "Function": "ExecuteUbergraph_BP_CabinOwnerSign",
            "Parameters": [
              {
                "Inst": "IntConst",
                "Value": 755
              }
            ],
            "StatementIndex": 18
          },
          {
            "Inst": "Return",
            "Expression": {
              "Inst": "Nothing"
            },
            "StatementIndex": 33
          },
          {
            "Inst": "EndOfScript",
            "StatementIndex": 35
          }
        ],
        "FunctionFlags": "201326592"
      },
      {
        "FieldKind": "Function",
        "ObjectClass": "Function",
        "ObjectName": "ChangeName",
        "SuperStruct": -1,
        "Children": [],
        "ChildProperties": [
          {
            "FieldKind": "Property",
            "ObjectClass": "StrProperty",
            "ObjectName": "NewName",
            "ArrayDim": 1,
            "PropertyFlags": "148",
            "RepNotifyFunc": "None",
            "BlueprintReplicationCondition": 0
          }
        ],
        "Script": [
          {
            "Inst": "LetValueOnPersistentFrame",
            "PropertyName": "K2Node_CustomEvent_NewName",
            "PropertyType": {
              "PinCategory": "String",
              "PinSubCategory": "String"
            },
            "Expression": {
              "Inst": "LocalVariable",
              "VariableType": {
                "PinCategory": "String",
                "PinSubCategory": "String"
              },
              "VariableName": "NewName"
            },
            "StatementIndex": 0
          },
          {
            "Inst": "LocalFinalFunction",
            "Function": "ExecuteUbergraph_BP_CabinOwnerSign",
            "Parameters": [
              {
                "Inst": "IntConst",
                "Value": 10
              }
            ],
            "StatementIndex": 18
          },
          {
            "Inst": "Return",
            "Expression": {
              "Inst": "Nothing"
            },
            "StatementIndex": 33
          },
          {
            "Inst": "EndOfScript",
            "StatementIndex": 35
          }
        ],
        "FunctionFlags": "201326592"
      },
      {
        "FieldKind": "Function",
        "ObjectClass": "Function",
        "ObjectName": "ReceiveBeginPlay",
        "SuperStruct": 23,
        "Children": [],
        "ChildProperties": [],
        "Script": [
          {
            "Inst": "LocalFinalFunction",
            "Function": "ExecuteUbergraph_BP_CabinOwnerSign",
            "Parameters": [
              {
                "Inst": "IntConst",
                "Value": 977
              }
            ],
            "StatementIndex": 0
          },
          {
            "Inst": "Return",
            "Expression": {
              "Inst": "Nothing"
            },
            "StatementIndex": 15
          },
          {
            "Inst": "EndOfScript",
            "StatementIndex": 17
          }
        ],
        "FunctionFlags": "134744064"
      },
      {
        "FieldKind": "Function",
        "ObjectClass": "Function",
        "ObjectName": "ExecuteUbergraph_BP_CabinOwnerSign",
        "SuperStruct": -1,
        "Children": [],
        "ChildProperties": [
          {
            "FieldKind": "Property",
            "ObjectClass": "IntProperty",
            "ObjectName": "EntryPoint",
            "ArrayDim": 1,
            "PropertyFlags": "148",
            "RepNotifyFunc": "None",
            "BlueprintReplicationCondition": 0
          },
          {
            "FieldKind": "Property",
            "ObjectClass": "StrProperty",
            "ObjectName": "K2Node_CustomEvent_NewName",
            "ArrayDim": 1,
            "PropertyFlags": "0",
            "RepNotifyFunc": "None",
            "BlueprintReplicationCondition": 0
          },
          {
            "FieldKind": "Property",
            "ObjectClass": "StructProperty",
            "ObjectName": "CallFunc_GetLightColor_ReturnValue",
            "ArrayDim": 1,
            "PropertyFlags": "0",
            "RepNotifyFunc": "None",
            "BlueprintReplicationCondition": 0,
            "Struct": 53
          },
          {
            "FieldKind": "Property",
            "ObjectClass": "TextProperty",
            "ObjectName": "CallFunc_Conv_StringToText_ReturnValue",
            "ArrayDim": 1,
            "PropertyFlags": "0",
            "RepNotifyFunc": "None",
            "BlueprintReplicationCondition": 0
          },
          {
            "FieldKind": "Property",
            "ObjectClass": "StructProperty",
            "ObjectName": "CallFunc_GetLightColor_ReturnValue_1",
            "ArrayDim": 1,
            "PropertyFlags": "0",
            "RepNotifyFunc": "None",
            "BlueprintReplicationCondition": 0,
            "Struct": 53
          },
          {
            "FieldKind": "Property",
            "ObjectClass": "TextProperty",
            "ObjectName": "CallFunc_MakeLiteralText_ReturnValue",
            "ArrayDim": 1,
            "PropertyFlags": "0",
            "RepNotifyFunc": "None",
            "BlueprintReplicationCondition": 0
          },
          {
            "FieldKind": "Property",
            "ObjectClass": "StructProperty",
            "ObjectName": "CallFunc_Multiply_LinearColorFloat_ReturnValue",
            "ArrayDim": 1,
            "PropertyFlags": "0",
            "RepNotifyFunc": "None",
            "BlueprintReplicationCondition": 0,
            "Struct": 53
          },
          {
            "FieldKind": "Property",
            "ObjectClass": "ObjectProperty",
            "ObjectName": "K2Node_CustomEvent_PlayerState",
            "ArrayDim": 1,
            "PropertyFlags": "0",
            "RepNotifyFunc": "None",
            "BlueprintReplicationCondition": 0,
            "PropertyClass": 18
          },
          {
            "FieldKind": "Property",
            "ObjectClass": "ObjectProperty",
            "ObjectName": "CallFunc_CreateDynamicMaterialInstance_ReturnValue",
            "ArrayDim": 1,
            "PropertyFlags": "0",
            "RepNotifyFunc": "None",
            "BlueprintReplicationCondition": 0,
            "PropertyClass": 11
          },
          {
            "FieldKind": "Property",
            "ObjectClass": "StrProperty",
            "ObjectName": "CallFunc_GetPlayerName_ReturnValue",
            "ArrayDim": 1,
            "PropertyFlags": "0",
            "RepNotifyFunc": "None",
            "BlueprintReplicationCondition": 0
          },
          {
            "FieldKind": "Property",
            "ObjectClass": "TextProperty",
            "ObjectName": "CallFunc_Conv_StringToText_ReturnValue_1",
            "ArrayDim": 1,
            "PropertyFlags": "0",
            "RepNotifyFunc": "None",
            "BlueprintReplicationCondition": 0
          },
          {
            "FieldKind": "Property",
            "ObjectClass": "BoolProperty",
            "ObjectName": "CallFunc_IsValid_ReturnValue",
            "ArrayDim": 1,
            "PropertyFlags": "0",
            "RepNotifyFunc": "None",
            "BlueprintReplicationCondition": 0,
            "BoolSize": 1,
            "NativeBool": true
          },
          {
            "FieldKind": "Property",
            "ObjectClass": "DelegateProperty",
            "ObjectName": "K2Node_CreateDelegate_OutputDelegate",
            "ArrayDim": 1,
            "PropertyFlags": "0",
            "RepNotifyFunc": "None",
            "BlueprintReplicationCondition": 0,
            "SignatureFunction": "PlayerNameChangedSignature__DelegateSignature"
          },
          {
            "FieldKind": "Property",
            "ObjectClass": "ObjectProperty",
            "ObjectName": "CallFunc_GetUserWidgetObject_ReturnValue",
            "ArrayDim": 1,
            "PropertyFlags": "524288",
            "RepNotifyFunc": "None",
            "BlueprintReplicationCondition": 0,
            "PropertyClass": 19
          },
          {
            "FieldKind": "Property",
            "ObjectClass": "ObjectProperty",
            "ObjectName": "K2Node_DynamicCast_AsWidget_Cabin_Player_Name",
            "ArrayDim": 1,
            "PropertyFlags": "524288",
            "RepNotifyFunc": "None",
            "BlueprintReplicationCondition": 0,
            "PropertyClass": 60
          },
          {
            "FieldKind": "Property",
            "ObjectClass": "BoolProperty",
            "ObjectName": "K2Node_DynamicCast_bSuccess",
            "ArrayDim": 1,
            "PropertyFlags": "0",
            "RepNotifyFunc": "None",
            "BlueprintReplicationCondition": 0,
            "BoolSize": 1,
            "NativeBool": true
          },
          {
            "FieldKind": "Property",
            "ObjectClass": "StructProperty",
            "ObjectName": "CallFunc_GetLightColor_ReturnValue_2",
            "ArrayDim": 1,
            "PropertyFlags": "0",
            "RepNotifyFunc": "None",
            "BlueprintReplicationCondition": 0,
            "Struct": 53
          },
          {
            "FieldKind": "Property",
            "ObjectClass": "ObjectProperty",
            "ObjectName": "CallFunc_GetUserWidgetObject_ReturnValue_1",
            "ArrayDim": 1,
            "PropertyFlags": "524288",
            "RepNotifyFunc": "None",
            "BlueprintReplicationCondition": 0,
            "PropertyClass": 19
          },
          {
            "FieldKind": "Property",
            "ObjectClass": "ObjectProperty",
            "ObjectName": "K2Node_DynamicCast_AsWidget_Cabin_Player_Name_1",
            "ArrayDim": 1,
            "PropertyFlags": "524288",
            "RepNotifyFunc": "None",
            "BlueprintReplicationCondition": 0,
            "PropertyClass": 60
          },
          {
            "FieldKind": "Property",
            "ObjectClass": "BoolProperty",
            "ObjectName": "K2Node_DynamicCast_bSuccess_1",
            "ArrayDim": 1,
            "PropertyFlags": "0",
            "RepNotifyFunc": "None",
            "BlueprintReplicationCondition": 0,
            "BoolSize": 1,
            "NativeBool": true
          }
        ],
        "Script": [
          {
            "Inst": "ComputedJump",
            "OffsetExpression": {
              "Inst": "LocalVariable",
              "VariableType": {
                "PinCategory": "int",
                "PinSubCategory": "int"
              },
              "VariableName": "EntryPoint"
            },
            "StatementIndex": 0
          },
          {
            "Inst": "Let",
            "Variable": {
              "Inst": "LocalVariable",
              "VariableType": {
                "PinCategory": "Text",
                "PinSubCategory": "Text"
              },
              "VariableName": "CallFunc_Conv_StringToText_ReturnValue"
            },
            "Expression": {
              "Inst": "CallMath",
              "Function": "Conv_StringToText",
              "ContextClass": "/Script/Engine.KismetTextLibrary",
              "Parameters": [
                {
                  "Inst": "LocalVariable",
                  "VariableType": {
                    "PinCategory": "String",
                    "PinSubCategory": "String"
                  },
                  "VariableName": "K2Node_CustomEvent_NewName"
                }
              ]
            },
            "StatementIndex": 10
          },
          {
            "Inst": "LocalVirtualFunction",
            "FunctionName": "SetPlayerName",
            "Parameters": [
              {
                "Inst": "LocalVariable",
                "VariableType": {
                  "PinCategory": "Text",
                  "PinSubCategory": "Text"
                },
                "VariableName": "CallFunc_Conv_StringToText_ReturnValue"
              }
            ],
            "StatementIndex": 47
          },
          {
            "Inst": "Jump",
            "Offset": 1193,
            "StatementIndex": 70
          },
          {
            "Inst": "Context",
            "Context": {
              "Inst": "InstanceVariable",
              "VariableType": {
                "PinCategory": "Object",
                "PinSubCategory": "Object",
                "PinSubCategoryObject": "/Script/Engine.PointLightComponent"
              },
              "VariableName": "PointLight"
            },
            "SkipOffsetForNull": 45,
            "Expression": {
              "Inst": "FinalFunction",
              "Function": "SetLightColor",
              "Parameters": [
                {
                  "Inst": "StructConst",
                  "Struct": "/Script/CoreUObject.LinearColor",
                  "Properties": {
                    "Missing property name0": [
                      {
                        "Inst": "FloatConst",
                        "Value": 0.0
                      }
                    ],
                    "Missing property name1": [
                      {
                        "Inst": "FloatConst",
                        "Value": 1.0
                      }
                    ],
                    "Missing property name2": [
                      {
                        "Inst": "FloatConst",
                        "Value": 0.0
                      }
                    ],
                    "Missing property name3": [
                      {
                        "Inst": "FloatConst",
                        "Value": 1.0
                      }
                    ]
                  }
                },
                {
                  "Inst": "True"
                }
              ]
            },
            "StatementIndex": 75
          },
          {
            "Inst": "LetObj",
            "Variable": {
              "Inst": "LocalVariable",
              "VariableType": {
                "PinCategory": "Object",
                "PinSubCategory": "Object",
                "PinSubCategoryObject": "/Script/Engine.MaterialInstanceDynamic"
              },
              "VariableName": "CallFunc_CreateDynamicMaterialInstance_ReturnValue"
            },
            "Expression": {
              "Inst": "Context",
              "Context": {
                "Inst": "InstanceVariable",
                "VariableType": {
                  "PinCategory": "Object",
                  "PinSubCategory": "Object",
                  "PinSubCategoryObject": "/Script/Engine.StaticMeshComponent"
                },
                "VariableName": "Lamp"
              },
              "SkipOffsetForNull": 33,
              "RValuePropertyType": {
                "PinCategory": "Object",
                "PinSubCategory": "Object",
                "PinSubCategoryObject": "/Script/Engine.MaterialInstanceDynamic"
              },
              "RValuePropertyName": "CallFunc_CreateDynamicMaterialInstance_ReturnValue",
              "Expression": {
                "Inst": "VirtualFunction",
                "Function": "CreateDynamicMaterialInstance",
                "Parameters": [
                  {
                    "Inst": "IntConst",
                    "Value": 1
                  },
                  {
                    "Inst": "NoObject"
                  },
                  {
                    "Inst": "NameConst",
                    "Value": "None"
                  }
                ]
              }
            },
            "StatementIndex": 142
          },
          {
            "Inst": "Let",
            "Variable": {
              "Inst": "LocalVariable",
              "VariableType": {
                "PinCategory": "Struct",
                "PinSubCategory": "Struct",
                "PinSubCategoryObject": "/Script/CoreUObject.LinearColor"
              },
              "VariableName": "CallFunc_GetLightColor_ReturnValue_1"
            },
            "Expression": {
              "Inst": "Context",
              "Context": {
                "Inst": "InstanceVariable",
                "VariableType": {
                  "PinCategory": "Object",
                  "PinSubCategory": "Object",
                  "PinSubCategoryObject": "/Script/Engine.PointLightComponent"
                },
                "VariableName": "PointLight"
              },
              "SkipOffsetForNull": 10,
              "RValuePropertyType": {
                "PinCategory": "Struct",
                "PinSubCategory": "Struct",
                "PinSubCategoryObject": "/Script/CoreUObject.LinearColor"
              },
              "RValuePropertyName": "CallFunc_GetLightColor_ReturnValue_1",
              "Expression": {
                "Inst": "FinalFunction",
                "Function": "GetLightColor",
                "Parameters": []
              }
            },
            "StatementIndex": 207
          },
          {
            "Inst": "Let",
            "Variable": {
              "Inst": "LocalVariable",
              "VariableType": {
                "PinCategory": "Struct",
                "PinSubCategory": "Struct",
                "PinSubCategoryObject": "/Script/CoreUObject.LinearColor"
              },
              "VariableName": "CallFunc_Multiply_LinearColorFloat_ReturnValue"
            },
            "Expression": {
              "Inst": "CallMath",
              "Function": "Multiply_LinearColorFloat",
              "ContextClass": "/Script/Engine.KismetMathLibrary",
              "Parameters": [
                {
                  "Inst": "LocalVariable",
                  "VariableType": {
                    "PinCategory": "Struct",
                    "PinSubCategory": "Struct",
                    "PinSubCategoryObject": "/Script/CoreUObject.LinearColor"
                  },
                  "VariableName": "CallFunc_GetLightColor_ReturnValue_1"
                },
                {
                  "Inst": "FloatConst",
                  "Value": 5.0
                }
              ]
            },
            "StatementIndex": 257
          },
          {
            "Inst": "Context",
            "Context": {
              "Inst": "LocalVariable",
              "VariableType": {
                "PinCategory": "Object",
                "PinSubCategory": "Object",
                "PinSubCategoryObject": "/Script/Engine.MaterialInstanceDynamic"
              },
              "VariableName": "CallFunc_CreateDynamicMaterialInstance_ReturnValue"
            },
            "SkipOffsetForNull": 32,
            "Expression": {
              "Inst": "FinalFunction",
              "Function": "SetVectorParameterValue",
              "Parameters": [
                {
                  "Inst": "NameConst",
                  "Value": "Tint"
                },
                {
                  "Inst": "LocalVariable",
                  "VariableType": {
                    "PinCategory": "Struct",
                    "PinSubCategory": "Struct",
                    "PinSubCategoryObject": "/Script/CoreUObject.LinearColor"
                  },
                  "VariableName": "CallFunc_Multiply_LinearColorFloat_ReturnValue"
                }
              ]
            },
            "StatementIndex": 299
          },
          {
            "Inst": "LetObj",
            "Variable": {
              "Inst": "LocalVariable",
              "VariableType": {
                "PinCategory": "Object",
                "PinSubCategory": "Object",
                "PinSubCategoryObject": "/Script/UMG.UserWidget"
              },
              "VariableName": "CallFunc_GetUserWidgetObject_ReturnValue"
            },
            "Expression": {
              "Inst": "Context",
              "Context": {
                "Inst": "InstanceVariable",
                "VariableType": {
                  "PinCategory": "Object",
                  "PinSubCategory": "Object",
                  "PinSubCategoryObject": "/Script/UMG.WidgetComponent"
                },
                "VariableName": "NameWidget"
              },
              "SkipOffsetForNull": 10,
              "RValuePropertyType": {
                "PinCategory": "Object",
                "PinSubCategory": "Object",
                "PinSubCategoryObject": "/Script/UMG.UserWidget"
              },
              "RValuePropertyName": "CallFunc_GetUserWidgetObject_ReturnValue",
              "Expression": {
                "Inst": "FinalFunction",
                "Function": "GetUserWidgetObject",
                "Parameters": []
              }
            },
            "StatementIndex": 353
          },
          {
            "Inst": "Let",
            "Variable": {
              "Inst": "LocalVariable",
              "VariableType": {
                "PinCategory": "Object",
                "PinSubCategory": "Object",
                "PinSubCategoryObject": "/Game/Art/Environments/SpaceRig/WidgetCabinPlayerName.WidgetCabinPlayerName_C"
              },
              "VariableName": "K2Node_DynamicCast_AsWidget_Cabin_Player_Name"
            },
            "Expression": {
              "Inst": "DynamicCast",
              "Class": "/Game/Art/Environments/SpaceRig/WidgetCabinPlayerName.WidgetCabinPlayerName_C",
              "Expression": {
                "Inst": "LocalVariable",
                "VariableType": {
                  "PinCategory": "Object",
                  "PinSubCategory": "Object",
                  "PinSubCategoryObject": "/Script/UMG.UserWidget"
                },
                "VariableName": "CallFunc_GetUserWidgetObject_ReturnValue"
              }
            },
            "StatementIndex": 395
          },
          {
            "Inst": "Let",
            "Variable": {
              "Inst": "LocalVariable",
              "VariableType": {
                "PinCategory": "bool",
                "PinSubCategory": "bool"
              },
              "VariableName": "K2Node_DynamicCast_bSuccess"
            },
            "Expression": {
              "Inst": "PrimitiveCast",
              "CastType": "ObjectToBool",
              "Expression": {
                "Inst": "LocalVariable",
                "VariableType": {
                  "PinCategory": "Object",
                  "PinSubCategory": "Object",
                  "PinSubCategoryObject": "/Game/Art/Environments/SpaceRig/WidgetCabinPlayerName.WidgetCabinPlayerName_C"
                },
                "VariableName": "K2Node_DynamicCast_AsWidget_Cabin_Player_Name"
              }
            },
            "StatementIndex": 431
          },
          {
            "Inst": "JumpIfNot",
            "Offset": 1193,
            "Condition": {
              "Inst": "LocalVariable",
              "VariableType": {
                "PinCategory": "bool",
                "PinSubCategory": "bool"
              },
              "VariableName": "K2Node_DynamicCast_bSuccess"
            },
            "StatementIndex": 460
          },
          {
            "Inst": "Let",
            "Variable": {
              "Inst": "LocalVariable",
              "VariableType": {
                "PinCategory": "Struct",
                "PinSubCategory": "Struct",
                "PinSubCategoryObject": "/Script/CoreUObject.LinearColor"
              },
              "VariableName": "CallFunc_GetLightColor_ReturnValue_2"
            },
            "Expression": {
              "Inst": "Context",
              "Context": {
                "Inst": "InstanceVariable",
                "VariableType": {
                  "PinCategory": "Object",
                  "PinSubCategory": "Object",
                  "PinSubCategoryObject": "/Script/Engine.PointLightComponent"
                },
                "VariableName": "PointLight"
              },
              "SkipOffsetForNull": 10,
              "RValuePropertyType": {
                "PinCategory": "Struct",
                "PinSubCategory": "Struct",
                "PinSubCategoryObject": "/Script/CoreUObject.LinearColor"
              },
              "RValuePropertyName": "CallFunc_GetLightColor_ReturnValue_2",
              "Expression": {
                "Inst": "FinalFunction",
                "Function": "GetLightColor",
                "Parameters": []
              }
            },
            "StatementIndex": 474
          },
          {
            "Inst": "Context",
            "Context": {
              "Inst": "LocalVariable",
              "VariableType": {
                "PinCategory": "Object",
                "PinSubCategory": "Object",
                "PinSubCategoryObject": "/Game/Art/Environments/SpaceRig/WidgetCabinPlayerName.WidgetCabinPlayerName_C"
              },
              "VariableName": "K2Node_DynamicCast_AsWidget_Cabin_Player_Name"
            },
            "SkipOffsetForNull": 23,
            "Expression": {
              "Inst": "LocalVirtualFunction",
              "FunctionName": "SetColor",
              "Parameters": [
                {
                  "Inst": "LocalVariable",
                  "VariableType": {
                    "PinCategory": "Struct",
                    "PinSubCategory": "Struct",
                    "PinSubCategoryObject": "/Script/CoreUObject.LinearColor"
                  },
                  "VariableName": "CallFunc_GetLightColor_ReturnValue_2"
                }
              ]
            },
            "StatementIndex": 524
          },
          {
            "Inst": "Jump",
            "Offset": 1193,
            "StatementIndex": 569
          },
          {
            "Inst": "Context",
            "Context": {
              "Inst": "InstanceVariable",
              "VariableType": {
                "PinCategory": "Object",
                "PinSubCategory": "Object",
                "PinSubCategoryObject": "/Script/Engine.PointLightComponent"
              },
              "VariableName": "PointLight"
            },
            "SkipOffsetForNull": 45,
            "Expression": {
              "Inst": "FinalFunction",
              "Function": "SetLightColor",
              "Parameters": [
                {
                  "Inst": "StructConst",
                  "Struct": "/Script/CoreUObject.LinearColor",
                  "Properties": {
                    "Missing property name0": [
                      {
                        "Inst": "FloatConst",
                        "Value": 1.0
                      }
                    ],
                    "Missing property name1": [
                      {
                        "Inst": "FloatConst",
                        "Value": 0.090284
                      }
                    ],
                    "Missing property name2": [
                      {
                        "Inst": "FloatConst",
                        "Value": 0.0
                      }
                    ],
                    "Missing property name3": [
                      {
                        "Inst": "FloatConst",
                        "Value": 1.0
                      }
                    ]
                  }
                },
                {
                  "Inst": "True"
                }
              ]
            },
            "StatementIndex": 574
          },
          {
            "Inst": "Jump",
            "Offset": 142,
            "StatementIndex": 641
          },
          {
            "Inst": "Let",
            "Variable": {
              "Inst": "LocalVariable",
              "VariableType": {
                "PinCategory": "Text",
                "PinSubCategory": "Text"
              },
              "VariableName": "CallFunc_MakeLiteralText_ReturnValue"
            },
            "Expression": {
              "Inst": "CallMath",
              "Function": "MakeLiteralText",
              "ContextClass": "/Script/Engine.KismetSystemLibrary",
              "Parameters": [
                {
                  "Inst": "TextConst",
                  "TextLiteralType": "LocalizedText",
                  "SourceString": "- BAY EMPTY -",
                  "LocalizationKey": "78DFA13846CB82653B1E9FB81E88F2F2",
                  "LocalizationNamespace": ""
                }
              ]
            },
            "StatementIndex": 646
          },
          {
            "Inst": "LocalVirtualFunction",
            "FunctionName": "SetPlayerName",
            "Parameters": [
              {
                "Inst": "LocalVariable",
                "VariableType": {
                  "PinCategory": "Text",
                  "PinSubCategory": "Text"
                },
                "VariableName": "CallFunc_MakeLiteralText_ReturnValue"
              }
            ],
            "StatementIndex": 727
          },
          {
            "Inst": "Jump",
            "Offset": 574,
            "StatementIndex": 750
          },
          {
            "Inst": "LetBool",
            "Variable": {
              "Inst": "LocalVariable",
              "VariableType": {
                "PinCategory": "bool",
                "PinSubCategory": "bool"
              },
              "VariableName": "CallFunc_IsValid_ReturnValue"
            },
            "Expression": {
              "Inst": "CallMath",
              "Function": "IsValid",
              "ContextClass": "/Script/Engine.KismetSystemLibrary",
              "Parameters": [
                {
                  "Inst": "LocalVariable",
                  "VariableType": {
                    "PinCategory": "Object",
                    "PinSubCategory": "Object",
                    "PinSubCategoryObject": "/Script/FSD.FSDPlayerState"
                  },
                  "VariableName": "K2Node_CustomEvent_PlayerState"
                }
              ]
            },
            "StatementIndex": 755
          },
          {
            "Inst": "JumpIfNot",
            "Offset": 646,
            "Condition": {
              "Inst": "LocalVariable",
              "VariableType": {
                "PinCategory": "bool",
                "PinSubCategory": "bool"
              },
              "VariableName": "CallFunc_IsValid_ReturnValue"
            },
            "StatementIndex": 784
          },
          {
            "Inst": "BindDelegate",
            "FunctionName": "ChangeName",
            "Delegate": {
              "Inst": "LocalVariable",
              "VariableType": {
                "PinCategory": "Delegate",
                "PinSubCategory": "Delegate"
              },
              "VariableName": "K2Node_CreateDelegate_OutputDelegate"
            },
            "Object": {
              "Inst": "Self"
            },
            "StatementIndex": 798
          },
          {
            "Inst": "AddMulticastDelegate",
            "MulticastDelegate": {
              "Inst": "Context",
              "Context": {
                "Inst": "LocalVariable",
                "VariableType": {
                  "PinCategory": "Object",
                  "PinSubCategory": "Object",
                  "PinSubCategoryObject": "/Script/FSD.FSDPlayerState"
                },
                "VariableName": "K2Node_CustomEvent_PlayerState"
              },
              "SkipOffsetForNull": 9,
              "RValuePropertyType": "##NOT SERIALIZED##",
              "RValuePropertyName": "OnPlayerNameChanged",
              "Expression": {
                "Inst": "InstanceVariable",
                "VariableType": "##NOT SERIALIZED##",
                "VariableName": "OnPlayerNameChanged"
              }
            },
            "Delegate": {
              "Inst": "LocalVariable",
              "VariableType": {
                "PinCategory": "Delegate",
                "PinSubCategory": "Delegate"
              },
              "VariableName": "K2Node_CreateDelegate_OutputDelegate"
            },
            "StatementIndex": 821
          },
          {
            "Inst": "Let",
            "Variable": {
              "Inst": "LocalVariable",
              "VariableType": {
                "PinCategory": "String",
                "PinSubCategory": "String"
              },
              "VariableName": "CallFunc_GetPlayerName_ReturnValue"
            },
            "Expression": {
              "Inst": "Context",
              "Context": {
                "Inst": "LocalVariable",
                "VariableType": {
                  "PinCategory": "Object",
                  "PinSubCategory": "Object",
                  "PinSubCategoryObject": "/Script/FSD.FSDPlayerState"
                },
                "VariableName": "K2Node_CustomEvent_PlayerState"
              },
              "SkipOffsetForNull": 10,
              "RValuePropertyType": {
                "PinCategory": "String",
                "PinSubCategory": "String"
              },
              "RValuePropertyName": "CallFunc_GetPlayerName_ReturnValue",
              "Expression": {
                "Inst": "FinalFunction",
                "Function": "GetPlayerName",
                "Parameters": []
              }
            },
            "StatementIndex": 862
          },
          {
            "Inst": "Let",
            "Variable": {
              "Inst": "LocalVariable",
              "VariableType": {
                "PinCategory": "Text",
                "PinSubCategory": "Text"
              },
              "VariableName": "CallFunc_Conv_StringToText_ReturnValue_1"
            },
            "Expression": {
              "Inst": "CallMath",
              "Function": "Conv_StringToText",
              "ContextClass": "/Script/Engine.KismetTextLibrary",
              "Parameters": [
                {
                  "Inst": "LocalVariable",
                  "VariableType": {
                    "PinCategory": "String",
                    "PinSubCategory": "String"
                  },
                  "VariableName": "CallFunc_GetPlayerName_ReturnValue"
                }
              ]
            },
            "StatementIndex": 912
          },
          {
            "Inst": "LocalVirtualFunction",
            "FunctionName": "SetPlayerName",
            "Parameters": [
              {
                "Inst": "LocalVariable",
                "VariableType": {
                  "PinCategory": "Text",
                  "PinSubCategory": "Text"
                },
                "VariableName": "CallFunc_Conv_StringToText_ReturnValue_1"
              }
            ],
            "StatementIndex": 949
          },
          {
            "Inst": "Jump",
            "Offset": 75,
            "StatementIndex": 972
          },
          {
            "Inst": "LetObj",
            "Variable": {
              "Inst": "LocalVariable",
              "VariableType": {
                "PinCategory": "Object",
                "PinSubCategory": "Object",
                "PinSubCategoryObject": "/Script/UMG.UserWidget"
              },
              "VariableName": "CallFunc_GetUserWidgetObject_ReturnValue_1"
            },
            "Expression": {
              "Inst": "Context",
              "Context": {
                "Inst": "InstanceVariable",
                "VariableType": {
                  "PinCategory": "Object",
                  "PinSubCategory": "Object",
                  "PinSubCategoryObject": "/Script/UMG.WidgetComponent"
                },
                "VariableName": "NameWidget"
              },
              "SkipOffsetForNull": 10,
              "RValuePropertyType": {
                "PinCategory": "Object",
                "PinSubCategory": "Object",
                "PinSubCategoryObject": "/Script/UMG.UserWidget"
              },
              "RValuePropertyName": "CallFunc_GetUserWidgetObject_ReturnValue_1",
              "Expression": {
                "Inst": "FinalFunction",
                "Function": "GetUserWidgetObject",
                "Parameters": []
              }
            },
            "StatementIndex": 977
          },
          {
            "Inst": "Let",
            "Variable": {
              "Inst": "LocalVariable",
              "VariableType": {
                "PinCategory": "Object",
                "PinSubCategory": "Object",
                "PinSubCategoryObject": "/Game/Art/Environments/SpaceRig/WidgetCabinPlayerName.WidgetCabinPlayerName_C"
              },
              "VariableName": "K2Node_DynamicCast_AsWidget_Cabin_Player_Name_1"
            },
            "Expression": {
              "Inst": "DynamicCast",
              "Class": "/Game/Art/Environments/SpaceRig/WidgetCabinPlayerName.WidgetCabinPlayerName_C",
              "Expression": {
                "Inst": "LocalVariable",
                "VariableType": {
                  "PinCategory": "Object",
                  "PinSubCategory": "Object",
                  "PinSubCategoryObject": "/Script/UMG.UserWidget"
                },
                "VariableName": "CallFunc_GetUserWidgetObject_ReturnValue_1"
              }
            },
            "StatementIndex": 1019
          },
          {
            "Inst": "Let",
            "Variable": {
              "Inst": "LocalVariable",
              "VariableType": {
                "PinCategory": "bool",
                "PinSubCategory": "bool"
              },
              "VariableName": "K2Node_DynamicCast_bSuccess_1"
            },
            "Expression": {
              "Inst": "PrimitiveCast",
              "CastType": "ObjectToBool",
              "Expression": {
                "Inst": "LocalVariable",
                "VariableType": {
                  "PinCategory": "Object",
                  "PinSubCategory": "Object",
                  "PinSubCategoryObject": "/Game/Art/Environments/SpaceRig/WidgetCabinPlayerName.WidgetCabinPlayerName_C"
                },
                "VariableName": "K2Node_DynamicCast_AsWidget_Cabin_Player_Name_1"
              }
            },
            "StatementIndex": 1055
          },
          {
            "Inst": "JumpIfNot",
            "Offset": 1193,
            "Condition": {
              "Inst": "LocalVariable",
              "VariableType": {
                "PinCategory": "bool",
                "PinSubCategory": "bool"
              },
              "VariableName": "K2Node_DynamicCast_bSuccess_1"
            },
            "StatementIndex": 1084
          },
          {
            "Inst": "Let",
            "Variable": {
              "Inst": "LocalVariable",
              "VariableType": {
                "PinCategory": "Struct",
                "PinSubCategory": "Struct",
                "PinSubCategoryObject": "/Script/CoreUObject.LinearColor"
              },
              "VariableName": "CallFunc_GetLightColor_ReturnValue"
            },
            "Expression": {
              "Inst": "Context",
              "Context": {
                "Inst": "InstanceVariable",
                "VariableType": {
                  "PinCategory": "Object",
                  "PinSubCategory": "Object",
                  "PinSubCategoryObject": "/Script/Engine.PointLightComponent"
                },
                "VariableName": "PointLight"
              },
              "SkipOffsetForNull": 10,
              "RValuePropertyType": {
                "PinCategory": "Struct",
                "PinSubCategory": "Struct",
                "PinSubCategoryObject": "/Script/CoreUObject.LinearColor"
              },
              "RValuePropertyName": "CallFunc_GetLightColor_ReturnValue",
              "Expression": {
                "Inst": "FinalFunction",
                "Function": "GetLightColor",
                "Parameters": []
              }
            },
            "StatementIndex": 1098
          },
          {
            "Inst": "Context",
            "Context": {
              "Inst": "LocalVariable",
              "VariableType": {
                "PinCategory": "Object",
                "PinSubCategory": "Object",
                "PinSubCategoryObject": "/Game/Art/Environments/SpaceRig/WidgetCabinPlayerName.WidgetCabinPlayerName_C"
              },
              "VariableName": "K2Node_DynamicCast_AsWidget_Cabin_Player_Name_1"
            },
            "SkipOffsetForNull": 23,
            "Expression": {
              "Inst": "LocalVirtualFunction",
              "FunctionName": "SetColor",
              "Parameters": [
                {
                  "Inst": "LocalVariable",
                  "VariableType": {
                    "PinCategory": "Struct",
                    "PinSubCategory": "Struct",
                    "PinSubCategoryObject": "/Script/CoreUObject.LinearColor"
                  },
                  "VariableName": "CallFunc_GetLightColor_ReturnValue"
                }
              ]
            },
            "StatementIndex": 1148
          },
          {
            "Inst": "Return",
            "Expression": {
              "Inst": "Nothing"
            },
            "StatementIndex": 1193
          },
          {
            "Inst": "EndOfScript",
            "StatementIndex": 1195
          }
        ],
        "FunctionFlags": "8421377"
      }
    ],
    "ChildProperties": [
      {
        "FieldKind": "Property",
        "ObjectClass": "StructProperty",
        "ObjectName": "UberGraphFrame",
        "ArrayDim": 1,
        "PropertyFlags": "2105344",
        "RepNotifyFunc": "None",
        "BlueprintReplicationCondition": 0,
        "Struct": 54
      },
      {
        "FieldKind": "Property",
        "ObjectClass": "ObjectProperty",
        "ObjectName": "PointLight",
        "ArrayDim": 1,
        "PropertyFlags": "17180393476",
        "RepNotifyFunc": "None",
        "BlueprintReplicationCondition": 0,
        "PropertyClass": 13
      },
      {
        "FieldKind": "Property",
        "ObjectClass": "ObjectProperty",
        "ObjectName": "StaticMesh2",
        "ArrayDim": 1,
        "PropertyFlags": "17180393476",
        "RepNotifyFunc": "None",
        "BlueprintReplicationCondition": 0,
        "PropertyClass": 17
      },
      {
        "FieldKind": "Property",
        "ObjectClass": "ObjectProperty",
        "ObjectName": "NameWidget",
        "ArrayDim": 1,
        "PropertyFlags": "17180393476",
        "RepNotifyFunc": "None",
        "BlueprintReplicationCondition": 0,
        "PropertyClass": 20
      },
      {
        "FieldKind": "Property",
        "ObjectClass": "ObjectProperty",
        "ObjectName": "Lamp",
        "ArrayDim": 1,
        "PropertyFlags": "17180393476",
        "RepNotifyFunc": "None",
        "BlueprintReplicationCondition": 0,
        "PropertyClass": 17
      },
      {
        "FieldKind": "Property",
        "ObjectClass": "ObjectProperty",
        "ObjectName": "DefaultSceneRoot",
        "ArrayDim": 1,
        "PropertyFlags": "17180393476",
        "RepNotifyFunc": "None",
        "BlueprintReplicationCondition": 0,
        "PropertyClass": 14
      }
    ],
    "ClassFlags": "8652820",
    "ClassWithin": 3,
    "ClassConfigName": "Engine",
    "Interfaces": [],
    "ClassDefaultObject": 64,
    "AssetObjectData": {
      "SimpleConstructionScript": 72,
      "$ReferencedObjects": [
        72
      ]
    },
    "GeneratedVariableNames": [
      "DefaultSceneRoot",
      "Lamp",
      "NameWidget",
      "StaticMesh2",
      "PointLight"
    ]
  },
  "ObjectHierarchy": [
    {
      "ObjectIndex": 0,
      "Type": "Import",
      "ClassPackage": "/Script/Engine",
      "ClassName": "Actor",
      "Outer": 48,
      "ObjectName": "Default__Actor"
    },
    {
      "ObjectIndex": 1,
      "Type": "Import",
      "ClassPackage": "/Script/Engine",
      "ClassName": "BlueprintGeneratedClass",
      "Outer": 48,
      "ObjectName": "Default__BlueprintGeneratedClass"
    },
    {
      "ObjectIndex": 2,
      "Type": "Import",
      "ClassPackage": "/Script/CoreUObject",
      "ClassName": "Class",
      "Outer": 47,
      "ObjectName": "Function"
    },
    {
      "ObjectIndex": 3,
      "Type": "Import",
      "ClassPackage": "/Script/CoreUObject",
      "ClassName": "Class",
      "Outer": 47,
      "ObjectName": "Object"
    },
    {
      "ObjectIndex": 4,
      "Type": "Import",
      "ClassPackage": "/Script/CoreUObject",
      "ClassName": "Class",
      "Outer": 48,
      "ObjectName": "Actor"
    },
    {
      "ObjectIndex": 5,
      "Type": "Import",
      "ClassPackage": "/Script/CoreUObject",
      "ClassName": "Class",
      "Outer": 48,
      "ObjectName": "BlueprintGeneratedClass"
    },
    {
      "ObjectIndex": 6,
      "Type": "Import",
      "ClassPackage": "/Script/CoreUObject",
      "ClassName": "Class",
      "Outer": 48,
      "ObjectName": "KismetMathLibrary"
    },
    {
      "ObjectIndex": 7,
      "Type": "Import",
      "ClassPackage": "/Script/CoreUObject",
      "ClassName": "Class",
      "Outer": 48,
      "ObjectName": "KismetSystemLibrary"
    },
    {
      "ObjectIndex": 8,
      "Type": "Import",
      "ClassPackage": "/Script/CoreUObject",
      "ClassName": "Class",
      "Outer": 48,
      "ObjectName": "KismetTextLibrary"
    },
    {
      "ObjectIndex": 9,
      "Type": "Import",
      "ClassPackage": "/Script/CoreUObject",
      "ClassName": "Class",
      "Outer": 48,
      "ObjectName": "LightComponent"
    },
    {
      "ObjectIndex": 10,
      "Type": "Import",
      "ClassPackage": "/Script/CoreUObject",
      "ClassName": "Class",
      "Outer": 48,
      "ObjectName": "LightComponentBase"
    },
    {
      "ObjectIndex": 11,
      "Type": "Import",
      "ClassPackage": "/Script/CoreUObject",
      "ClassName": "Class",
      "Outer": 48,
      "ObjectName": "MaterialInstanceDynamic"
    },
    {
      "ObjectIndex": 12,
      "Type": "Import",
      "ClassPackage": "/Script/CoreUObject",
      "ClassName": "Class",
      "Outer": 48,
      "ObjectName": "PlayerState"
    },
    {
      "ObjectIndex": 13,
      "Type": "Import",
      "ClassPackage": "/Script/CoreUObject",
      "ClassName": "Class",
      "Outer": 48,
      "ObjectName": "PointLightComponent"
    },
    {
      "ObjectIndex": 14,
      "Type": "Import",
      "ClassPackage": "/Script/CoreUObject",
      "ClassName": "Class",
      "Outer": 48,
      "ObjectName": "SceneComponent"
    },
    {
      "ObjectIndex": 15,
      "Type": "Import",
      "ClassPackage": "/Script/CoreUObject",
      "ClassName": "Class",
      "Outer": 48,
      "ObjectName": "SCS_Node"
    },
    {
      "ObjectIndex": 16,
      "Type": "Import",
      "ClassPackage": "/Script/CoreUObject",
      "ClassName": "Class",
      "Outer": 48,
      "ObjectName": "SimpleConstructionScript"
    },
    {
      "ObjectIndex": 17,
      "Type": "Import",
      "ClassPackage": "/Script/CoreUObject",
      "ClassName": "Class",
      "Outer": 48,
      "ObjectName": "StaticMeshComponent"
    },
    {
      "ObjectIndex": 18,
      "Type": "Import",
      "ClassPackage": "/Script/CoreUObject",
      "ClassName": "Class",
      "Outer": 49,
      "ObjectName": "FSDPlayerState"
    },
    {
      "ObjectIndex": 19,
      "Type": "Import",
      "ClassPackage": "/Script/CoreUObject",
      "ClassName": "Class",
      "Outer": 50,
      "ObjectName": "UserWidget"
    },
    {
      "ObjectIndex": 20,
      "Type": "Import",
      "ClassPackage": "/Script/CoreUObject",
      "ClassName": "Class",
      "Outer": 50,
      "ObjectName": "WidgetComponent"
    },
    {
      "ObjectIndex": 21,
      "Type": "Import",
      "ClassPackage": "/Script/CoreUObject",
      "ClassName": "DelegateFunction",
      "Outer": 49,
      "ObjectName": "PlayerNameChangedSignature__DelegateSignature"
    },
    {
      "ObjectIndex": 22,
      "Type": "Import",
      "ClassPackage": "/Script/CoreUObject",
      "ClassName": "Function",
      "Outer": 47,
      "ObjectName": "Default__Function"
    },
    {
      "ObjectIndex": 23,
      "Type": "Import",
      "ClassPackage": "/Script/CoreUObject",
      "ClassName": "Function",
      "Outer": 4,
      "ObjectName": "ReceiveBeginPlay"
    },
    {
      "ObjectIndex": 24,
      "Type": "Import",
      "ClassPackage": "/Script/CoreUObject",
      "ClassName": "Function",
      "Outer": 4,
      "ObjectName": "UserConstructionScript"
    },
    {
      "ObjectIndex": 25,
      "Type": "Import",
      "ClassPackage": "/Script/CoreUObject",
      "ClassName": "Function",
      "Outer": 6,
      "ObjectName": "Multiply_LinearColorFloat"
    },
    {
      "ObjectIndex": 26,
      "Type": "Import",
      "ClassPackage": "/Script/CoreUObject",
      "ClassName": "Function",
      "Outer": 7,
      "ObjectName": "IsValid"
    },
    {
      "ObjectIndex": 27,
      "Type": "Import",
      "ClassPackage": "/Script/CoreUObject",
      "ClassName": "Function",
      "Outer": 7,
      "ObjectName": "MakeLiteralText"
    },
    {
      "ObjectIndex": 28,
      "Type": "Import",
      "ClassPackage": "/Script/CoreUObject",
      "ClassName": "Function",
      "Outer": 8,
      "ObjectName": "Conv_StringToText"
    },
    {
      "ObjectIndex": 29,
      "Type": "Import",
      "ClassPackage": "/Script/CoreUObject",
      "ClassName": "Function",
      "Outer": 9,
      "ObjectName": "SetLightColor"
    },
    {
      "ObjectIndex": 30,
      "Type": "Import",
      "ClassPackage": "/Script/CoreUObject",
      "ClassName": "Function",
      "Outer": 10,
      "ObjectName": "GetLightColor"
    },
    {
      "ObjectIndex": 31,
      "Type": "Import",
      "ClassPackage": "/Script/CoreUObject",
      "ClassName": "Function",
      "Outer": 11,
      "ObjectName": "SetVectorParameterValue"
    },
    {
      "ObjectIndex": 32,
      "Type": "Import",
      "ClassPackage": "/Script/CoreUObject",
      "ClassName": "Function",
      "Outer": 12,
      "ObjectName": "GetPlayerName"
    },
    {
      "ObjectIndex": 33,
      "Type": "Import",
      "ClassPackage": "/Script/CoreUObject",
      "ClassName": "Function",
      "Outer": 20,
      "ObjectName": "GetUserWidgetObject"
    },
    {
      "ObjectIndex": 34,
      "Type": "Import",
      "ClassPackage": "/Script/Engine",
      "ClassName": "MaterialInstanceConstant",
      "Outer": 40,
      "ObjectName": "M_SpaceRig_DarkGlass01_WS"
    },
    {
      "ObjectIndex": 35,
      "Type": "Import",
      "ClassPackage": "/Script/Engine",
      "ClassName": "MaterialInstanceConstant",
      "Outer": 41,
      "ObjectName": "M_SpaceRig_Metal01_WS"
    },
    {
      "ObjectIndex": 36,
      "Type": "Import",
      "ClassPackage": "/Script/Engine",
      "ClassName": "MaterialInstanceConstant",
      "Outer": 42,
      "ObjectName": "M_SpaceRig_Metal02_WS"
    },
    {
      "ObjectIndex": 37,
      "Type": "Import",
      "ClassPackage": "/Script/Engine",
      "ClassName": "MaterialInstanceConstant",
      "Outer": 43,
      "ObjectName": "M_SpaceRig_Metal06_WS"
    },
    {
      "ObjectIndex": 38,
      "Type": "Import",
      "ClassPackage": "/Script/Engine",
      "ClassName": "MaterialInstanceConstant",
      "Outer": 46,
      "ObjectName": "M_Widget_LCD_Scanlines010"
    },
    {
      "ObjectIndex": 39,
      "Type": "Import",
      "ClassPackage": "/Script/CoreUObject",
      "ClassName": "Package",
      "ObjectName": "/Game/Art/Environments/SpaceRig/Furniture/SM_WallLamp_002"
    },
    {
      "ObjectIndex": 40,
      "Type": "Import",
      "ClassPackage": "/Script/CoreUObject",
      "ClassName": "Package",
      "ObjectName": "/Game/Art/Environments/SpaceRig/Materials/M_SpaceRig_DarkGlass01_WS"
    },
    {
      "ObjectIndex": 41,
      "Type": "Import",
      "ClassPackage": "/Script/CoreUObject",
      "ClassName": "Package",
      "ObjectName": "/Game/Art/Environments/SpaceRig/Materials/M_SpaceRig_Metal01_WS"
    },
    {
      "ObjectIndex": 42,
      "Type": "Import",
      "ClassPackage": "/Script/CoreUObject",
      "ClassName": "Package",
      "ObjectName": "/Game/Art/Environments/SpaceRig/Materials/M_SpaceRig_Metal02_WS"
    },
    {
      "ObjectIndex": 43,
      "Type": "Import",
      "ClassPackage": "/Script/CoreUObject",
      "ClassName": "Package",
      "ObjectName": "/Game/Art/Environments/SpaceRig/Materials/M_SpaceRig_Metal06_WS"
    },
    {
      "ObjectIndex": 44,
      "Type": "Import",
      "ClassPackage": "/Script/CoreUObject",
      "ClassName": "Package",
      "ObjectName": "/Game/Art/Environments/SpaceRig/SM_PlayerSign"
    },
    {
      "ObjectIndex": 45,
      "Type": "Import",
      "ClassPackage": "/Script/CoreUObject",
      "ClassName": "Package",
      "ObjectName": "/Game/Art/Environments/SpaceRig/WidgetCabinPlayerName"
    },
    {
      "ObjectIndex": 46,
      "Type": "Import",
      "ClassPackage": "/Script/CoreUObject",
      "ClassName": "Package",
      "ObjectName": "/Game/Art/WidgetMaterials/M_Widget_LCD_Scanlines010"
    },
    {
      "ObjectIndex": 47,
      "Type": "Import",
      "ClassPackage": "/Script/CoreUObject",
      "ClassName": "Package",
      "ObjectName": "/Script/CoreUObject"
    },
    {
      "ObjectIndex": 48,
      "Type": "Import",
      "ClassPackage": "/Script/CoreUObject",
      "ClassName": "Package",
      "ObjectName": "/Script/Engine"
    },
    {
      "ObjectIndex": 49,
      "Type": "Import",
      "ClassPackage": "/Script/CoreUObject",
      "ClassName": "Package",
      "ObjectName": "/Script/FSD"
    },
    {
      "ObjectIndex": 50,
      "Type": "Import",
      "ClassPackage": "/Script/CoreUObject",
      "ClassName": "Package",
      "ObjectName": "/Script/UMG"
    },
    {
      "ObjectIndex": 51,
      "Type": "Import",
      "ClassPackage": "/Script/Engine",
      "ClassName": "PointLightComponent",
      "Outer": 48,
      "ObjectName": "Default__PointLightComponent"
    },
    {
      "ObjectIndex": 52,
      "Type": "Import",
      "ClassPackage": "/Script/Engine",
      "ClassName": "SceneComponent",
      "Outer": 48,
      "ObjectName": "Default__SceneComponent"
    },
    {
      "ObjectIndex": 53,
      "Type": "Import",
      "ClassPackage": "/Script/CoreUObject",
      "ClassName": "ScriptStruct",
      "Outer": 47,
      "ObjectName": "LinearColor"
    },
    {
      "ObjectIndex": 54,
      "Type": "Import",
      "ClassPackage": "/Script/CoreUObject",
      "ClassName": "ScriptStruct",
      "Outer": 48,
      "ObjectName": "PointerToUberGraphFrame"
    },
    {
      "ObjectIndex": 55,
      "Type": "Import",
      "ClassPackage": "/Script/Engine",
      "ClassName": "SCS_Node",
      "Outer": 48,
      "ObjectName": "Default__SCS_Node"
    },
    {
      "ObjectIndex": 56,
      "Type": "Import",
      "ClassPackage": "/Script/Engine",
      "ClassName": "SimpleConstructionScript",
      "Outer": 48,
      "ObjectName": "Default__SimpleConstructionScript"
    },
    {
      "ObjectIndex": 57,
      "Type": "Import",
      "ClassPackage": "/Script/Engine",
      "ClassName": "StaticMesh",
      "Outer": 39,
      "ObjectName": "SM_WallLamp_002"
    },
    {
      "ObjectIndex": 58,
      "Type": "Import",
      "ClassPackage": "/Script/Engine",
      "ClassName": "StaticMesh",
      "Outer": 44,
      "ObjectName": "SM_PlayerSign"
    },
    {
      "ObjectIndex": 59,
      "Type": "Import",
      "ClassPackage": "/Script/Engine",
      "ClassName": "StaticMeshComponent",
      "Outer": 48,
      "ObjectName": "Default__StaticMeshComponent"
    },
    {
      "ObjectIndex": 60,
      "Type": "Import",
      "ClassPackage": "/Script/UMG",
      "ClassName": "WidgetBlueprintGeneratedClass",
      "Outer": 45,
      "ObjectName": "WidgetCabinPlayerName_C"
    },
    {
      "ObjectIndex": 61,
      "Type": "Import",
      "ClassPackage": "/Game/Art/Environments/SpaceRig/WidgetCabinPlayerName",
      "ClassName": "WidgetCabinPlayerName_C",
      "Outer": 45,
      "ObjectName": "Default__WidgetCabinPlayerName_C"
    },
    {
      "ObjectIndex": 62,
      "Type": "Import",
      "ClassPackage": "/Script/UMG",
      "ClassName": "WidgetComponent",
      "Outer": 50,
      "ObjectName": "Default__WidgetComponent"
    },
    {
      "ObjectIndex": 63,
      "Type": "Export",
      "ObjectMark": "$AssetObject$"
    },
    {
      "ObjectIndex": 64,
      "Type": "Export",
      "ObjectClass": 63,
      "Outer": -1,
      "ObjectName": "Default__BP_CabinOwnerSign_C",
      "ObjectFlags": 49,
      "Properties": {
        "UberGraphFrame": {},
        "$ReferencedObjects": []
      }
    },
    {
      "ObjectIndex": 65,
      "Type": "Export",
      "ObjectClass": 13,
      "Outer": 63,
      "ObjectName": "PointLight_GEN_VARIABLE",
      "ObjectFlags": 41,
      "Properties": {
        "bUseInverseSquaredFalloff": false,
        "LightFalloffExponent": 2.0,
        "SoftSourceRadius": 5.0,
        "AttenuationRadius": 100.0,
        "Intensity": 20.0,
        "LightColor": {
          "R": 255,
          "G": 0,
          "B": 0,
          "A": 255
        },
        "CastShadows": false,
        "RelativeLocation": {
          "X": -6.1305815E-05,
          "Y": 31.941626,
          "Z": 0.0
        },
        "RelativeRotation": {
          "Pitch": 1.3660378E-05,
          "Yaw": 89.99949,
          "Roll": -179.99954
        },
        "$ReferencedObjects": []
      }
    },
    {
      "ObjectIndex": 66,
      "Type": "Export",
      "ObjectClass": 14,
      "Outer": 63,
      "ObjectName": "DefaultSceneRoot_GEN_VARIABLE",
      "ObjectFlags": 41,
      "Properties": {
        "$ReferencedObjects": []
      }
    },
    {
      "ObjectIndex": 67,
      "Type": "Export",
      "ObjectClass": 15,
      "Outer": 72,
      "ObjectName": "SCS_Node_0",
      "ObjectFlags": 8,
      "Properties": {
        "ComponentClass": 14,
        "ComponentTemplate": 66,
        "ChildNodes": [
          68,
          71,
          69
        ],
        "VariableGuid": {
          "A": -191647661,
          "B": 1315575879,
          "C": 76834712,
          "D": 1658588672
        },
        "InternalVariableName": "DefaultSceneRoot",
        "$ReferencedObjects": [
          14,
          66,
          68,
          71,
          69
        ]
      }
    },
    {
      "ObjectIndex": 68,
      "Type": "Export",
      "ObjectClass": 15,
      "Outer": 72,
      "ObjectName": "SCS_Node_1",
      "ObjectFlags": 8,
      "Properties": {
        "ComponentClass": 17,
        "ComponentTemplate": 73,
        "ChildNodes": [
          70
        ],
        "VariableGuid": {
          "A": 1640899420,
          "B": 1208447089,
          "C": 585842078,
          "D": 1102948988
        },
        "InternalVariableName": "Lamp",
        "$ReferencedObjects": [
          17,
          73,
          70
        ]
      }
    },
    {
      "ObjectIndex": 69,
      "Type": "Export",
      "ObjectClass": 15,
      "Outer": 72,
      "ObjectName": "SCS_Node_3",
      "ObjectFlags": 8,
      "Properties": {
        "ComponentClass": 17,
        "ComponentTemplate": 74,
        "VariableGuid": {
          "A": -409120444,
          "B": 1183963157,
          "C": 2117628042,
          "D": -1160669750
        },
        "InternalVariableName": "StaticMesh2",
        "$ReferencedObjects": [
          17,
          74
        ]
      }
    },
    {
      "ObjectIndex": 70,
      "Type": "Export",
      "ObjectClass": 15,
      "Outer": 72,
      "ObjectName": "SCS_Node_4",
      "ObjectFlags": 8,
      "Properties": {
        "ComponentClass": 13,
        "ComponentTemplate": 65,
        "VariableGuid": {
          "A": -1938739921,
          "B": 1323816003,
          "C": 2062210472,
          "D": -1576356805
        },
        "InternalVariableName": "PointLight",
        "$ReferencedObjects": [
          13,
          65
        ]
      }
    },
    {
      "ObjectIndex": 71,
      "Type": "Export",
      "ObjectClass": 15,
      "Outer": 72,
      "ObjectName": "SCS_Node_5",
      "ObjectFlags": 8,
      "Properties": {
        "ComponentClass": 20,
        "ComponentTemplate": 75,
        "VariableGuid": {
          "A": -180330603,
          "B": 1156782906,
          "C": 91456688,
          "D": 2057758534
        },
        "InternalVariableName": "NameWidget",
        "$ReferencedObjects": [
          20,
          75
        ]
      }
    },
    {
      "ObjectIndex": 72,
      "Type": "Export",
      "ObjectClass": 16,
      "Outer": 63,
      "ObjectName": "SimpleConstructionScript_0",
      "ObjectFlags": 8,
      "Properties": {
        "RootNodes": [
          67
        ],
        "AllNodes": [
          67,
          68,
          71,
          69,
          70
        ],
        "DefaultSceneRootNode": 67,
        "$ReferencedObjects": [
          67,
          68,
          71,
          69,
          70
        ]
      }
    },
    {
      "ObjectIndex": 73,
      "Type": "Export",
      "ObjectClass": 17,
      "Outer": 63,
      "ObjectName": "Lamp_GEN_VARIABLE",
      "ObjectFlags": 41,
      "Properties": {
        "StaticMesh": 57,
        "OverrideMaterials": [
          37
        ],
        "CastShadow": false,
        "RelativeLocation": {
          "X": 7.7948885,
          "Y": -0.00012410112,
          "Z": 19.801748
        },
        "RelativeRotation": {
          "Pitch": 0.00048542023,
          "Yaw": 449.99954,
          "Roll": -180.0
        },
        "$ReferencedObjects": [
          57,
          37
        ]
      }
    },
    {
      "ObjectIndex": 74,
      "Type": "Export",
      "ObjectClass": 17,
      "Outer": 63,
      "ObjectName": "StaticMesh2_GEN_VARIABLE",
      "ObjectFlags": 41,
      "Properties": {
        "StaticMesh": 58,
        "OverrideMaterials": [
          37,
          35,
          36,
          34
        ],
        "RelativeLocation": {
          "X": -0.2586689,
          "Y": 1.4167602,
          "Z": -0.3002987
        },
        "RelativeRotation": {
          "Pitch": 0.0,
          "Yaw": -90.000244,
          "Roll": 0.0
        },
        "$ReferencedObjects": [
          58,
          37,
          35,
          36,
          34
        ]
      }
    },
    {
      "ObjectIndex": 75,
      "Type": "Export",
      "ObjectClass": 20,
      "Outer": 63,
      "ObjectName": "NameWidget_GEN_VARIABLE",
      "ObjectFlags": 41,
      "Properties": {
        "WidgetClass": 60,
        "DrawSize": {
          "X": 480,
          "Y": 50
        },
        "RedrawTime": 1.0,
        "WindowVisibility": "EWindowVisibility::Visible",
        "OverrideMaterials": [
          38
        ],
        "RelativeLocation": {
          "X": 6.8473644,
          "Y": 1.9996338,
          "Z": -14.555739
        },
        "RelativeScale3D": {
          "X": 0.5,
          "Y": 0.5,
          "Z": 0.5
        },
        "$ReferencedObjects": [
          60,
          38
        ]
      }
    }
  ]
}