{
  "AssetClass": "Blueprint",
  "AssetPackage": "/Game/Art/Environments/SpaceRig/BP_LightPost01",
  "AssetName": "BP_LightPost01",
  "AssetSerializedData": {
    "SkipDependecies": false,
    "SuperStruct": 4,
    "Children": [
      {
        "FieldKind": "Function",
        "ObjectClass": "Function",
        "ObjectName": "UserConstructionScript",
        "SuperStruct": 23,
        "Children": [],
        "ChildProperties": [
          {
            "FieldKind": "Property",
            "ObjectClass": "IntProperty",
            "ObjectName": "CallFunc_Subtract_IntInt_ReturnValue",
            "ArrayDim": 1,
            "PropertyFlags": "0",
            "RepNotifyFunc": "None",
            "BlueprintReplicationCondition": 0
          },
          {
            "FieldKind": "Property",
            "ObjectClass": "IntProperty",
            "ObjectName": "CallFunc_Array_Length_ReturnValue",
            "ArrayDim": 1,
            "PropertyFlags": "0",
            "RepNotifyFunc": "None",
            "BlueprintReplicationCondition": 0
          },
          {
            "FieldKind": "Property",
            "ObjectClass": "IntProperty",
            "ObjectName": "CallFunc_Subtract_IntInt_ReturnValue_1",
            "ArrayDim": 1,
            "PropertyFlags": "0",
            "RepNotifyFunc": "None",
            "BlueprintReplicationCondition": 0
          },
          {
            "FieldKind": "Property",
            "ObjectClass": "IntProperty",
            "ObjectName": "CallFunc_Clamp_ReturnValue",
            "ArrayDim": 1,
            "PropertyFlags": "0",
            "RepNotifyFunc": "None",
            "BlueprintReplicationCondition": 0
          },
          {
            "FieldKind": "Property",
            "ObjectClass": "ObjectProperty",
            "ObjectName": "CallFunc_Array_Get_Item",
            "ArrayDim": 1,
            "PropertyFlags": "0",
            "RepNotifyFunc": "None",
            "BlueprintReplicationCondition": 0,
            "PropertyClass": 19
          },
          {
            "FieldKind": "Property",
            "ObjectClass": "BoolProperty",
            "ObjectName": "CallFunc_SetStaticMesh_ReturnValue",
            "ArrayDim": 1,
            "PropertyFlags": "0",
            "RepNotifyFunc": "None",
            "BlueprintReplicationCondition": 0,
            "BoolSize": 1,
            "NativeBool": true
          },
          {
            "FieldKind": "Property",
            "ObjectClass": "FloatProperty",
            "ObjectName": "CallFunc_Multiply_FloatFloat_ReturnValue",
            "ArrayDim": 1,
            "PropertyFlags": "0",
            "RepNotifyFunc": "None",
            "BlueprintReplicationCondition": 0
          },
          {
            "FieldKind": "Property",
            "ObjectClass": "StructProperty",
            "ObjectName": "CallFunc_K2_AddLocalOffset_SweepHitResult",
            "ArrayDim": 1,
            "PropertyFlags": "549755813888",
            "RepNotifyFunc": "None",
            "BlueprintReplicationCondition": 0,
            "Struct": 54
          },
          {
            "FieldKind": "Property",
            "ObjectClass": "StructProperty",
            "ObjectName": "CallFunc_GetLightColor_ReturnValue",
            "ArrayDim": 1,
            "PropertyFlags": "0",
            "RepNotifyFunc": "None",
            "BlueprintReplicationCondition": 0,
            "Struct": 52
          },
          {
            "FieldKind": "Property",
            "ObjectClass": "ObjectProperty",
            "ObjectName": "CallFunc_CreateDynamicMaterialInstance_ReturnValue",
            "ArrayDim": 1,
            "PropertyFlags": "0",
            "RepNotifyFunc": "None",
            "BlueprintReplicationCondition": 0,
            "PropertyClass": 14
          }
        ],
        "Script": [
          {
            "Inst": "Let",
            "Variable": {
              "Inst": "LocalVariable",
              "VariableType": {
                "PinCategory": "int",
                "PinSubCategory": "int"
              },
              "VariableName": "CallFunc_Subtract_IntInt_ReturnValue"
            },
            "Expression": {
              "Inst": "CallMath",
              "Function": "Subtract_IntInt",
              "ContextClass": "/Script/Engine.KismetMathLibrary",
              "Parameters": [
                {
                  "Inst": "InstanceVariable",
                  "VariableType": {
                    "PinCategory": "int",
                    "PinSubCategory": "int"
                  },
                  "VariableName": "Mesh to use"
                },
                {
                  "Inst": "IntConst",
                  "Value": 1
                }
              ]
            },
            "StatementIndex": 0
          },
          {
            "Inst": "Let",
            "Variable": {
              "Inst": "LocalVariable",
              "VariableType": {
                "PinCategory": "int",
                "PinSubCategory": "int"
              },
              "VariableName": "CallFunc_Array_Length_ReturnValue"
            },
            "Expression": {
              "Inst": "Context",
              "Context": {
                "Inst": "ObjectConst",
                "Object": "/Script/Engine.Default__KismetArrayLibrary"
              },
              "SkipOffsetForNull": 19,
              "RValuePropertyType": {
                "PinCategory": "int",
                "PinSubCategory": "int"
              },
              "RValuePropertyName": "CallFunc_Array_Length_ReturnValue",
              "Expression": {
                "Inst": "FinalFunction",
                "Function": "Array_Length",
                "Parameters": [
                  {
                    "Inst": "InstanceVariable",
                    "VariableType": {
                      "PinCategory": "Object",
                      "PinSubCategory": "Object",
                      "PinSubCategoryObject": "/Script/Engine.StaticMesh",
                      "ContainerType": 1
                    },
                    "VariableName": "Mesh"
                  }
                ]
              }
            },
            "StatementIndex": 42
          },
          {
            "Inst": "Let",
            "Variable": {
              "Inst": "LocalVariable",
              "VariableType": {
                "PinCategory": "int",
                "PinSubCategory": "int"
              },
              "VariableName": "CallFunc_Subtract_IntInt_ReturnValue_1"
            },
            "Expression": {
              "Inst": "CallMath",
              "Function": "Subtract_IntInt",
              "ContextClass": "/Script/Engine.KismetMathLibrary",
              "Parameters": [
                {
                  "Inst": "LocalVariable",
                  "VariableType": {
                    "PinCategory": "int",
                    "PinSubCategory": "int"
                  },
                  "VariableName": "CallFunc_Array_Length_ReturnValue"
                },
                {
                  "Inst": "IntConst",
                  "Value": 1
                }
              ]
            },
            "StatementIndex": 101
          },
          {
            "Inst": "Let",
            "Variable": {
              "Inst": "LocalVariable",
              "VariableType": {
                "PinCategory": "int",
                "PinSubCategory": "int"
              },
              "VariableName": "CallFunc_Clamp_ReturnValue"
            },
            "Expression": {
              "Inst": "CallMath",
              "Function": "Clamp",
              "ContextClass": "/Script/Engine.KismetMathLibrary",
              "Parameters": [
                {
                  "Inst": "LocalVariable",
                  "VariableType": {
                    "PinCategory": "int",
                    "PinSubCategory": "int"
                  },
                  "VariableName": "CallFunc_Subtract_IntInt_ReturnValue"
                },
                {
                  "Inst": "IntConst",
                  "Value": 0
                },
                {
                  "Inst": "LocalVariable",
                  "VariableType": {
                    "PinCategory": "int",
                    "PinSubCategory": "int"
                  },
                  "VariableName": "CallFunc_Subtract_IntInt_ReturnValue_1"
                }
              ]
            },
            "StatementIndex": 143
          },
          {
            "Inst": "Context",
            "Context": {
              "Inst": "ObjectConst",
              "Object": "/Script/Engine.Default__KismetArrayLibrary"
            },
            "SkipOffsetForNull": 37,
            "Expression": {
              "Inst": "FinalFunction",
              "Function": "Array_Get",
              "Parameters": [
                {
                  "Inst": "InstanceVariable",
                  "VariableType": {
                    "PinCategory": "Object",
                    "PinSubCategory": "Object",
                    "PinSubCategoryObject": "/Script/Engine.StaticMesh",
                    "ContainerType": 1
                  },
                  "VariableName": "Mesh"
                },
                {
                  "Inst": "LocalVariable",
                  "VariableType": {
                    "PinCategory": "int",
                    "PinSubCategory": "int"
                  },
                  "VariableName": "CallFunc_Clamp_ReturnValue"
                },
                {
                  "Inst": "LocalVariable",
                  "VariableType": {
                    "PinCategory": "Object",
                    "PinSubCategory": "Object",
                    "PinSubCategoryObject": "/Script/Engine.StaticMesh"
                  },
                  "VariableName": "CallFunc_Array_Get_Item"
                }
              ]
            },
            "StatementIndex": 194
          },
          {
            "Inst": "LetBool",
            "Variable": {
              "Inst": "LocalVariable",
              "VariableType": {
                "PinCategory": "bool",
                "PinSubCategory": "bool"
              },
              "VariableName": "CallFunc_SetStaticMesh_ReturnValue"
            },
            "Expression": {
              "Inst": "Context",
              "Context": {
                "Inst": "InstanceVariable",
                "VariableType": {
                  "PinCategory": "Object",
                  "PinSubCategory": "Object",
                  "PinSubCategoryObject": "/Script/Engine.StaticMeshComponent"
                },
                "VariableName": "Static Mesh"
              },
              "SkipOffsetForNull": 23,
              "RValuePropertyType": {
                "PinCategory": "bool",
                "PinSubCategory": "bool"
              },
              "RValuePropertyName": "CallFunc_SetStaticMesh_ReturnValue",
              "Expression": {
                "Inst": "VirtualFunction",
                "Function": "SetStaticMesh",
                "Parameters": [
                  {
                    "Inst": "LocalVariable",
                    "VariableType": {
                      "PinCategory": "Object",
                      "PinSubCategory": "Object",
                      "PinSubCategoryObject": "/Script/Engine.StaticMesh"
                    },
                    "VariableName": "CallFunc_Array_Get_Item"
                  }
                ]
              }
            },
            "StatementIndex": 253
          },
          {
            "Inst": "Context",
            "Context": {
              "Inst": "InstanceVariable",
              "VariableType": {
                "PinCategory": "Object",
                "PinSubCategory": "Object",
                "PinSubCategoryObject": "/Script/Engine.PointLightComponent"
              },
              "VariableName": "PointLight"
            },
            "SkipOffsetForNull": 20,
            "Expression": {
              "Inst": "FinalFunction",
              "Function": "SetLightColor",
              "Parameters": [
                {
                  "Inst": "InstanceVariable",
                  "VariableType": {
                    "PinCategory": "Struct",
                    "PinSubCategory": "Struct",
                    "PinSubCategoryObject": "/Script/CoreUObject.LinearColor"
                  },
                  "VariableName": "Light Color"
                },
                {
                  "Inst": "True"
                }
              ]
            },
            "StatementIndex": 308
          },
          {
            "Inst": "Let",
            "Variable": {
              "Inst": "LocalVariable",
              "VariableType": {
                "PinCategory": "Float",
                "PinSubCategory": "Float"
              },
              "VariableName": "CallFunc_Multiply_FloatFloat_ReturnValue"
            },
            "Expression": {
              "Inst": "CallMath",
              "Function": "Multiply_FloatFloat",
              "ContextClass": "/Script/Engine.KismetMathLibrary",
              "Parameters": [
                {
                  "Inst": "InstanceVariable",
                  "VariableType": {
                    "PinCategory": "Float",
                    "PinSubCategory": "Float"
                  },
                  "VariableName": "Light Intensity"
                },
                {
                  "Inst": "FloatConst",
                  "Value": 1.0
                }
              ]
            },
            "StatementIndex": 350
          },
          {
            "Inst": "Context",
            "Context": {
              "Inst": "InstanceVariable",
              "VariableType": {
                "PinCategory": "Object",
                "PinSubCategory": "Object",
                "PinSubCategoryObject": "/Script/Engine.PointLightComponent"
              },
              "VariableName": "PointLight"
            },
            "SkipOffsetForNull": 19,
            "Expression": {
              "Inst": "FinalFunction",
              "Function": "SetIntensity",
              "Parameters": [
                {
                  "Inst": "LocalVariable",
                  "VariableType": {
                    "PinCategory": "Float",
                    "PinSubCategory": "Float"
                  },
                  "VariableName": "CallFunc_Multiply_FloatFloat_ReturnValue"
                }
              ]
            },
            "StatementIndex": 392
          },
          {
            "Inst": "LetObj",
            "Variable": {
              "Inst": "LocalVariable",
              "VariableType": {
                "PinCategory": "Object",
                "PinSubCategory": "Object",
                "PinSubCategoryObject": "/Script/Engine.MaterialInstanceDynamic"
              },
              "VariableName": "CallFunc_CreateDynamicMaterialInstance_ReturnValue"
            },
            "Expression": {
              "Inst": "Context",
              "Context": {
                "Inst": "InstanceVariable",
                "VariableType": {
                  "PinCategory": "Object",
                  "PinSubCategory": "Object",
                  "PinSubCategoryObject": "/Script/Engine.StaticMeshComponent"
                },
                "VariableName": "Static Mesh"
              },
              "SkipOffsetForNull": 41,
              "RValuePropertyType": {
                "PinCategory": "Object",
                "PinSubCategory": "Object",
                "PinSubCategoryObject": "/Script/Engine.MaterialInstanceDynamic"
              },
              "RValuePropertyName": "CallFunc_CreateDynamicMaterialInstance_ReturnValue",
              "Expression": {
                "Inst": "VirtualFunction",
                "Function": "CreateDynamicMaterialInstance",
                "Parameters": [
                  {
                    "Inst": "IntConst",
                    "Value": 1
                  },
                  {
                    "Inst": "ObjectConst",
                    "Object": "/Game/Art/Environments/SpaceRig/Materials/M_SpaceRig_Light01.M_SpaceRig_Light01"
                  },
                  {
                    "Inst": "NameConst",
                    "Value": "None"
                  }
                ]
              }
            },
            "StatementIndex": 433
          },
          {
            "Inst": "LetObj",
            "Variable": {
              "Inst": "InstanceVariable",
              "VariableType": {
                "PinCategory": "Object",
                "PinSubCategory": "Object",
                "PinSubCategoryObject": "/Script/Engine.MaterialInstanceDynamic"
              },
              "VariableName": "DynamicMaterial"
            },
            "Expression": {
              "Inst": "LocalVariable",
              "VariableType": {
                "PinCategory": "Object",
                "PinSubCategory": "Object",
                "PinSubCategoryObject": "/Script/Engine.MaterialInstanceDynamic"
              },
              "VariableName": "CallFunc_CreateDynamicMaterialInstance_ReturnValue"
            },
            "StatementIndex": 506
          },
          {
            "Inst": "Let",
            "Variable": {
              "Inst": "LocalVariable",
              "VariableType": {
                "PinCategory": "Struct",
                "PinSubCategory": "Struct",
                "PinSubCategoryObject": "/Script/CoreUObject.LinearColor"
              },
              "VariableName": "CallFunc_GetLightColor_ReturnValue"
            },
            "Expression": {
              "Inst": "Context",
              "Context": {
                "Inst": "InstanceVariable",
                "VariableType": {
                  "PinCategory": "Object",
                  "PinSubCategory": "Object",
                  "PinSubCategoryObject": "/Script/Engine.PointLightComponent"
                },
                "VariableName": "PointLight"
              },
              "SkipOffsetForNull": 10,
              "RValuePropertyType": {
                "PinCategory": "Struct",
                "PinSubCategory": "Struct",
                "PinSubCategoryObject": "/Script/CoreUObject.LinearColor"
              },
              "RValuePropertyName": "CallFunc_GetLightColor_ReturnValue",
              "Expression": {
                "Inst": "FinalFunction",
                "Function": "GetLightColor",
                "Parameters": []
              }
            },
            "StatementIndex": 525
          },
          {
            "Inst": "Context",
            "Context": {
              "Inst": "InstanceVariable",
              "VariableType": {
                "PinCategory": "Object",
                "PinSubCategory": "Object",
                "PinSubCategoryObject": "/Script/Engine.MaterialInstanceDynamic"
              },
              "VariableName": "DynamicMaterial"
            },
            "SkipOffsetForNull": 32,
            "Expression": {
              "Inst": "FinalFunction",
              "Function": "SetVectorParameterValue",
              "Parameters": [
                {
                  "Inst": "NameConst",
                  "Value": "Tint"
                },
                {
                  "Inst": "LocalVariable",
                  "VariableType": {
                    "PinCategory": "Struct",
                    "PinSubCategory": "Struct",
                    "PinSubCategoryObject": "/Script/CoreUObject.LinearColor"
                  },
                  "VariableName": "CallFunc_GetLightColor_ReturnValue"
                }
              ]
            },
            "StatementIndex": 575
          },
          {
            "Inst": "Context",
            "Context": {
              "Inst": "LocalVariable",
              "VariableType": {
                "PinCategory": "Object",
                "PinSubCategory": "Object",
                "PinSubCategoryObject": "/Script/Engine.MaterialInstanceDynamic"
              },
              "VariableName": "CallFunc_CreateDynamicMaterialInstance_ReturnValue"
            },
            "SkipOffsetForNull": 32,
            "Expression": {
              "Inst": "FinalFunction",
              "Function": "SetScalarParameterValue",
              "Parameters": [
                {
                  "Inst": "NameConst",
                  "Value": "Power"
                },
                {
                  "Inst": "InstanceVariable",
                  "VariableType": {
                    "PinCategory": "Float",
                    "PinSubCategory": "Float"
                  },
                  "VariableName": "MaterialGlow"
                }
              ]
            },
            "StatementIndex": 629
          },
          {
            "Inst": "Context",
            "Context": {
              "Inst": "InstanceVariable",
              "VariableType": {
                "PinCategory": "Object",
                "PinSubCategory": "Object",
                "PinSubCategoryObject": "/Script/Engine.PointLightComponent"
              },
              "VariableName": "PointLight"
            },
            "SkipOffsetForNull": 19,
            "Expression": {
              "Inst": "FinalFunction",
              "Function": "SetAttenuationRadius",
              "Parameters": [
                {
                  "Inst": "InstanceVariable",
                  "VariableType": {
                    "PinCategory": "Float",
                    "PinSubCategory": "Float"
                  },
                  "VariableName": "Light Attenuation"
                }
              ]
            },
            "StatementIndex": 683
          },
          {
            "Inst": "Context",
            "Context": {
              "Inst": "InstanceVariable",
              "VariableType": {
                "PinCategory": "Object",
                "PinSubCategory": "Object",
                "PinSubCategoryObject": "/Script/Engine.PointLightComponent"
              },
              "VariableName": "PointLight"
            },
            "SkipOffsetForNull": 19,
            "Expression": {
              "Inst": "FinalFunction",
              "Function": "SetCastShadows",
              "Parameters": [
                {
                  "Inst": "InstanceVariable",
                  "VariableType": {
                    "PinCategory": "bool",
                    "PinSubCategory": "bool"
                  },
                  "VariableName": "Casts Shadows"
                }
              ]
            },
            "StatementIndex": 724
          },
          {
            "Inst": "Context",
            "Context": {
              "Inst": "InstanceVariable",
              "VariableType": {
                "PinCategory": "Object",
                "PinSubCategory": "Object",
                "PinSubCategoryObject": "/Script/Engine.PointLightComponent"
              },
              "VariableName": "PointLight"
            },
            "SkipOffsetForNull": 30,
            "Expression": {
              "Inst": "FinalFunction",
              "Function": "K2_AddLocalOffset",
              "Parameters": [
                {
                  "Inst": "InstanceVariable",
                  "VariableType": {
                    "PinCategory": "Struct",
                    "PinSubCategory": "Struct",
                    "PinSubCategoryObject": "/Script/CoreUObject.Vector"
                  },
                  "VariableName": "Light Offset"
                },
                {
                  "Inst": "False"
                },
                {
                  "Inst": "LocalVariable",
                  "VariableType": {
                    "PinCategory": "Struct",
                    "PinSubCategory": "Struct",
                    "PinSubCategoryObject": "/Script/Engine.HitResult"
                  },
                  "VariableName": "CallFunc_K2_AddLocalOffset_SweepHitResult"
                },
                {
                  "Inst": "False"
                }
              ]
            },
            "StatementIndex": 765
          },
          {
            "Inst": "Return",
            "Expression": {
              "Inst": "Nothing"
            },
            "StatementIndex": 817
          },
          {
            "Inst": "EndOfScript",
            "StatementIndex": 819
          }
        ],
        "FunctionFlags": "209848320"
      },
      {
        "FieldKind": "Function",
        "ObjectClass": "Function",
        "ObjectName": "ReceiveBeginPlay",
        "SuperStruct": 22,
        "Children": [],
        "ChildProperties": [],
        "Script": [
          {
            "Inst": "LocalFinalFunction",
            "Function": "ExecuteUbergraph_BP_LightPost01",
            "Parameters": [
              {
                "Inst": "IntConst",
                "Value": 705
              }
            ],
            "StatementIndex": 0
          },
          {
            "Inst": "Return",
            "Expression": {
              "Inst": "Nothing"
            },
            "StatementIndex": 15
          },
          {
            "Inst": "EndOfScript",
            "StatementIndex": 17
          }
        ],
        "FunctionFlags": "134744064"
      },
      {
        "FieldKind": "Function",
        "ObjectClass": "Function",
        "ObjectName": "ExecuteUbergraph_BP_LightPost01",
        "SuperStruct": -1,
        "Children": [],
        "ChildProperties": [
          {
            "FieldKind": "Property",
            "ObjectClass": "IntProperty",
            "ObjectName": "EntryPoint",
            "ArrayDim": 1,
            "PropertyFlags": "148",
            "RepNotifyFunc": "None",
            "BlueprintReplicationCondition": 0
          },
          {
            "FieldKind": "Property",
            "ObjectClass": "FloatProperty",
            "ObjectName": "CallFunc_RandomFloatInRange_ReturnValue",
            "ArrayDim": 1,
            "PropertyFlags": "0",
            "RepNotifyFunc": "None",
            "BlueprintReplicationCondition": 0
          },
          {
            "FieldKind": "Property",
            "ObjectClass": "FloatProperty",
            "ObjectName": "CallFunc_RandomFloatInRange_ReturnValue_1",
            "ArrayDim": 1,
            "PropertyFlags": "0",
            "RepNotifyFunc": "None",
            "BlueprintReplicationCondition": 0
          },
          {
            "FieldKind": "Property",
            "ObjectClass": "FloatProperty",
            "ObjectName": "CallFunc_Multiply_FloatFloat_ReturnValue",
            "ArrayDim": 1,
            "PropertyFlags": "0",
            "RepNotifyFunc": "None",
            "BlueprintReplicationCondition": 0
          },
          {
            "FieldKind": "Property",
            "ObjectClass": "FloatProperty",
            "ObjectName": "CallFunc_RandomFloatInRange_ReturnValue_2",
            "ArrayDim": 1,
            "PropertyFlags": "0",
            "RepNotifyFunc": "None",
            "BlueprintReplicationCondition": 0
          },
          {
            "FieldKind": "Property",
            "ObjectClass": "FloatProperty",
            "ObjectName": "CallFunc_Divide_FloatFloat_ReturnValue",
            "ArrayDim": 1,
            "PropertyFlags": "0",
            "RepNotifyFunc": "None",
            "BlueprintReplicationCondition": 0
          },
          {
            "FieldKind": "Property",
            "ObjectClass": "ObjectProperty",
            "ObjectName": "CallFunc_SpawnSoundAttached_ReturnValue",
            "ArrayDim": 1,
            "PropertyFlags": "524288",
            "RepNotifyFunc": "None",
            "BlueprintReplicationCondition": 0,
            "PropertyClass": 5
          }
        ],
        "Script": [
          {
            "Inst": "PushExecutionFlow",
            "Offset": 720,
            "StatementIndex": 0
          },
          {
            "Inst": "ComputedJump",
            "OffsetExpression": {
              "Inst": "LocalVariable",
              "VariableType": {
                "PinCategory": "int",
                "PinSubCategory": "int"
              },
              "VariableName": "EntryPoint"
            },
            "StatementIndex": 5
          },
          {
            "Inst": "Context",
            "Context": {
              "Inst": "InstanceVariable",
              "VariableType": {
                "PinCategory": "Object",
                "PinSubCategory": "Object",
                "PinSubCategoryObject": "/Script/Engine.PointLightComponent"
              },
              "VariableName": "PointLight"
            },
            "SkipOffsetForNull": 15,
            "Expression": {
              "Inst": "FinalFunction",
              "Function": "SetIntensity",
              "Parameters": [
                {
                  "Inst": "FloatConst",
                  "Value": 0.0
                }
              ]
            },
            "StatementIndex": 15
          },
          {
            "Inst": "Context",
            "Context": {
              "Inst": "InstanceVariable",
              "VariableType": {
                "PinCategory": "Object",
                "PinSubCategory": "Object",
                "PinSubCategoryObject": "/Script/Engine.MaterialInstanceDynamic"
              },
              "VariableName": "DynamicMaterial"
            },
            "SkipOffsetForNull": 28,
            "Expression": {
              "Inst": "FinalFunction",
              "Function": "SetScalarParameterValue",
              "Parameters": [
                {
                  "Inst": "NameConst",
                  "Value": "Power"
                },
                {
                  "Inst": "FloatConst",
                  "Value": 0.0
                }
              ]
            },
            "StatementIndex": 52
          },
          {
            "Inst": "Let",
            "Variable": {
              "Inst": "LocalVariable",
              "VariableType": {
                "PinCategory": "Float",
                "PinSubCategory": "Float"
              },
              "VariableName": "CallFunc_RandomFloatInRange_ReturnValue"
            },
            "Expression": {
              "Inst": "CallMath",
              "Function": "RandomFloatInRange",
              "ContextClass": "/Script/Engine.KismetMathLibrary",
              "Parameters": [
                {
                  "Inst": "FloatConst",
                  "Value": 0.1
                },
                {
                  "Inst": "FloatConst",
                  "Value": 1.0
                }
              ]
            },
            "StatementIndex": 102
          },
          {
            "Inst": "CallMath",
            "Function": "Delay",
            "ContextClass": "/Script/Engine.KismetSystemLibrary",
            "Parameters": [
              {
                "Inst": "Self"
              },
              {
                "Inst": "LocalVariable",
                "VariableType": {
                  "PinCategory": "Float",
                  "PinSubCategory": "Float"
                },
                "VariableName": "CallFunc_RandomFloatInRange_ReturnValue"
              },
              {
                "Inst": "StructConst",
                "Struct": "/Script/Engine.LatentActionInfo",
                "Properties": {
                  "Missing property name0": [
                    {
                      "Inst": "SkipOffsetConst",
                      "Value": 199
                    }
                  ],
                  "Missing property name1": [
                    {
                      "Inst": "IntConst",
                      "Value": 1588592913
                    }
                  ],
                  "Missing property name2": [
                    {
                      "Inst": "NameConst",
                      "Value": "ExecuteUbergraph_BP_LightPost01"
                    }
                  ],
                  "Missing property name3": [
                    {
                      "Inst": "Self"
                    }
                  ]
                }
              }
            ],
            "StatementIndex": 140
          },
          {
            "Inst": "PopExecutionFlow",
            "StatementIndex": 198
          },
          {
            "Inst": "Let",
            "Variable": {
              "Inst": "LocalVariable",
              "VariableType": {
                "PinCategory": "Float",
                "PinSubCategory": "Float"
              },
              "VariableName": "CallFunc_RandomFloatInRange_ReturnValue_1"
            },
            "Expression": {
              "Inst": "CallMath",
              "Function": "RandomFloatInRange",
              "ContextClass": "/Script/Engine.KismetMathLibrary",
              "Parameters": [
                {
                  "Inst": "FloatConst",
                  "Value": 500.0
                },
                {
                  "Inst": "FloatConst",
                  "Value": 2000.0
                }
              ]
            },
            "StatementIndex": 199
          },
          {
            "Inst": "Let",
            "Variable": {
              "Inst": "LocalVariable",
              "VariableType": {
                "PinCategory": "Float",
                "PinSubCategory": "Float"
              },
              "VariableName": "CallFunc_Multiply_FloatFloat_ReturnValue"
            },
            "Expression": {
              "Inst": "CallMath",
              "Function": "Multiply_FloatFloat",
              "ContextClass": "/Script/Engine.KismetMathLibrary",
              "Parameters": [
                {
                  "Inst": "InstanceVariable",
                  "VariableType": {
                    "PinCategory": "Float",
                    "PinSubCategory": "Float"
                  },
                  "VariableName": "Light Intensity"
                },
                {
                  "Inst": "LocalVariable",
                  "VariableType": {
                    "PinCategory": "Float",
                    "PinSubCategory": "Float"
                  },
                  "VariableName": "CallFunc_RandomFloatInRange_ReturnValue_1"
                }
              ]
            },
            "StatementIndex": 237
          },
          {
            "Inst": "Context",
            "Context": {
              "Inst": "InstanceVariable",
              "VariableType": {
                "PinCategory": "Object",
                "PinSubCategory": "Object",
                "PinSubCategoryObject": "/Script/Engine.PointLightComponent"
              },
              "VariableName": "PointLight"
            },
            "SkipOffsetForNull": 19,
            "Expression": {
              "Inst": "FinalFunction",
              "Function": "SetIntensity",
              "Parameters": [
                {
                  "Inst": "LocalVariable",
                  "VariableType": {
                    "PinCategory": "Float",
                    "PinSubCategory": "Float"
                  },
                  "VariableName": "CallFunc_Multiply_FloatFloat_ReturnValue"
                }
              ]
            },
            "StatementIndex": 283
          },
          {
            "Inst": "PushExecutionFlow",
            "Offset": 606,
            "StatementIndex": 324
          },
          {
            "Inst": "Let",
            "Variable": {
              "Inst": "LocalVariable",
              "VariableType": {
                "PinCategory": "Float",
                "PinSubCategory": "Float"
              },
              "VariableName": "CallFunc_RandomFloatInRange_ReturnValue_1"
            },
            "Expression": {
              "Inst": "CallMath",
              "Function": "RandomFloatInRange",
              "ContextClass": "/Script/Engine.KismetMathLibrary",
              "Parameters": [
                {
                  "Inst": "FloatConst",
                  "Value": 500.0
                },
                {
                  "Inst": "FloatConst",
                  "Value": 2000.0
                }
              ]
            },
            "StatementIndex": 329
          },
          {
            "Inst": "Let",
            "Variable": {
              "Inst": "LocalVariable",
              "VariableType": {
                "PinCategory": "Float",
                "PinSubCategory": "Float"
              },
              "VariableName": "CallFunc_Multiply_FloatFloat_ReturnValue"
            },
            "Expression": {
              "Inst": "CallMath",
              "Function": "Multiply_FloatFloat",
              "ContextClass": "/Script/Engine.KismetMathLibrary",
              "Parameters": [
                {
                  "Inst": "InstanceVariable",
                  "VariableType": {
                    "PinCategory": "Float",
                    "PinSubCategory": "Float"
                  },
                  "VariableName": "Light Intensity"
                },
                {
                  "Inst": "LocalVariable",
                  "VariableType": {
                    "PinCategory": "Float",
                    "PinSubCategory": "Float"
                  },
                  "VariableName": "CallFunc_RandomFloatInRange_ReturnValue_1"
                }
              ]
            },
            "StatementIndex": 367
          },
          {
            "Inst": "Let",
            "Variable": {
              "Inst": "LocalVariable",
              "VariableType": {
                "PinCategory": "Float",
                "PinSubCategory": "Float"
              },
              "VariableName": "CallFunc_Divide_FloatFloat_ReturnValue"
            },
            "Expression": {
              "Inst": "CallMath",
              "Function": "Divide_FloatFloat",
              "ContextClass": "/Script/Engine.KismetMathLibrary",
              "Parameters": [
                {
                  "Inst": "LocalVariable",
                  "VariableType": {
                    "PinCategory": "Float",
                    "PinSubCategory": "Float"
                  },
                  "VariableName": "CallFunc_Multiply_FloatFloat_ReturnValue"
                },
                {
                  "Inst": "FloatConst",
                  "Value": 1000.0
                }
              ]
            },
            "StatementIndex": 413
          },
          {
            "Inst": "Context",
            "Context": {
              "Inst": "InstanceVariable",
              "VariableType": {
                "PinCategory": "Object",
                "PinSubCategory": "Object",
                "PinSubCategoryObject": "/Script/Engine.MaterialInstanceDynamic"
              },
              "VariableName": "DynamicMaterial"
            },
            "SkipOffsetForNull": 32,
            "Expression": {
              "Inst": "FinalFunction",
              "Function": "SetScalarParameterValue",
              "Parameters": [
                {
                  "Inst": "NameConst",
                  "Value": "Power"
                },
                {
                  "Inst": "LocalVariable",
                  "VariableType": {
                    "PinCategory": "Float",
                    "PinSubCategory": "Float"
                  },
                  "VariableName": "CallFunc_Divide_FloatFloat_ReturnValue"
                }
              ]
            },
            "StatementIndex": 455
          },
          {
            "Inst": "Let",
            "Variable": {
              "Inst": "LocalVariable",
              "VariableType": {
                "PinCategory": "Float",
                "PinSubCategory": "Float"
              },
              "VariableName": "CallFunc_RandomFloatInRange_ReturnValue_2"
            },
            "Expression": {
              "Inst": "CallMath",
              "Function": "RandomFloatInRange",
              "ContextClass": "/Script/Engine.KismetMathLibrary",
              "Parameters": [
                {
                  "Inst": "FloatConst",
                  "Value": 0.025
                },
                {
                  "Inst": "FloatConst",
                  "Value": 0.2
                }
              ]
            },
            "StatementIndex": 509
          },
          {
            "Inst": "CallMath",
            "Function": "Delay",
            "ContextClass": "/Script/Engine.KismetSystemLibrary",
            "Parameters": [
              {
                "Inst": "Self"
              },
              {
                "Inst": "LocalVariable",
                "VariableType": {
                  "PinCategory": "Float",
                  "PinSubCategory": "Float"
                },
                "VariableName": "CallFunc_RandomFloatInRange_ReturnValue_2"
              },
              {
                "Inst": "StructConst",
                "Struct": "/Script/Engine.LatentActionInfo",
                "Properties": {
                  "Missing property name0": [
                    {
                      "Inst": "SkipOffsetConst",
                      "Value": 15
                    }
                  ],
                  "Missing property name1": [
                    {
                      "Inst": "IntConst",
                      "Value": 1195993777
                    }
                  ],
                  "Missing property name2": [
                    {
                      "Inst": "NameConst",
                      "Value": "ExecuteUbergraph_BP_LightPost01"
                    }
                  ],
                  "Missing property name3": [
                    {
                      "Inst": "Self"
                    }
                  ]
                }
              }
            ],
            "StatementIndex": 547
          },
          {
            "Inst": "PopExecutionFlow",
            "StatementIndex": 605
          },
          {
            "Inst": "LetObj",
            "Variable": {
              "Inst": "LocalVariable",
              "VariableType": {
                "PinCategory": "Object",
                "PinSubCategory": "Object",
                "PinSubCategoryObject": "/Script/Engine.AudioComponent"
              },
              "VariableName": "CallFunc_SpawnSoundAttached_ReturnValue"
            },
            "Expression": {
              "Inst": "CallMath",
              "Function": "SpawnSoundAttached",
              "ContextClass": "/Script/Engine.GameplayStatics",
              "Parameters": [
                {
                  "Inst": "ObjectConst",
                  "Object": "/Game/Audio/SFX/SpaceRig/LightUnsteady/LightUnsteady_Cue.LightUnsteady_Cue"
                },
                {
                  "Inst": "InstanceVariable",
                  "VariableType": {
                    "PinCategory": "Object",
                    "PinSubCategory": "Object",
                    "PinSubCategoryObject": "/Script/Engine.PointLightComponent"
                  },
                  "VariableName": "PointLight"
                },
                {
                  "Inst": "NameConst",
                  "Value": "None"
                },
                {
                  "Inst": "VectorConst",
                  "X": 0.0,
                  "Y": 0.0,
                  "Z": 0.0
                },
                {
                  "Inst": "RotationConst",
                  "Pitch": 0.0,
                  "Yaw": 0.0,
                  "Roll": 0.0
                },
                {
                  "Inst": "ByteConst",
                  "Value": 0
                },
                {
                  "Inst": "False"
                },
                {
                  "Inst": "FloatConst",
                  "Value": 1.0
                },
                {
                  "Inst": "FloatConst",
                  "Value": 1.0
                },
                {
                  "Inst": "FloatConst",
                  "Value": 0.0
                },
                {
                  "Inst": "NoObject"
                },
                {
                  "Inst": "NoObject"
                },
                {
                  "Inst": "True"
                }
              ]
            },
            "StatementIndex": 606
          },
          {
            "Inst": "PopExecutionFlow",
            "StatementIndex": 704
          },
          {
            "Inst": "PopExecutionFlowIfNot",
            "Condition": {
              "Inst": "InstanceVariable",
              "VariableType": {
                "PinCategory": "bool",
                "PinSubCategory": "bool"
              },
              "VariableName": "Flicker"
            },
            "StatementIndex": 705
          },
          {
            "Inst": "Jump",
            "Offset": 15,
            "StatementIndex": 715
          },
          {
            "Inst": "Return",
            "Expression": {
              "Inst": "Nothing"
            },
            "StatementIndex": 720
          },
          {
            "Inst": "EndOfScript",
            "StatementIndex": 722
          }
        ],
        "FunctionFlags": "32769"
      }
    ],
    "ChildProperties": [
      {
        "FieldKind": "Property",
        "ObjectClass": "StructProperty",
        "ObjectName": "UberGraphFrame",
        "ArrayDim": 1,
        "PropertyFlags": "2105344",
        "RepNotifyFunc": "None",
        "BlueprintReplicationCondition": 0,
        "Struct": 56
      },
      {
        "FieldKind": "Property",
        "ObjectClass": "ObjectProperty",
        "ObjectName": "Static Mesh",
        "ArrayDim": 1,
        "PropertyFlags": "17180393476",
        "RepNotifyFunc": "None",
        "BlueprintReplicationCondition": 0,
        "PropertyClass": 20
      },
      {
        "FieldKind": "Property",
        "ObjectClass": "ObjectProperty",
        "ObjectName": "Scene",
        "ArrayDim": 1,
        "PropertyFlags": "17180393476",
        "RepNotifyFunc": "None",
        "BlueprintReplicationCondition": 0,
        "PropertyClass": 16
      },
      {
        "FieldKind": "Property",
        "ObjectClass": "ObjectProperty",
        "ObjectName": "PointLight",
        "ArrayDim": 1,
        "PropertyFlags": "17180393476",
        "RepNotifyFunc": "None",
        "BlueprintReplicationCondition": 0,
        "PropertyClass": 15
      },
      {
        "FieldKind": "Property",
        "ObjectClass": "StructProperty",
        "ObjectName": "Light Color",
        "ArrayDim": 1,
        "PropertyFlags": "5",
        "RepNotifyFunc": "None",
        "BlueprintReplicationCondition": 0,
        "Struct": 52
      },
      {
        "FieldKind": "Property",
        "ObjectClass": "FloatProperty",
        "ObjectName": "Light Intensity",
        "ArrayDim": 1,
        "PropertyFlags": "5",
        "RepNotifyFunc": "None",
        "BlueprintReplicationCondition": 0
      },
      {
        "FieldKind": "Property",
        "ObjectClass": "FloatProperty",
        "ObjectName": "Light Attenuation",
        "ArrayDim": 1,
        "PropertyFlags": "5",
        "RepNotifyFunc": "None",
        "BlueprintReplicationCondition": 0
      },
      {
        "FieldKind": "Property",
        "ObjectClass": "ArrayProperty",
        "ObjectName": "Mesh",
        "ArrayDim": 1,
        "PropertyFlags": "65541",
        "RepNotifyFunc": "None",
        "BlueprintReplicationCondition": 0,
        "Inner": {
          "ObjectClass": "ObjectProperty",
          "ObjectName": "Mesh",
          "ArrayDim": 1,
          "PropertyFlags": "0",
          "RepNotifyFunc": "None",
          "BlueprintReplicationCondition": 0,
          "PropertyClass": 19
        }
      },
      {
        "FieldKind": "Property",
        "ObjectClass": "IntProperty",
        "ObjectName": "Mesh to use",
        "ArrayDim": 1,
        "PropertyFlags": "5",
        "RepNotifyFunc": "None",
        "BlueprintReplicationCondition": 0
      },
      {
        "FieldKind": "Property",
        "ObjectClass": "FloatProperty",
        "ObjectName": "MaterialGlow",
        "ArrayDim": 1,
        "PropertyFlags": "5",
        "RepNotifyFunc": "None",
        "BlueprintReplicationCondition": 0
      },
      {
        "FieldKind": "Property",
        "ObjectClass": "BoolProperty",
        "ObjectName": "Flicker",
        "ArrayDim": 1,
        "PropertyFlags": "5",
        "RepNotifyFunc": "None",
        "BlueprintReplicationCondition": 0,
        "BoolSize": 1,
        "NativeBool": true
      },
      {
        "FieldKind": "Property",
        "ObjectClass": "IntProperty",
        "ObjectName": "TimesToFlash",
        "ArrayDim": 1,
        "PropertyFlags": "65541",
        "RepNotifyFunc": "None",
        "BlueprintReplicationCondition": 0
      },
      {
        "FieldKind": "Property",
        "ObjectClass": "BoolProperty",
        "ObjectName": "Casts Shadows",
        "ArrayDim": 1,
        "PropertyFlags": "5",
        "RepNotifyFunc": "None",
        "BlueprintReplicationCondition": 0,
        "BoolSize": 1,
        "NativeBool": true
      },
      {
        "FieldKind": "Property",
        "ObjectClass": "StructProperty",
        "ObjectName": "Light Offset",
        "ArrayDim": 1,
        "PropertyFlags": "5",
        "RepNotifyFunc": "None",
        "BlueprintReplicationCondition": 0,
        "Struct": 53
      },
      {
        "FieldKind": "Property",
        "ObjectClass": "ObjectProperty",
        "ObjectName": "DynamicMaterial",
        "ArrayDim": 1,
        "PropertyFlags": "65541",
        "RepNotifyFunc": "None",
        "BlueprintReplicationCondition": 0,
        "PropertyClass": 14
      }
    ],
    "ClassFlags": "8652820",
    "ClassWithin": 3,
    "ClassConfigName": "Engine",
    "Interfaces": [],
    "ClassDefaultObject": 65,
    "AssetObjectData": {
      "SimpleConstructionScript": 73,
      "$ReferencedObjects": [
        73
      ]
    },
    "GeneratedVariableNames": [
      "PointLight",
      "Scene",
      "Static Mesh"
    ]
  },
  "ObjectHierarchy": [
    {
      "ObjectIndex": 0,
      "Type": "Import",
      "ClassPackage": "/Script/Engine",
      "ClassName": "Actor",
      "Outer": 49,
      "ObjectName": "Default__Actor"
    },
    {
      "ObjectIndex": 1,
      "Type": "Import",
      "ClassPackage": "/Script/Engine",
      "ClassName": "BlueprintGeneratedClass",
      "Outer": 49,
      "ObjectName": "Default__BlueprintGeneratedClass"
    },
    {
      "ObjectIndex": 2,
      "Type": "Import",
      "ClassPackage": "/Script/CoreUObject",
      "ClassName": "Class",
      "Outer": 48,
      "ObjectName": "Function"
    },
    {
      "ObjectIndex": 3,
      "Type": "Import",
      "ClassPackage": "/Script/CoreUObject",
      "ClassName": "Class",
      "Outer": 48,
      "ObjectName": "Object"
    },
    {
      "ObjectIndex": 4,
      "Type": "Import",
      "ClassPackage": "/Script/CoreUObject",
      "ClassName": "Class",
      "Outer": 49,
      "ObjectName": "Actor"
    },
    {
      "ObjectIndex": 5,
      "Type": "Import",
      "ClassPackage": "/Script/CoreUObject",
      "ClassName": "Class",
      "Outer": 49,
      "ObjectName": "AudioComponent"
    },
    {
      "ObjectIndex": 6,
      "Type": "Import",
      "ClassPackage": "/Script/CoreUObject",
      "ClassName": "Class",
      "Outer": 49,
      "ObjectName": "BlueprintGeneratedClass"
    },
    {
      "ObjectIndex": 7,
      "Type": "Import",
      "ClassPackage": "/Script/CoreUObject",
      "ClassName": "Class",
      "Outer": 49,
      "ObjectName": "GameplayStatics"
    },
    {
      "ObjectIndex": 8,
      "Type": "Import",
      "ClassPackage": "/Script/CoreUObject",
      "ClassName": "Class",
      "Outer": 49,
      "ObjectName": "KismetArrayLibrary"
    },
    {
      "ObjectIndex": 9,
      "Type": "Import",
      "ClassPackage": "/Script/CoreUObject",
      "ClassName": "Class",
      "Outer": 49,
      "ObjectName": "KismetMathLibrary"
    },
    {
      "ObjectIndex": 10,
      "Type": "Import",
      "ClassPackage": "/Script/CoreUObject",
      "ClassName": "Class",
      "Outer": 49,
      "ObjectName": "KismetSystemLibrary"
    },
    {
      "ObjectIndex": 11,
      "Type": "Import",
      "ClassPackage": "/Script/CoreUObject",
      "ClassName": "Class",
      "Outer": 49,
      "ObjectName": "LightComponent"
    },
    {
      "ObjectIndex": 12,
      "Type": "Import",
      "ClassPackage": "/Script/CoreUObject",
      "ClassName": "Class",
      "Outer": 49,
      "ObjectName": "LightComponentBase"
    },
    {
      "ObjectIndex": 13,
      "Type": "Import",
      "ClassPackage": "/Script/CoreUObject",
      "ClassName": "Class",
      "Outer": 49,
      "ObjectName": "LocalLightComponent"
    },
    {
      "ObjectIndex": 14,
      "Type": "Import",
      "ClassPackage": "/Script/CoreUObject",
      "ClassName": "Class",
      "Outer": 49,
      "ObjectName": "MaterialInstanceDynamic"
    },
    {
      "ObjectIndex": 15,
      "Type": "Import",
      "ClassPackage": "/Script/CoreUObject",
      "ClassName": "Class",
      "Outer": 49,
      "ObjectName": "PointLightComponent"
    },
    {
      "ObjectIndex": 16,
      "Type": "Import",
      "ClassPackage": "/Script/CoreUObject",
      "ClassName": "Class",
      "Outer": 49,
      "ObjectName": "SceneComponent"
    },
    {
      "ObjectIndex": 17,
      "Type": "Import",
      "ClassPackage": "/Script/CoreUObject",
      "ClassName": "Class",
      "Outer": 49,
      "ObjectName": "SCS_Node"
    },
    {
      "ObjectIndex": 18,
      "Type": "Import",
      "ClassPackage": "/Script/CoreUObject",
      "ClassName": "Class",
      "Outer": 49,
      "ObjectName": "SimpleConstructionScript"
    },
    {
      "ObjectIndex": 19,
      "Type": "Import",
      "ClassPackage": "/Script/CoreUObject",
      "ClassName": "Class",
      "Outer": 49,
      "ObjectName": "StaticMesh"
    },
    {
      "ObjectIndex": 20,
      "Type": "Import",
      "ClassPackage": "/Script/CoreUObject",
      "ClassName": "Class",
      "Outer": 49,
      "ObjectName": "StaticMeshComponent"
    },
    {
      "ObjectIndex": 21,
      "Type": "Import",
      "ClassPackage": "/Script/CoreUObject",
      "ClassName": "Function",
      "Outer": 48,
      "ObjectName": "Default__Function"
    },
    {
      "ObjectIndex": 22,
      "Type": "Import",
      "ClassPackage": "/Script/CoreUObject",
      "ClassName": "Function",
      "Outer": 4,
      "ObjectName": "ReceiveBeginPlay"
    },
    {
      "ObjectIndex": 23,
      "Type": "Import",
      "ClassPackage": "/Script/CoreUObject",
      "ClassName": "Function",
      "Outer": 4,
      "ObjectName": "UserConstructionScript"
    },
    {
      "ObjectIndex": 24,
      "Type": "Import",
      "ClassPackage": "/Script/CoreUObject",
      "ClassName": "Function",
      "Outer": 7,
      "ObjectName": "SpawnSoundAttached"
    },
    {
      "ObjectIndex": 25,
      "Type": "Import",
      "ClassPackage": "/Script/CoreUObject",
      "ClassName": "Function",
      "Outer": 8,
      "ObjectName": "Array_Get"
    },
    {
      "ObjectIndex": 26,
      "Type": "Import",
      "ClassPackage": "/Script/CoreUObject",
      "ClassName": "Function",
      "Outer": 8,
      "ObjectName": "Array_Length"
    },
    {
      "ObjectIndex": 27,
      "Type": "Import",
      "ClassPackage": "/Script/CoreUObject",
      "ClassName": "Function",
      "Outer": 9,
      "ObjectName": "Clamp"
    },
    {
      "ObjectIndex": 28,
      "Type": "Import",
      "ClassPackage": "/Script/CoreUObject",
      "ClassName": "Function",
      "Outer": 9,
      "ObjectName": "Divide_FloatFloat"
    },
    {
      "ObjectIndex": 29,
      "Type": "Import",
      "ClassPackage": "/Script/CoreUObject",
      "ClassName": "Function",
      "Outer": 9,
      "ObjectName": "Multiply_FloatFloat"
    },
    {
      "ObjectIndex": 30,
      "Type": "Import",
      "ClassPackage": "/Script/CoreUObject",
      "ClassName": "Function",
      "Outer": 9,
      "ObjectName": "RandomFloatInRange"
    },
    {
      "ObjectIndex": 31,
      "Type": "Import",
      "ClassPackage": "/Script/CoreUObject",
      "ClassName": "Function",
      "Outer": 9,
      "ObjectName": "Subtract_IntInt"
    },
    {
      "ObjectIndex": 32,
      "Type": "Import",
      "ClassPackage": "/Script/CoreUObject",
      "ClassName": "Function",
      "Outer": 10,
      "ObjectName": "Delay"
    },
    {
      "ObjectIndex": 33,
      "Type": "Import",
      "ClassPackage": "/Script/CoreUObject",
      "ClassName": "Function",
      "Outer": 11,
      "ObjectName": "SetIntensity"
    },
    {
      "ObjectIndex": 34,
      "Type": "Import",
      "ClassPackage": "/Script/CoreUObject",
      "ClassName": "Function",
      "Outer": 11,
      "ObjectName": "SetLightColor"
    },
    {
      "ObjectIndex": 35,
      "Type": "Import",
      "ClassPackage": "/Script/CoreUObject",
      "ClassName": "Function",
      "Outer": 12,
      "ObjectName": "GetLightColor"
    },
    {
      "ObjectIndex": 36,
      "Type": "Import",
      "ClassPackage": "/Script/CoreUObject",
      "ClassName": "Function",
      "Outer": 12,
      "ObjectName": "SetCastShadows"
    },
    {
      "ObjectIndex": 37,
      "Type": "Import",
      "ClassPackage": "/Script/CoreUObject",
      "ClassName": "Function",
      "Outer": 13,
      "ObjectName": "SetAttenuationRadius"
    },
    {
      "ObjectIndex": 38,
      "Type": "Import",
      "ClassPackage": "/Script/CoreUObject",
      "ClassName": "Function",
      "Outer": 14,
      "ObjectName": "SetScalarParameterValue"
    },
    {
      "ObjectIndex": 39,
      "Type": "Import",
      "ClassPackage": "/Script/CoreUObject",
      "ClassName": "Function",
      "Outer": 14,
      "ObjectName": "SetVectorParameterValue"
    },
    {
      "ObjectIndex": 40,
      "Type": "Import",
      "ClassPackage": "/Script/CoreUObject",
      "ClassName": "Function",
      "Outer": 16,
      "ObjectName": "K2_AddLocalOffset"
    },
    {
      "ObjectIndex": 41,
      "Type": "Import",
      "ClassPackage": "/Script/Engine",
      "ClassName": "KismetArrayLibrary",
      "Outer": 49,
      "ObjectName": "Default__KismetArrayLibrary"
    },
    {
      "ObjectIndex": 42,
      "Type": "Import",
      "ClassPackage": "/Script/Engine",
      "ClassName": "MaterialInstanceConstant",
      "Outer": 43,
      "ObjectName": "M_SpaceRig_Light01"
    },
    {
      "ObjectIndex": 43,
      "Type": "Import",
      "ClassPackage": "/Script/CoreUObject",
      "ClassName": "Package",
      "ObjectName": "/Game/Art/Environments/SpaceRig/Materials/M_SpaceRig_Light01"
    },
    {
      "ObjectIndex": 44,
      "Type": "Import",
      "ClassPackage": "/Script/CoreUObject",
      "ClassName": "Package",
      "ObjectName": "/Game/Art/Environments/SpaceRig/SM_Light01"
    },
    {
      "ObjectIndex": 45,
      "Type": "Import",
      "ClassPackage": "/Script/CoreUObject",
      "ClassName": "Package",
      "ObjectName": "/Game/Art/Environments/SpaceRig/SM_Light02"
    },
    {
      "ObjectIndex": 46,
      "Type": "Import",
      "ClassPackage": "/Script/CoreUObject",
      "ClassName": "Package",
      "ObjectName": "/Game/Art/Environments/SpaceRig/SM_Light03"
    },
    {
      "ObjectIndex": 47,
      "Type": "Import",
      "ClassPackage": "/Script/CoreUObject",
      "ClassName": "Package",
      "ObjectName": "/Game/Audio/SFX/SpaceRig/LightUnsteady/LightUnsteady_Cue"
    },
    {
      "ObjectIndex": 48,
      "Type": "Import",
      "ClassPackage": "/Script/CoreUObject",
      "ClassName": "Package",
      "ObjectName": "/Script/CoreUObject"
    },
    {
      "ObjectIndex": 49,
      "Type": "Import",
      "ClassPackage": "/Script/CoreUObject",
      "ClassName": "Package",
      "ObjectName": "/Script/Engine"
    },
    {
      "ObjectIndex": 50,
      "Type": "Import",
      "ClassPackage": "/Script/Engine",
      "ClassName": "PointLightComponent",
      "Outer": 49,
      "ObjectName": "Default__PointLightComponent"
    },
    {
      "ObjectIndex": 51,
      "Type": "Import",
      "ClassPackage": "/Script/Engine",
      "ClassName": "SceneComponent",
      "Outer": 49,
      "ObjectName": "Default__SceneComponent"
    },
    {
      "ObjectIndex": 52,
      "Type": "Import",
      "ClassPackage": "/Script/CoreUObject",
      "ClassName": "ScriptStruct",
      "Outer": 48,
      "ObjectName": "LinearColor"
    },
    {
      "ObjectIndex": 53,
      "Type": "Import",
      "ClassPackage": "/Script/CoreUObject",
      "ClassName": "ScriptStruct",
      "Outer": 48,
      "ObjectName": "Vector"
    },
    {
      "ObjectIndex": 54,
      "Type": "Import",
      "ClassPackage": "/Script/CoreUObject",
      "ClassName": "ScriptStruct",
      "Outer": 49,
      "ObjectName": "HitResult"
    },
    {
      "ObjectIndex": 55,
      "Type": "Import",
      "ClassPackage": "/Script/CoreUObject",
      "ClassName": "ScriptStruct",
      "Outer": 49,
      "ObjectName": "LatentActionInfo"
    },
    {
      "ObjectIndex": 56,
      "Type": "Import",
      "ClassPackage": "/Script/CoreUObject",
      "ClassName": "ScriptStruct",
      "Outer": 49,
      "ObjectName": "PointerToUberGraphFrame"
    },
    {
      "ObjectIndex": 57,
      "Type": "Import",
      "ClassPackage": "/Script/Engine",
      "ClassName": "SCS_Node",
      "Outer": 49,
      "ObjectName": "Default__SCS_Node"
    },
    {
      "ObjectIndex": 58,
      "Type": "Import",
      "ClassPackage": "/Script/Engine",
      "ClassName": "SimpleConstructionScript",
      "Outer": 49,
      "ObjectName": "Default__SimpleConstructionScript"
    },
    {
      "ObjectIndex": 59,
      "Type": "Import",
      "ClassPackage": "/Script/Engine",
      "ClassName": "SoundCue",
      "Outer": 47,
      "ObjectName": "LightUnsteady_Cue"
    },
    {
      "ObjectIndex": 60,
      "Type": "Import",
      "ClassPackage": "/Script/Engine",
      "ClassName": "StaticMesh",
      "Outer": 44,
      "ObjectName": "SM_Light01"
    },
    {
      "ObjectIndex": 61,
      "Type": "Import",
      "ClassPackage": "/Script/Engine",
      "ClassName": "StaticMesh",
      "Outer": 45,
      "ObjectName": "SM_Light02"
    },
    {
      "ObjectIndex": 62,
      "Type": "Import",
      "ClassPackage": "/Script/Engine",
      "ClassName": "StaticMesh",
      "Outer": 46,
      "ObjectName": "SM_Light03"
    },
    {
      "ObjectIndex": 63,
      "Type": "Import",
      "ClassPackage": "/Script/Engine",
      "ClassName": "StaticMeshComponent",
      "Outer": 49,
      "ObjectName": "Default__StaticMeshComponent"
    },
    {
      "ObjectIndex": 64,
      "Type": "Export",
      "ObjectMark": "$AssetObject$"
    },
    {
      "ObjectIndex": 65,
      "Type": "Export",
      "ObjectClass": 64,
      "Outer": -1,
      "ObjectName": "Default__BP_LightPost01_C",
      "ObjectFlags": 49,
      "Properties": {
        "UberGraphFrame": {},
        "Light Color": {
          "R": 1.0,
          "G": 0.888628,
          "B": 0.0,
          "A": 0.0
        },
        "Light Intensity": 20.0,
        "Light Attenuation": 500.0,
        "Mesh": [
          60,
          61,
          62
        ],
        "Mesh to use": 1,
        "MaterialGlow": 50.0,
        "TimesToFlash": 1,
        "Light Offset": {
          "X": 0.0,
          "Y": 0.0,
          "Z": 0.0
        },
        "$ReferencedObjects": [
          60,
          61,
          62
        ]
      }
    },
    {
      "ObjectIndex": 66,
      "Type": "Export",
      "ObjectClass": 15,
      "Outer": 64,
      "ObjectName": "PointLight_GEN_VARIABLE",
      "ObjectFlags": 41,
      "Properties": {
        "bUseInverseSquaredFalloff": false,
        "LightFalloffExponent": 2.0,
        "AttenuationRadius": 500.0,
        "Intensity": 1000.0,
        "LightColor": {
          "R": 255,
          "G": 0,
          "B": 23,
          "A": 255
        },
        "CastShadows": false,
        "$ReferencedObjects": []
      }
    },
    {
      "ObjectIndex": 67,
      "Type": "Export",
      "ObjectClass": 16,
      "Outer": 64,
      "ObjectName": "DefaultSceneRoot_GEN_VARIABLE",
      "ObjectFlags": 41,
      "Properties": {
        "$ReferencedObjects": []
      }
    },
    {
      "ObjectIndex": 68,
      "Type": "Export",
      "ObjectClass": 16,
      "Outer": 64,
      "ObjectName": "Scene_GEN_VARIABLE",
      "ObjectFlags": 41,
      "Properties": {
        "$ReferencedObjects": []
      }
    },
    {
      "ObjectIndex": 69,
      "Type": "Export",
      "ObjectClass": 17,
      "Outer": 73,
      "ObjectName": "SCS_Node_0",
      "ObjectFlags": 8,
      "Properties": {
        "ComponentClass": 16,
        "ComponentTemplate": 67,
        "VariableGuid": {
          "A": -1745621743,
          "B": 1215649970,
          "C": -2013669207,
          "D": -1221814138
        },
        "InternalVariableName": "DefaultSceneRoot",
        "$ReferencedObjects": [
          16,
          67
        ]
      }
    },
    {
      "ObjectIndex": 70,
      "Type": "Export",
      "ObjectClass": 17,
      "Outer": 73,
      "ObjectName": "SCS_Node_1",
      "ObjectFlags": 8,
      "Properties": {
        "ComponentClass": 20,
        "ComponentTemplate": 74,
        "ChildNodes": [
          71
        ],
        "VariableGuid": {
          "A": -1312799422,
          "B": 1329105679,
          "C": 1936607907,
          "D": 2087290685
        },
        "InternalVariableName": "Static Mesh",
        "$ReferencedObjects": [
          20,
          74,
          71
        ]
      }
    },
    {
      "ObjectIndex": 71,
      "Type": "Export",
      "ObjectClass": 17,
      "Outer": 73,
      "ObjectName": "SCS_Node_2",
      "ObjectFlags": 8,
      "Properties": {
        "ComponentClass": 15,
        "ComponentTemplate": 66,
        "VariableGuid": {
          "A": 1677951776,
          "B": 1287205075,
          "C": 1316067734,
          "D": 1612390010
        },
        "InternalVariableName": "PointLight",
        "$ReferencedObjects": [
          15,
          66
        ]
      }
    },
    {
      "ObjectIndex": 72,
      "Type": "Export",
      "ObjectClass": 17,
      "Outer": 73,
      "ObjectName": "SCS_Node_3",
      "ObjectFlags": 8,
      "Properties": {
        "ComponentClass": 16,
        "ComponentTemplate": 68,
        "ChildNodes": [
          70
        ],
        "VariableGuid": {
          "A": -1791036109,
          "B": 1140439332,
          "C": 1526300811,
          "D": -1259363215
        },
        "InternalVariableName": "Scene",
        "$ReferencedObjects": [
          16,
          68,
          70
        ]
      }
    },
    {
      "ObjectIndex": 73,
      "Type": "Export",
      "ObjectClass": 18,
      "Outer": 64,
      "ObjectName": "SimpleConstructionScript_0",
      "ObjectFlags": 8,
      "Properties": {
        "RootNodes": [
          72
        ],
        "AllNodes": [
          71,
          72,
          70
        ],
        "DefaultSceneRootNode": 69,
        "$ReferencedObjects": [
          72,
          71,
          70,
          69
        ]
      }
    },
    {
      "ObjectIndex": 74,
      "Type": "Export",
      "ObjectClass": 20,
      "Outer": 64,
      "ObjectName": "Static Mesh_GEN_VARIABLE",
      "ObjectFlags": 41,
      "Properties": {
        "StaticMesh": 60,
        "bUseDefaultCollision": true,
        "bGenerateOverlapEvents": false,
        "CastShadow": false,
        "BodyInstance": {
          "ObjectType": "ECC_WorldStatic",
          "CollisionProfileName": "BlockAll",
          "CollisionResponses": {
            "ResponseArray": [
              {
                "Channel": "Usable",
                "Response": "ECR_Block"
              },
              {
                "Channel": "LedgeGrab",
                "Response": "ECR_Block"
              },
              {
                "Channel": "TerrainPenetratingHitScan",
                "Response": "ECR_Block"
              }
            ]
          }
        },
        "$ReferencedObjects": [
          60
        ]
      }
    }
  ]
}