{
  "AssetClass": "Blueprint",
  "AssetPackage": "/Game/Art/Environments/SpaceRig/BP_MonitorPanel_NoMesh",
  "AssetName": "BP_MonitorPanel_NoMesh",
  "AssetSerializedData": {
    "SkipDependecies": false,
    "SuperStruct": 4,
    "Children": [
      {
        "FieldKind": "Function",
        "ObjectClass": "Function",
        "ObjectName": "ReceiveBeginPlay",
        "SuperStruct": 11,
        "Children": [],
        "ChildProperties": [],
        "Script": [
          {
            "Inst": "LocalFinalFunction",
            "Function": "ExecuteUbergraph_BP_MonitorPanel_NoMesh",
            "Parameters": [
              {
                "Inst": "IntConst",
                "Value": 10
              }
            ],
            "StatementIndex": 0
          },
          {
            "Inst": "Return",
            "Expression": {
              "Inst": "Nothing"
            },
            "StatementIndex": 15
          },
          {
            "Inst": "EndOfScript",
            "StatementIndex": 17
          }
        ],
        "FunctionFlags": "134744064"
      },
      {
        "FieldKind": "Function",
        "ObjectClass": "Function",
        "ObjectName": "ExecuteUbergraph_BP_MonitorPanel_NoMesh",
        "SuperStruct": -1,
        "Children": [],
        "ChildProperties": [
          {
            "FieldKind": "Property",
            "ObjectClass": "IntProperty",
            "ObjectName": "EntryPoint",
            "ArrayDim": 1,
            "PropertyFlags": "148",
            "RepNotifyFunc": "None",
            "BlueprintReplicationCondition": 0
          }
        ],
        "Script": [
          {
            "Inst": "ComputedJump",
            "OffsetExpression": {
              "Inst": "LocalVariable",
              "VariableType": {
                "PinCategory": "int",
                "PinSubCategory": "int"
              },
              "VariableName": "EntryPoint"
            },
            "StatementIndex": 0
          },
          {
            "Inst": "Return",
            "Expression": {
              "Inst": "Nothing"
            },
            "StatementIndex": 10
          },
          {
            "Inst": "EndOfScript",
            "StatementIndex": 12
          }
        ],
        "FunctionFlags": "32769"
      }
    ],
    "ChildProperties": [
      {
        "FieldKind": "Property",
        "ObjectClass": "StructProperty",
        "ObjectName": "UberGraphFrame",
        "ArrayDim": 1,
        "PropertyFlags": "2105344",
        "RepNotifyFunc": "None",
        "BlueprintReplicationCondition": 0,
        "Struct": 20
      },
      {
        "FieldKind": "Property",
        "ObjectClass": "ObjectProperty",
        "ObjectName": "Widget",
        "ArrayDim": 1,
        "PropertyFlags": "17180393476",
        "RepNotifyFunc": "None",
        "BlueprintReplicationCondition": 0,
        "PropertyClass": 9
      },
      {
        "FieldKind": "Property",
        "ObjectClass": "ObjectProperty",
        "ObjectName": "DefaultSceneRoot",
        "ArrayDim": 1,
        "PropertyFlags": "17180393476",
        "RepNotifyFunc": "None",
        "BlueprintReplicationCondition": 0,
        "PropertyClass": 6
      }
    ],
    "ClassFlags": "8652820",
    "ClassWithin": 3,
    "ClassConfigName": "Engine",
    "Interfaces": [],
    "ClassDefaultObject": 26,
    "AssetObjectData": {
      "SimpleConstructionScript": 30,
      "$ReferencedObjects": [
        30
      ]
    },
    "GeneratedVariableNames": [
      "DefaultSceneRoot",
      "Widget"
    ]
  },
  "ObjectHierarchy": [
    {
      "ObjectIndex": 0,
      "Type": "Import",
      "ClassPackage": "/Script/Engine",
      "ClassName": "Actor",
      "Outer": 17,
      "ObjectName": "Default__Actor"
    },
    {
      "ObjectIndex": 1,
      "Type": "Import",
      "ClassPackage": "/Script/Engine",
      "ClassName": "BlueprintGeneratedClass",
      "Outer": 17,
      "ObjectName": "Default__BlueprintGeneratedClass"
    },
    {
      "ObjectIndex": 2,
      "Type": "Import",
      "ClassPackage": "/Script/CoreUObject",
      "ClassName": "Class",
      "Outer": 16,
      "ObjectName": "Function"
    },
    {
      "ObjectIndex": 3,
      "Type": "Import",
      "ClassPackage": "/Script/CoreUObject",
      "ClassName": "Class",
      "Outer": 16,
      "ObjectName": "Object"
    },
    {
      "ObjectIndex": 4,
      "Type": "Import",
      "ClassPackage": "/Script/CoreUObject",
      "ClassName": "Class",
      "Outer": 17,
      "ObjectName": "Actor"
    },
    {
      "ObjectIndex": 5,
      "Type": "Import",
      "ClassPackage": "/Script/CoreUObject",
      "ClassName": "Class",
      "Outer": 17,
      "ObjectName": "BlueprintGeneratedClass"
    },
    {
      "ObjectIndex": 6,
      "Type": "Import",
      "ClassPackage": "/Script/CoreUObject",
      "ClassName": "Class",
      "Outer": 17,
      "ObjectName": "SceneComponent"
    },
    {
      "ObjectIndex": 7,
      "Type": "Import",
      "ClassPackage": "/Script/CoreUObject",
      "ClassName": "Class",
      "Outer": 17,
      "ObjectName": "SCS_Node"
    },
    {
      "ObjectIndex": 8,
      "Type": "Import",
      "ClassPackage": "/Script/CoreUObject",
      "ClassName": "Class",
      "Outer": 17,
      "ObjectName": "SimpleConstructionScript"
    },
    {
      "ObjectIndex": 9,
      "Type": "Import",
      "ClassPackage": "/Script/CoreUObject",
      "ClassName": "Class",
      "Outer": 18,
      "ObjectName": "WidgetComponent"
    },
    {
      "ObjectIndex": 10,
      "Type": "Import",
      "ClassPackage": "/Script/CoreUObject",
      "ClassName": "Function",
      "Outer": 16,
      "ObjectName": "Default__Function"
    },
    {
      "ObjectIndex": 11,
      "Type": "Import",
      "ClassPackage": "/Script/CoreUObject",
      "ClassName": "Function",
      "Outer": 4,
      "ObjectName": "ReceiveBeginPlay"
    },
    {
      "ObjectIndex": 12,
      "Type": "Import",
      "ClassPackage": "/Game/UI/HUD_SpaceRig/MissionReadouts/LCD_MissionReadout_Biome",
      "ClassName": "LCD_MissionReadout_Biome_C",
      "Outer": 15,
      "ObjectName": "Default__LCD_MissionReadout_Biome_C"
    },
    {
      "ObjectIndex": 13,
      "Type": "Import",
      "ClassPackage": "/Script/Engine",
      "ClassName": "MaterialInstanceConstant",
      "Outer": 14,
      "ObjectName": "M_Widget_LCD_Scanlines025"
    },
    {
      "ObjectIndex": 14,
      "Type": "Import",
      "ClassPackage": "/Script/CoreUObject",
      "ClassName": "Package",
      "ObjectName": "/Game/Art/WidgetMaterials/M_Widget_LCD_Scanlines025"
    },
    {
      "ObjectIndex": 15,
      "Type": "Import",
      "ClassPackage": "/Script/CoreUObject",
      "ClassName": "Package",
      "ObjectName": "/Game/UI/HUD_SpaceRig/MissionReadouts/LCD_MissionReadout_Biome"
    },
    {
      "ObjectIndex": 16,
      "Type": "Import",
      "ClassPackage": "/Script/CoreUObject",
      "ClassName": "Package",
      "ObjectName": "/Script/CoreUObject"
    },
    {
      "ObjectIndex": 17,
      "Type": "Import",
      "ClassPackage": "/Script/CoreUObject",
      "ClassName": "Package",
      "ObjectName": "/Script/Engine"
    },
    {
      "ObjectIndex": 18,
      "Type": "Import",
      "ClassPackage": "/Script/CoreUObject",
      "ClassName": "Package",
      "ObjectName": "/Script/UMG"
    },
    {
      "ObjectIndex": 19,
      "Type": "Import",
      "ClassPackage": "/Script/Engine",
      "ClassName": "SceneComponent",
      "Outer": 17,
      "ObjectName": "Default__SceneComponent"
    },
    {
      "ObjectIndex": 20,
      "Type": "Import",
      "ClassPackage": "/Script/CoreUObject",
      "ClassName": "ScriptStruct",
      "Outer": 17,
      "ObjectName": "PointerToUberGraphFrame"
    },
    {
      "ObjectIndex": 21,
      "Type": "Import",
      "ClassPackage": "/Script/Engine",
      "ClassName": "SCS_Node",
      "Outer": 17,
      "ObjectName": "Default__SCS_Node"
    },
    {
      "ObjectIndex": 22,
      "Type": "Import",
      "ClassPackage": "/Script/Engine",
      "ClassName": "SimpleConstructionScript",
      "Outer": 17,
      "ObjectName": "Default__SimpleConstructionScript"
    },
    {
      "ObjectIndex": 23,
      "Type": "Import",
      "ClassPackage": "/Script/UMG",
      "ClassName": "WidgetBlueprintGeneratedClass",
      "Outer": 15,
      "ObjectName": "LCD_MissionReadout_Biome_C"
    },
    {
      "ObjectIndex": 24,
      "Type": "Import",
      "ClassPackage": "/Script/UMG",
      "ClassName": "WidgetComponent",
      "Outer": 18,
      "ObjectName": "Default__WidgetComponent"
    },
    {
      "ObjectIndex": 25,
      "Type": "Export",
      "ObjectMark": "$AssetObject$"
    },
    {
      "ObjectIndex": 26,
      "Type": "Export",
      "ObjectClass": 25,
      "Outer": -1,
      "ObjectName": "Default__BP_MonitorPanel_NoMesh_C",
      "ObjectFlags": 49,
      "Properties": {
        "UberGraphFrame": {},
        "PrimaryActorTick": {
          "bStartWithTickEnabled": false
        },
        "$ReferencedObjects": []
      }
    },
    {
      "ObjectIndex": 27,
      "Type": "Export",
      "ObjectClass": 6,
      "Outer": 25,
      "ObjectName": "DefaultSceneRoot_GEN_VARIABLE",
      "ObjectFlags": 41,
      "Properties": {
        "Mobility": "EComponentMobility::Static",
        "$ReferencedObjects": []
      }
    },
    {
      "ObjectIndex": 28,
      "Type": "Export",
      "ObjectClass": 7,
      "Outer": 30,
      "ObjectName": "SCS_Node_0",
      "ObjectFlags": 8,
      "Properties": {
        "ComponentClass": 6,
        "ComponentTemplate": 27,
        "ChildNodes": [
          29
        ],
        "VariableGuid": {
          "A": -1231430284,
          "B": 1107119383,
          "C": 1211776700,
          "D": 1048887477
        },
        "InternalVariableName": "DefaultSceneRoot",
        "$ReferencedObjects": [
          6,
          27,
          29
        ]
      }
    },
    {
      "ObjectIndex": 29,
      "Type": "Export",
      "ObjectClass": 7,
      "Outer": 30,
      "ObjectName": "SCS_Node_2",
      "ObjectFlags": 8,
      "Properties": {
        "ComponentClass": 9,
        "ComponentTemplate": 31,
        "VariableGuid": {
          "A": 111954937,
          "B": 1172634798,
          "C": -1285806159,
          "D": -655244033
        },
        "InternalVariableName": "Widget",
        "$ReferencedObjects": [
          9,
          31
        ]
      }
    },
    {
      "ObjectIndex": 30,
      "Type": "Export",
      "ObjectClass": 8,
      "Outer": 25,
      "ObjectName": "SimpleConstructionScript_0",
      "ObjectFlags": 8,
      "Properties": {
        "RootNodes": [
          28
        ],
        "AllNodes": [
          28,
          29
        ],
        "DefaultSceneRootNode": 28,
        "$ReferencedObjects": [
          28,
          29
        ]
      }
    },
    {
      "ObjectIndex": 31,
      "Type": "Export",
      "ObjectClass": 9,
      "Outer": 25,
      "ObjectName": "Widget_GEN_VARIABLE",
      "ObjectFlags": 41,
      "Properties": {
        "WidgetClass": 23,
        "DrawSize": {
          "X": 500,
          "Y": 320
        },
        "WindowVisibility": "EWindowVisibility::Visible",
        "BlendMode": "EWidgetBlendMode::Opaque",
        "OverrideMaterials": [
          13
        ],
        "RelativeScale3D": {
          "X": 0.1,
          "Y": 0.1,
          "Z": 0.1
        },
        "$ReferencedObjects": [
          23,
          13
        ]
      }
    }
  ]
}