{
  "AssetClass": "Blueprint",
  "AssetPackage": "/Game/Art/Environments/SpaceRig/BP_MissionControl_MemorialHallWelcome",
  "AssetName": "BP_MissionControl_MemorialHallWelcome",
  "AssetSerializedData": {
    "SkipDependecies": false,
    "SuperStruct": 5,
    "Children": [
      {
        "FieldKind": "Function",
        "ObjectClass": "Function",
        "ObjectName": "ReceiveActorBeginOverlap",
        "SuperStruct": 16,
        "Children": [],
        "ChildProperties": [
          {
            "FieldKind": "Property",
            "ObjectClass": "ObjectProperty",
            "ObjectName": "OtherActor",
            "ArrayDim": 1,
            "PropertyFlags": "148",
            "RepNotifyFunc": "None",
            "BlueprintReplicationCondition": 0,
            "PropertyClass": 5
          }
        ],
        "Script": [
          {
            "Inst": "LetValueOnPersistentFrame",
            "PropertyName": "K2Node_Event_OtherActor",
            "PropertyType": {
              "PinCategory": "Object",
              "PinSubCategory": "Object",
              "PinSubCategoryObject": "/Script/Engine.Actor"
            },
            "Expression": {
              "Inst": "LocalVariable",
              "VariableType": {
                "PinCategory": "Object",
                "PinSubCategory": "Object",
                "PinSubCategoryObject": "/Script/Engine.Actor"
              },
              "VariableName": "OtherActor"
            },
            "StatementIndex": 0
          },
          {
            "Inst": "LocalFinalFunction",
            "Function": "ExecuteUbergraph_BP_MissionControl_MemorialHallWelcome",
            "Parameters": [
              {
                "Inst": "IntConst",
                "Value": 153
              }
            ],
            "StatementIndex": 18
          },
          {
            "Inst": "Return",
            "Expression": {
              "Inst": "Nothing"
            },
            "StatementIndex": 33
          },
          {
            "Inst": "EndOfScript",
            "StatementIndex": 35
          }
        ],
        "FunctionFlags": "134350848"
      },
      {
        "FieldKind": "Function",
        "ObjectClass": "Function",
        "ObjectName": "ExecuteUbergraph_BP_MissionControl_MemorialHallWelcome",
        "SuperStruct": -1,
        "Children": [],
        "ChildProperties": [
          {
            "FieldKind": "Property",
            "ObjectClass": "IntProperty",
            "ObjectName": "EntryPoint",
            "ArrayDim": 1,
            "PropertyFlags": "148",
            "RepNotifyFunc": "None",
            "BlueprintReplicationCondition": 0
          },
          {
            "FieldKind": "Property",
            "ObjectClass": "BoolProperty",
            "ObjectName": "Temp_bool_Has_Been_Initd_Variable",
            "ArrayDim": 1,
            "PropertyFlags": "0",
            "RepNotifyFunc": "None",
            "BlueprintReplicationCondition": 0,
            "BoolSize": 1,
            "NativeBool": true
          },
          {
            "FieldKind": "Property",
            "ObjectClass": "BoolProperty",
            "ObjectName": "CallFunc_HasAuthority_ReturnValue",
            "ArrayDim": 1,
            "PropertyFlags": "0",
            "RepNotifyFunc": "None",
            "BlueprintReplicationCondition": 0,
            "BoolSize": 1,
            "NativeBool": true
          },
          {
            "FieldKind": "Property",
            "ObjectClass": "ObjectProperty",
            "ObjectName": "K2Node_Event_OtherActor",
            "ArrayDim": 1,
            "PropertyFlags": "0",
            "RepNotifyFunc": "None",
            "BlueprintReplicationCondition": 0,
            "PropertyClass": 5
          },
          {
            "FieldKind": "Property",
            "ObjectClass": "BoolProperty",
            "ObjectName": "Temp_bool_IsClosed_Variable",
            "ArrayDim": 1,
            "PropertyFlags": "0",
            "RepNotifyFunc": "None",
            "BlueprintReplicationCondition": 0,
            "BoolSize": 1,
            "NativeBool": true
          }
        ],
        "Script": [
          {
            "Inst": "PushExecutionFlow",
            "Offset": 158,
            "StatementIndex": 0
          },
          {
            "Inst": "ComputedJump",
            "OffsetExpression": {
              "Inst": "LocalVariable",
              "VariableType": {
                "PinCategory": "int",
                "PinSubCategory": "int"
              },
              "VariableName": "EntryPoint"
            },
            "StatementIndex": 5
          },
          {
            "Inst": "PopExecutionFlowIfNot",
            "Condition": {
              "Inst": "False"
            },
            "StatementIndex": 15
          },
          {
            "Inst": "LetBool",
            "Variable": {
              "Inst": "LocalVariable",
              "VariableType": {
                "PinCategory": "bool",
                "PinSubCategory": "bool"
              },
              "VariableName": "Temp_bool_IsClosed_Variable"
            },
            "Expression": {
              "Inst": "True"
            },
            "StatementIndex": 17
          },
          {
            "Inst": "PopExecutionFlow",
            "StatementIndex": 28
          },
          {
            "Inst": "LetBool",
            "Variable": {
              "Inst": "LocalVariable",
              "VariableType": {
                "PinCategory": "bool",
                "PinSubCategory": "bool"
              },
              "VariableName": "Temp_bool_Has_Been_Initd_Variable"
            },
            "Expression": {
              "Inst": "True"
            },
            "StatementIndex": 29
          },
          {
            "Inst": "Jump",
            "Offset": 15,
            "StatementIndex": 40
          },
          {
            "Inst": "JumpIfNot",
            "Offset": 29,
            "Condition": {
              "Inst": "LocalVariable",
              "VariableType": {
                "PinCategory": "bool",
                "PinSubCategory": "bool"
              },
              "VariableName": "Temp_bool_Has_Been_Initd_Variable"
            },
            "StatementIndex": 45
          },
          {
            "Inst": "PopExecutionFlow",
            "StatementIndex": 59
          },
          {
            "Inst": "PushExecutionFlow",
            "Offset": 70,
            "StatementIndex": 60
          },
          {
            "Inst": "Jump",
            "Offset": 45,
            "StatementIndex": 65
          },
          {
            "Inst": "JumpIfNot",
            "Offset": 85,
            "Condition": {
              "Inst": "LocalVariable",
              "VariableType": {
                "PinCategory": "bool",
                "PinSubCategory": "bool"
              },
              "VariableName": "Temp_bool_IsClosed_Variable"
            },
            "StatementIndex": 70
          },
          {
            "Inst": "PopExecutionFlow",
            "StatementIndex": 84
          },
          {
            "Inst": "LetBool",
            "Variable": {
              "Inst": "LocalVariable",
              "VariableType": {
                "PinCategory": "bool",
                "PinSubCategory": "bool"
              },
              "VariableName": "Temp_bool_IsClosed_Variable"
            },
            "Expression": {
              "Inst": "True"
            },
            "StatementIndex": 85
          },
          {
            "Inst": "CallMath",
            "Function": "MissionShout",
            "ContextClass": "/Script/FSD.CommunicationComponent",
            "Parameters": [
              {
                "Inst": "Self"
              },
              {
                "Inst": "ObjectConst",
                "Object": "/Game/Character/Shouts/MissionControl/SpaceRig/Shout_Mission_SpaceRig_MemorialHall_Welcome.Shout_Mission_SpaceRig_MemorialHall_Welcome"
              },
              {
                "Inst": "False"
              }
            ],
            "StatementIndex": 96
          },
          {
            "Inst": "PopExecutionFlow",
            "StatementIndex": 117
          },
          {
            "Inst": "LetBool",
            "Variable": {
              "Inst": "LocalVariable",
              "VariableType": {
                "PinCategory": "bool",
                "PinSubCategory": "bool"
              },
              "VariableName": "CallFunc_HasAuthority_ReturnValue"
            },
            "Expression": {
              "Inst": "FinalFunction",
              "Function": "HasAuthority",
              "Parameters": []
            },
            "StatementIndex": 118
          },
          {
            "Inst": "PopExecutionFlowIfNot",
            "Condition": {
              "Inst": "LocalVariable",
              "VariableType": {
                "PinCategory": "bool",
                "PinSubCategory": "bool"
              },
              "VariableName": "CallFunc_HasAuthority_ReturnValue"
            },
            "StatementIndex": 138
          },
          {
            "Inst": "Jump",
            "Offset": 60,
            "StatementIndex": 148
          },
          {
            "Inst": "Jump",
            "Offset": 118,
            "StatementIndex": 153
          },
          {
            "Inst": "Return",
            "Expression": {
              "Inst": "Nothing"
            },
            "StatementIndex": 158
          },
          {
            "Inst": "EndOfScript",
            "StatementIndex": 160
          }
        ],
        "FunctionFlags": "32769"
      }
    ],
    "ChildProperties": [
      {
        "FieldKind": "Property",
        "ObjectClass": "StructProperty",
        "ObjectName": "UberGraphFrame",
        "ArrayDim": 1,
        "PropertyFlags": "2105344",
        "RepNotifyFunc": "None",
        "BlueprintReplicationCondition": 0,
        "Struct": 24
      },
      {
        "FieldKind": "Property",
        "ObjectClass": "ObjectProperty",
        "ObjectName": "TriggerBox",
        "ArrayDim": 1,
        "PropertyFlags": "17180393476",
        "RepNotifyFunc": "None",
        "BlueprintReplicationCondition": 0,
        "PropertyClass": 7
      },
      {
        "FieldKind": "Property",
        "ObjectClass": "ObjectProperty",
        "ObjectName": "DefaultSceneRoot",
        "ArrayDim": 1,
        "PropertyFlags": "17180393476",
        "RepNotifyFunc": "None",
        "BlueprintReplicationCondition": 0,
        "PropertyClass": 8
      }
    ],
    "ClassFlags": "8652820",
    "ClassWithin": 4,
    "ClassConfigName": "Engine",
    "Interfaces": [],
    "ClassDefaultObject": 28,
    "AssetObjectData": {
      "SimpleConstructionScript": 33,
      "$ReferencedObjects": [
        33
      ]
    },
    "GeneratedVariableNames": [
      "DefaultSceneRoot",
      "TriggerBox"
    ]
  },
  "ObjectHierarchy": [
    {
      "ObjectIndex": 0,
      "Type": "Import",
      "ClassPackage": "/Script/Engine",
      "ClassName": "Actor",
      "Outer": 20,
      "ObjectName": "Default__Actor"
    },
    {
      "ObjectIndex": 1,
      "Type": "Import",
      "ClassPackage": "/Script/Engine",
      "ClassName": "BlueprintGeneratedClass",
      "Outer": 20,
      "ObjectName": "Default__BlueprintGeneratedClass"
    },
    {
      "ObjectIndex": 2,
      "Type": "Import",
      "ClassPackage": "/Script/Engine",
      "ClassName": "BoxComponent",
      "Outer": 20,
      "ObjectName": "Default__BoxComponent"
    },
    {
      "ObjectIndex": 3,
      "Type": "Import",
      "ClassPackage": "/Script/CoreUObject",
      "ClassName": "Class",
      "Outer": 19,
      "ObjectName": "Function"
    },
    {
      "ObjectIndex": 4,
      "Type": "Import",
      "ClassPackage": "/Script/CoreUObject",
      "ClassName": "Class",
      "Outer": 19,
      "ObjectName": "Object"
    },
    {
      "ObjectIndex": 5,
      "Type": "Import",
      "ClassPackage": "/Script/CoreUObject",
      "ClassName": "Class",
      "Outer": 20,
      "ObjectName": "Actor"
    },
    {
      "ObjectIndex": 6,
      "Type": "Import",
      "ClassPackage": "/Script/CoreUObject",
      "ClassName": "Class",
      "Outer": 20,
      "ObjectName": "BlueprintGeneratedClass"
    },
    {
      "ObjectIndex": 7,
      "Type": "Import",
      "ClassPackage": "/Script/CoreUObject",
      "ClassName": "Class",
      "Outer": 20,
      "ObjectName": "BoxComponent"
    },
    {
      "ObjectIndex": 8,
      "Type": "Import",
      "ClassPackage": "/Script/CoreUObject",
      "ClassName": "Class",
      "Outer": 20,
      "ObjectName": "SceneComponent"
    },
    {
      "ObjectIndex": 9,
      "Type": "Import",
      "ClassPackage": "/Script/CoreUObject",
      "ClassName": "Class",
      "Outer": 20,
      "ObjectName": "SCS_Node"
    },
    {
      "ObjectIndex": 10,
      "Type": "Import",
      "ClassPackage": "/Script/CoreUObject",
      "ClassName": "Class",
      "Outer": 20,
      "ObjectName": "SimpleConstructionScript"
    },
    {
      "ObjectIndex": 11,
      "Type": "Import",
      "ClassPackage": "/Script/CoreUObject",
      "ClassName": "Class",
      "Outer": 21,
      "ObjectName": "CommunicationComponent"
    },
    {
      "ObjectIndex": 12,
      "Type": "Import",
      "ClassPackage": "/Script/CoreUObject",
      "ClassName": "Class",
      "Outer": 22,
      "ObjectName": "NavArea_Obstacle"
    },
    {
      "ObjectIndex": 13,
      "Type": "Import",
      "ClassPackage": "/Script/FSD",
      "ClassName": "DialogDataAsset",
      "Outer": 18,
      "ObjectName": "Shout_Mission_SpaceRig_MemorialHall_Welcome"
    },
    {
      "ObjectIndex": 14,
      "Type": "Import",
      "ClassPackage": "/Script/CoreUObject",
      "ClassName": "Function",
      "Outer": 19,
      "ObjectName": "Default__Function"
    },
    {
      "ObjectIndex": 15,
      "Type": "Import",
      "ClassPackage": "/Script/CoreUObject",
      "ClassName": "Function",
      "Outer": 5,
      "ObjectName": "HasAuthority"
    },
    {
      "ObjectIndex": 16,
      "Type": "Import",
      "ClassPackage": "/Script/CoreUObject",
      "ClassName": "Function",
      "Outer": 5,
      "ObjectName": "ReceiveActorBeginOverlap"
    },
    {
      "ObjectIndex": 17,
      "Type": "Import",
      "ClassPackage": "/Script/CoreUObject",
      "ClassName": "Function",
      "Outer": 11,
      "ObjectName": "MissionShout"
    },
    {
      "ObjectIndex": 18,
      "Type": "Import",
      "ClassPackage": "/Script/CoreUObject",
      "ClassName": "Package",
      "ObjectName": "/Game/Character/Shouts/MissionControl/SpaceRig/Shout_Mission_SpaceRig_MemorialHall_Welcome"
    },
    {
      "ObjectIndex": 19,
      "Type": "Import",
      "ClassPackage": "/Script/CoreUObject",
      "ClassName": "Package",
      "ObjectName": "/Script/CoreUObject"
    },
    {
      "ObjectIndex": 20,
      "Type": "Import",
      "ClassPackage": "/Script/CoreUObject",
      "ClassName": "Package",
      "ObjectName": "/Script/Engine"
    },
    {
      "ObjectIndex": 21,
      "Type": "Import",
      "ClassPackage": "/Script/CoreUObject",
      "ClassName": "Package",
      "ObjectName": "/Script/FSD"
    },
    {
      "ObjectIndex": 22,
      "Type": "Import",
      "ClassPackage": "/Script/CoreUObject",
      "ClassName": "Package",
      "ObjectName": "/Script/NavigationSystem"
    },
    {
      "ObjectIndex": 23,
      "Type": "Import",
      "ClassPackage": "/Script/Engine",
      "ClassName": "SceneComponent",
      "Outer": 20,
      "ObjectName": "Default__SceneComponent"
    },
    {
      "ObjectIndex": 24,
      "Type": "Import",
      "ClassPackage": "/Script/CoreUObject",
      "ClassName": "ScriptStruct",
      "Outer": 20,
      "ObjectName": "PointerToUberGraphFrame"
    },
    {
      "ObjectIndex": 25,
      "Type": "Import",
      "ClassPackage": "/Script/Engine",
      "ClassName": "SCS_Node",
      "Outer": 20,
      "ObjectName": "Default__SCS_Node"
    },
    {
      "ObjectIndex": 26,
      "Type": "Import",
      "ClassPackage": "/Script/Engine",
      "ClassName": "SimpleConstructionScript",
      "Outer": 20,
      "ObjectName": "Default__SimpleConstructionScript"
    },
    {
      "ObjectIndex": 27,
      "Type": "Export",
      "ObjectMark": "$AssetObject$"
    },
    {
      "ObjectIndex": 28,
      "Type": "Export",
      "ObjectClass": 27,
      "Outer": -1,
      "ObjectName": "Default__BP_MissionControl_MemorialHallWelcome_C",
      "ObjectFlags": 49,
      "Properties": {
        "UberGraphFrame": {},
        "$ReferencedObjects": []
      }
    },
    {
      "ObjectIndex": 29,
      "Type": "Export",
      "ObjectClass": 7,
      "Outer": 27,
      "ObjectName": "TriggerBox_GEN_VARIABLE",
      "ObjectFlags": 41,
      "Properties": {
        "AreaClass": 12,
        "BodyInstance": {
          "ObjectType": "ECC_GameTraceChannel5",
          "CollisionProfileName": "Trigger",
          "CollisionResponses": {
            "ResponseArray": [
              {
                "Channel": "WorldStatic",
                "Response": "ECR_Overlap"
              },
              {
                "Channel": "WorldDynamic",
                "Response": "ECR_Overlap"
              },
              {
                "Channel": "Pawn",
                "Response": "ECR_Overlap"
              },
              {
                "Channel": "Visibility",
                "Response": "ECR_Ignore"
              },
              {
                "Channel": "Camera",
                "Response": "ECR_Overlap"
              },
              {
                "Channel": "PhysicsBody",
                "Response": "ECR_Overlap"
              },
              {
                "Channel": "Vehicle",
                "Response": "ECR_Overlap"
              },
              {
                "Channel": "Destructible",
                "Response": "ECR_Overlap"
              },
              {
                "Channel": "Projectile",
                "Response": "ECR_Ignore"
              },
              {
                "Channel": "HitScan",
                "Response": "ECR_Ignore"
              },
              {
                "Channel": "AIPawn",
                "Response": "ECR_Overlap"
              },
              {
                "Channel": "PenetratingHitScan",
                "Response": "ECR_Ignore"
              },
              {
                "Channel": "RadialCheck",
                "Response": "ECR_Ignore"
              },
              {
                "Channel": "LaserPointer",
                "Response": "ECR_Ignore"
              },
              {
                "Channel": "Projectile_NoHit",
                "Response": "ECR_Ignore"
              },
              {
                "Channel": "Ragdoll",
                "Response": "ECR_Overlap"
              },
              {
                "Channel": "TerrainPenetratingHitScan",
                "Response": "ECR_Ignore"
              }
            ]
          }
        },
        "RelativeScale3D": {
          "X": 4.0,
          "Y": 4.0,
          "Z": 2.0
        },
        "$ReferencedObjects": [
          12
        ]
      }
    },
    {
      "ObjectIndex": 30,
      "Type": "Export",
      "ObjectClass": 8,
      "Outer": 27,
      "ObjectName": "DefaultSceneRoot_GEN_VARIABLE",
      "ObjectFlags": 41,
      "Properties": {
        "$ReferencedObjects": []
      }
    },
    {
      "ObjectIndex": 31,
      "Type": "Export",
      "ObjectClass": 9,
      "Outer": 33,
      "ObjectName": "SCS_Node_0",
      "ObjectFlags": 8,
      "Properties": {
        "ComponentClass": 8,
        "ComponentTemplate": 30,
        "ChildNodes": [
          32
        ],
        "VariableGuid": {
          "A": -1957775250,
          "B": 1141210990,
          "C": 1692318365,
          "D": -1740861268
        },
        "InternalVariableName": "DefaultSceneRoot",
        "$ReferencedObjects": [
          8,
          30,
          32
        ]
      }
    },
    {
      "ObjectIndex": 32,
      "Type": "Export",
      "ObjectClass": 9,
      "Outer": 33,
      "ObjectName": "SCS_Node_1",
      "ObjectFlags": 8,
      "Properties": {
        "ComponentClass": 7,
        "ComponentTemplate": 29,
        "VariableGuid": {
          "A": -1546107613,
          "B": 1112559786,
          "C": -1862405701,
          "D": -1123794738
        },
        "InternalVariableName": "TriggerBox",
        "$ReferencedObjects": [
          7,
          29
        ]
      }
    },
    {
      "ObjectIndex": 33,
      "Type": "Export",
      "ObjectClass": 10,
      "Outer": 27,
      "ObjectName": "SimpleConstructionScript_0",
      "ObjectFlags": 8,
      "Properties": {
        "RootNodes": [
          31
        ],
        "AllNodes": [
          31,
          32
        ],
        "DefaultSceneRootNode": 31,
        "$ReferencedObjects": [
          31,
          32
        ]
      }
    }
  ]
}