{
  "AssetClass": "Blueprint",
  "AssetPackage": "/Game/Art/Environments/SpaceRig/BP_MedbaySign",
  "AssetName": "BP_MedbaySign",
  "AssetSerializedData": {
    "SkipDependecies": false,
    "SuperStruct": 3,
    "Children": [],
    "ChildProperties": [
      {
        "FieldKind": "Property",
        "ObjectClass": "ObjectProperty",
        "ObjectName": "PointLight",
        "ArrayDim": 1,
        "PropertyFlags": "17180393476",
        "RepNotifyFunc": "None",
        "BlueprintReplicationCondition": 0,
        "PropertyClass": 5
      },
      {
        "FieldKind": "Property",
        "ObjectClass": "ObjectProperty",
        "ObjectName": "MedbaySign",
        "ArrayDim": 1,
        "PropertyFlags": "17180393476",
        "RepNotifyFunc": "None",
        "BlueprintReplicationCondition": 0,
        "PropertyClass": 9
      },
      {
        "FieldKind": "Property",
        "ObjectClass": "ObjectProperty",
        "ObjectName": "DefaultSceneRoot",
        "ArrayDim": 1,
        "PropertyFlags": "17180393476",
        "RepNotifyFunc": "None",
        "BlueprintReplicationCondition": 0,
        "PropertyClass": 6
      }
    ],
    "ClassFlags": "8652820",
    "ClassWithin": 2,
    "ClassConfigName": "Engine",
    "Interfaces": [],
    "ClassDefaultObject": 20,
    "AssetObjectData": {
      "SimpleConstructionScript": 26,
      "$ReferencedObjects": [
        26
      ]
    },
    "GeneratedVariableNames": [
      "DefaultSceneRoot",
      "MedbaySign",
      "PointLight"
    ]
  },
  "ObjectHierarchy": [
    {
      "ObjectIndex": 0,
      "Type": "Import",
      "ClassPackage": "/Script/Engine",
      "ClassName": "Actor",
      "Outer": 12,
      "ObjectName": "Default__Actor"
    },
    {
      "ObjectIndex": 1,
      "Type": "Import",
      "ClassPackage": "/Script/Engine",
      "ClassName": "BlueprintGeneratedClass",
      "Outer": 12,
      "ObjectName": "Default__BlueprintGeneratedClass"
    },
    {
      "ObjectIndex": 2,
      "Type": "Import",
      "ClassPackage": "/Script/CoreUObject",
      "ClassName": "Class",
      "Outer": 11,
      "ObjectName": "Object"
    },
    {
      "ObjectIndex": 3,
      "Type": "Import",
      "ClassPackage": "/Script/CoreUObject",
      "ClassName": "Class",
      "Outer": 12,
      "ObjectName": "Actor"
    },
    {
      "ObjectIndex": 4,
      "Type": "Import",
      "ClassPackage": "/Script/CoreUObject",
      "ClassName": "Class",
      "Outer": 12,
      "ObjectName": "BlueprintGeneratedClass"
    },
    {
      "ObjectIndex": 5,
      "Type": "Import",
      "ClassPackage": "/Script/CoreUObject",
      "ClassName": "Class",
      "Outer": 12,
      "ObjectName": "PointLightComponent"
    },
    {
      "ObjectIndex": 6,
      "Type": "Import",
      "ClassPackage": "/Script/CoreUObject",
      "ClassName": "Class",
      "Outer": 12,
      "ObjectName": "SceneComponent"
    },
    {
      "ObjectIndex": 7,
      "Type": "Import",
      "ClassPackage": "/Script/CoreUObject",
      "ClassName": "Class",
      "Outer": 12,
      "ObjectName": "SCS_Node"
    },
    {
      "ObjectIndex": 8,
      "Type": "Import",
      "ClassPackage": "/Script/CoreUObject",
      "ClassName": "Class",
      "Outer": 12,
      "ObjectName": "SimpleConstructionScript"
    },
    {
      "ObjectIndex": 9,
      "Type": "Import",
      "ClassPackage": "/Script/CoreUObject",
      "ClassName": "Class",
      "Outer": 12,
      "ObjectName": "StaticMeshComponent"
    },
    {
      "ObjectIndex": 10,
      "Type": "Import",
      "ClassPackage": "/Script/CoreUObject",
      "ClassName": "Package",
      "ObjectName": "/Game/Art/Environments/SpaceRig/SM_Medbay_Sign"
    },
    {
      "ObjectIndex": 11,
      "Type": "Import",
      "ClassPackage": "/Script/CoreUObject",
      "ClassName": "Package",
      "ObjectName": "/Script/CoreUObject"
    },
    {
      "ObjectIndex": 12,
      "Type": "Import",
      "ClassPackage": "/Script/CoreUObject",
      "ClassName": "Package",
      "ObjectName": "/Script/Engine"
    },
    {
      "ObjectIndex": 13,
      "Type": "Import",
      "ClassPackage": "/Script/Engine",
      "ClassName": "PointLightComponent",
      "Outer": 12,
      "ObjectName": "Default__PointLightComponent"
    },
    {
      "ObjectIndex": 14,
      "Type": "Import",
      "ClassPackage": "/Script/Engine",
      "ClassName": "SceneComponent",
      "Outer": 12,
      "ObjectName": "Default__SceneComponent"
    },
    {
      "ObjectIndex": 15,
      "Type": "Import",
      "ClassPackage": "/Script/Engine",
      "ClassName": "SCS_Node",
      "Outer": 12,
      "ObjectName": "Default__SCS_Node"
    },
    {
      "ObjectIndex": 16,
      "Type": "Import",
      "ClassPackage": "/Script/Engine",
      "ClassName": "SimpleConstructionScript",
      "Outer": 12,
      "ObjectName": "Default__SimpleConstructionScript"
    },
    {
      "ObjectIndex": 17,
      "Type": "Import",
      "ClassPackage": "/Script/Engine",
      "ClassName": "StaticMesh",
      "Outer": 10,
      "ObjectName": "SM_Medbay_Sign"
    },
    {
      "ObjectIndex": 18,
      "Type": "Import",
      "ClassPackage": "/Script/Engine",
      "ClassName": "StaticMeshComponent",
      "Outer": 12,
      "ObjectName": "Default__StaticMeshComponent"
    },
    {
      "ObjectIndex": 19,
      "Type": "Export",
      "ObjectMark": "$AssetObject$"
    },
    {
      "ObjectIndex": 20,
      "Type": "Export",
      "ObjectClass": 19,
      "Outer": -1,
      "ObjectName": "Default__BP_MedbaySign_C",
      "ObjectFlags": 49,
      "Properties": {
        "$ReferencedObjects": []
      }
    },
    {
      "ObjectIndex": 21,
      "Type": "Export",
      "ObjectClass": 5,
      "Outer": 19,
      "ObjectName": "PointLight_GEN_VARIABLE",
      "ObjectFlags": 41,
      "Properties": {
        "bUseInverseSquaredFalloff": false,
        "LightFalloffExponent": 2.0,
        "AttenuationRadius": 200.0,
        "Intensity": 10.0,
        "LightColor": {
          "R": 255,
          "G": 181,
          "B": 181,
          "A": 255
        },
        "CastShadows": false,
        "RelativeLocation": {
          "X": -0.000690438,
          "Y": 99.80622,
          "Z": -1.93464E-06
        },
        "$ReferencedObjects": []
      }
    },
    {
      "ObjectIndex": 22,
      "Type": "Export",
      "ObjectClass": 6,
      "Outer": 19,
      "ObjectName": "DefaultSceneRoot_GEN_VARIABLE",
      "ObjectFlags": 41,
      "Properties": {
        "$ReferencedObjects": []
      }
    },
    {
      "ObjectIndex": 23,
      "Type": "Export",
      "ObjectClass": 7,
      "Outer": 26,
      "ObjectName": "SCS_Node_0",
      "ObjectFlags": 8,
      "Properties": {
        "ComponentClass": 6,
        "ComponentTemplate": 22,
        "ChildNodes": [
          24
        ],
        "VariableGuid": {
          "A": -2141630044,
          "B": 1132962541,
          "C": -740979788,
          "D": 1684358035
        },
        "InternalVariableName": "DefaultSceneRoot",
        "$ReferencedObjects": [
          6,
          22,
          24
        ]
      }
    },
    {
      "ObjectIndex": 24,
      "Type": "Export",
      "ObjectClass": 7,
      "Outer": 26,
      "ObjectName": "SCS_Node_1",
      "ObjectFlags": 8,
      "Properties": {
        "ComponentClass": 9,
        "ComponentTemplate": 27,
        "ChildNodes": [
          25
        ],
        "VariableGuid": {
          "A": 42401254,
          "B": 1320675910,
          "C": -179062611,
          "D": 1749500199
        },
        "InternalVariableName": "MedbaySign",
        "$ReferencedObjects": [
          9,
          27,
          25
        ]
      }
    },
    {
      "ObjectIndex": 25,
      "Type": "Export",
      "ObjectClass": 7,
      "Outer": 26,
      "ObjectName": "SCS_Node_2",
      "ObjectFlags": 8,
      "Properties": {
        "ComponentClass": 5,
        "ComponentTemplate": 21,
        "VariableGuid": {
          "A": 1232469694,
          "B": 1177812316,
          "C": 1841353629,
          "D": -838044058
        },
        "InternalVariableName": "PointLight",
        "$ReferencedObjects": [
          5,
          21
        ]
      }
    },
    {
      "ObjectIndex": 26,
      "Type": "Export",
      "ObjectClass": 8,
      "Outer": 19,
      "ObjectName": "SimpleConstructionScript_0",
      "ObjectFlags": 8,
      "Properties": {
        "RootNodes": [
          23
        ],
        "AllNodes": [
          23,
          24,
          25
        ],
        "DefaultSceneRootNode": 23,
        "$ReferencedObjects": [
          23,
          24,
          25
        ]
      }
    },
    {
      "ObjectIndex": 27,
      "Type": "Export",
      "ObjectClass": 9,
      "Outer": 19,
      "ObjectName": "MedbaySign_GEN_VARIABLE",
      "ObjectFlags": 41,
      "Properties": {
        "StaticMesh": 17,
        "OverrideMaterials": [
          -1,
          -1,
          -1,
          -1
        ],
        "$ReferencedObjects": [
          17,
          -1
        ]
      }
    }
  ]
}