{
  "AssetClass": "Blueprint",
  "AssetPackage": "/Game/Art/Environments/SpaceRig/BP_Phys_Barrel01_Red",
  "AssetName": "BP_Phys_Barrel01_Red",
  "AssetSerializedData": {
    "SkipDependecies": false,
    "SuperStruct": 0,
    "Children": [],
    "ChildProperties": [],
    "ClassFlags": "8652820",
    "ClassWithin": 5,
    "ClassConfigName": "Engine",
    "Interfaces": [],
    "ClassDefaultObject": 28,
    "AssetObjectData": {
      "SimpleConstructionScript": 32,
      "InheritableComponentHandler": 29,
      "$ReferencedObjects": [
        32,
        29
      ]
    },
    "GeneratedVariableNames": []
  },
  "ObjectHierarchy": [
    {
      "ObjectIndex": 0,
      "Type": "Import",
      "ClassPackage": "/Script/Engine",
      "ClassName": "BlueprintGeneratedClass",
      "Outer": 17,
      "ObjectName": "BP_Phys_Barrel01_C"
    },
    {
      "ObjectIndex": 1,
      "Type": "Import",
      "ClassPackage": "/Script/Engine",
      "ClassName": "BlueprintGeneratedClass",
      "Outer": 21,
      "ObjectName": "Default__BlueprintGeneratedClass"
    },
    {
      "ObjectIndex": 2,
      "Type": "Import",
      "ClassPackage": "/Game/Art/Environments/SpaceRig/BP_Phys_Barrel01",
      "ClassName": "BP_Phys_Barrel01_C",
      "Outer": 17,
      "ObjectName": "Default__BP_Phys_Barrel01_C"
    },
    {
      "ObjectIndex": 3,
      "Type": "Import",
      "ClassPackage": "/Script/Engine",
      "ClassName": "CapsuleComponent",
      "Outer": 0,
      "ObjectName": "BarrelRiderCollission_GEN_VARIABLE"
    },
    {
      "ObjectIndex": 4,
      "Type": "Import",
      "ClassPackage": "/Script/Engine",
      "ClassName": "CapsuleComponent",
      "Outer": 0,
      "ObjectName": "UseCapsule_GEN_VARIABLE"
    },
    {
      "ObjectIndex": 5,
      "Type": "Import",
      "ClassPackage": "/Script/CoreUObject",
      "ClassName": "Class",
      "Outer": 20,
      "ObjectName": "Object"
    },
    {
      "ObjectIndex": 6,
      "Type": "Import",
      "ClassPackage": "/Script/CoreUObject",
      "ClassName": "Class",
      "Outer": 21,
      "ObjectName": "BlueprintGeneratedClass"
    },
    {
      "ObjectIndex": 7,
      "Type": "Import",
      "ClassPackage": "/Script/CoreUObject",
      "ClassName": "Class",
      "Outer": 21,
      "ObjectName": "InheritableComponentHandler"
    },
    {
      "ObjectIndex": 8,
      "Type": "Import",
      "ClassPackage": "/Script/CoreUObject",
      "ClassName": "Class",
      "Outer": 21,
      "ObjectName": "SceneComponent"
    },
    {
      "ObjectIndex": 9,
      "Type": "Import",
      "ClassPackage": "/Script/CoreUObject",
      "ClassName": "Class",
      "Outer": 21,
      "ObjectName": "SCS_Node"
    },
    {
      "ObjectIndex": 10,
      "Type": "Import",
      "ClassPackage": "/Script/CoreUObject",
      "ClassName": "Class",
      "Outer": 21,
      "ObjectName": "SimpleConstructionScript"
    },
    {
      "ObjectIndex": 11,
      "Type": "Import",
      "ClassPackage": "/Script/CoreUObject",
      "ClassName": "Class",
      "Outer": 21,
      "ObjectName": "StaticMeshComponent"
    },
    {
      "ObjectIndex": 12,
      "Type": "Import",
      "ClassPackage": "/Script/FSD",
      "ClassName": "GravityChangedComponent",
      "Outer": 0,
      "ObjectName": "GravityChanged_GEN_VARIABLE"
    },
    {
      "ObjectIndex": 13,
      "Type": "Import",
      "ClassPackage": "/Script/Engine",
      "ClassName": "InheritableComponentHandler",
      "Outer": 21,
      "ObjectName": "Default__InheritableComponentHandler"
    },
    {
      "ObjectIndex": 14,
      "Type": "Import",
      "ClassPackage": "/Script/FSD",
      "ClassName": "InstantUsable",
      "Outer": 0,
      "ObjectName": "InstantUsable_GEN_VARIABLE"
    },
    {
      "ObjectIndex": 15,
      "Type": "Import",
      "ClassPackage": "/Script/Engine",
      "ClassName": "MaterialInstanceConstant",
      "Outer": 18,
      "ObjectName": "M_SpaceRig_Barrel_Red"
    },
    {
      "ObjectIndex": 16,
      "Type": "Import",
      "ClassPackage": "/Script/Engine",
      "ClassName": "MaterialInstanceConstant",
      "Outer": 19,
      "ObjectName": "M_SpaceRig_BarrelRim"
    },
    {
      "ObjectIndex": 17,
      "Type": "Import",
      "ClassPackage": "/Script/CoreUObject",
      "ClassName": "Package",
      "ObjectName": "/Game/Art/Environments/SpaceRig/BP_Phys_Barrel01"
    },
    {
      "ObjectIndex": 18,
      "Type": "Import",
      "ClassPackage": "/Script/CoreUObject",
      "ClassName": "Package",
      "ObjectName": "/Game/Art/Environments/SpaceRig/Materials/Barrels/M_SpaceRig_Barrel_Red"
    },
    {
      "ObjectIndex": 19,
      "Type": "Import",
      "ClassPackage": "/Script/CoreUObject",
      "ClassName": "Package",
      "ObjectName": "/Game/Art/Environments/SpaceRig/Materials/Barrels/M_SpaceRig_BarrelRim"
    },
    {
      "ObjectIndex": 20,
      "Type": "Import",
      "ClassPackage": "/Script/CoreUObject",
      "ClassName": "Package",
      "ObjectName": "/Script/CoreUObject"
    },
    {
      "ObjectIndex": 21,
      "Type": "Import",
      "ClassPackage": "/Script/CoreUObject",
      "ClassName": "Package",
      "ObjectName": "/Script/Engine"
    },
    {
      "ObjectIndex": 22,
      "Type": "Import",
      "ClassPackage": "/Script/Engine",
      "ClassName": "SceneComponent",
      "Outer": 0,
      "ObjectName": "DefaultSceneRoot_GEN_VARIABLE"
    },
    {
      "ObjectIndex": 23,
      "Type": "Import",
      "ClassPackage": "/Script/Engine",
      "ClassName": "SceneComponent",
      "Outer": 21,
      "ObjectName": "Default__SceneComponent"
    },
    {
      "ObjectIndex": 24,
      "Type": "Import",
      "ClassPackage": "/Script/Engine",
      "ClassName": "SCS_Node",
      "Outer": 21,
      "ObjectName": "Default__SCS_Node"
    },
    {
      "ObjectIndex": 25,
      "Type": "Import",
      "ClassPackage": "/Script/Engine",
      "ClassName": "SimpleConstructionScript",
      "Outer": 21,
      "ObjectName": "Default__SimpleConstructionScript"
    },
    {
      "ObjectIndex": 26,
      "Type": "Import",
      "ClassPackage": "/Script/Engine",
      "ClassName": "StaticMeshComponent",
      "Outer": 0,
      "ObjectName": "StaticMeshComponent0_GEN_VARIABLE"
    },
    {
      "ObjectIndex": 27,
      "Type": "Export",
      "ObjectMark": "$AssetObject$"
    },
    {
      "ObjectIndex": 28,
      "Type": "Export",
      "ObjectClass": 27,
      "Outer": -1,
      "ObjectName": "Default__BP_Phys_Barrel01_Red_C",
      "ObjectFlags": 49,
      "Properties": {
        "RemoteRole": "ROLE_SimulatedProxy",
        "$ReferencedObjects": []
      }
    },
    {
      "ObjectIndex": 29,
      "Type": "Export",
      "ObjectClass": 7,
      "Outer": 27,
      "ObjectName": "InheritableComponentHandler",
      "ObjectFlags": 0,
      "Properties": {
        "Records": [
          {
            "ComponentClass": 11,
            "ComponentTemplate": 33,
            "ComponentKey": {
              "OwnerClass": 0,
              "SCSVariableName": "StaticMeshComponent0",
              "AssociatedGuid": {
                "A": -221588906,
                "B": 1229161953,
                "C": 1582116512,
                "D": -1232218840
              }
            }
          }
        ],
        "$ReferencedObjects": [
          11,
          33,
          0
        ]
      }
    },
    {
      "ObjectIndex": 30,
      "Type": "Export",
      "ObjectClass": 8,
      "Outer": 27,
      "ObjectName": "DefaultSceneRoot_GEN_VARIABLE",
      "ObjectFlags": 41,
      "Properties": {
        "$ReferencedObjects": []
      }
    },
    {
      "ObjectIndex": 31,
      "Type": "Export",
      "ObjectClass": 9,
      "Outer": 32,
      "ObjectName": "SCS_Node_0",
      "ObjectFlags": 8,
      "Properties": {
        "ComponentClass": 8,
        "ComponentTemplate": 30,
        "VariableGuid": {
          "A": -1701727072,
          "B": 1157292171,
          "C": 952712116,
          "D": -1716741040
        },
        "InternalVariableName": "DefaultSceneRoot",
        "$ReferencedObjects": [
          8,
          30
        ]
      }
    },
    {
      "ObjectIndex": 32,
      "Type": "Export",
      "ObjectClass": 10,
      "Outer": 27,
      "ObjectName": "SimpleConstructionScript_0",
      "ObjectFlags": 8,
      "Properties": {
        "DefaultSceneRootNode": 31,
        "$ReferencedObjects": [
          31
        ]
      }
    },
    {
      "ObjectIndex": 33,
      "Type": "Export",
      "ObjectClass": 11,
      "Outer": 27,
      "ObjectName": "StaticMeshComponent0_GEN_VARIABLE",
      "ObjectFlags": 4194345,
      "Properties": {
        "OverrideMaterials": [
          16,
          15
        ],
        "$ReferencedObjects": [
          16,
          15
        ]
      }
    }
  ]
}