{
  "AssetClass": "SimpleAsset",
  "AssetPackage": "/Game/Art/BaseMaterials/MF_Disintegration",
  "AssetName": "MF_Disintegration",
  "AssetSerializedData": {
    "SkipDependecies": false,
    "AssetClass": "/Script/Engine.MaterialFunction",
    "AssetObjectData": {
      "StateId": {
        "A": -361055295,
        "B": 1209511614,
        "C": -1934426737,
        "D": 1088449907
      },
      "$ReferencedObjects": []
    }
  },
  "ObjectHierarchy": [
    {
      "ObjectIndex": 0,
      "Type": "Import",
      "ClassPackage": "/Script/CoreUObject",
      "ClassName": "Class",
      "Outer": 2,
      "ObjectName": "MaterialFunction"
    },
    {
      "ObjectIndex": 1,
      "Type": "Import",
      "ClassPackage": "/Script/Engine",
      "ClassName": "MaterialFunction",
      "Outer": 2,
      "ObjectName": "Default__MaterialFunction"
    },
    {
      "ObjectIndex": 2,
      "Type": "Import",
      "ClassPackage": "/Script/CoreUObject",
      "ClassName": "Package",
      "ObjectName": "/Script/Engine"
    },
    {
      "ObjectIndex": 3,
      "Type": "Export",
      "ObjectMark": "$AssetObject$"
    }
  ]
}