{
  "AssetClass": "SimpleAsset",
  "AssetPackage": "/Game/Art/BaseMaterials/MF_Material_Transition",
  "AssetName": "MF_Material_Transition",
  "AssetSerializedData": {
    "SkipDependecies": false,
    "AssetClass": "/Script/Engine.MaterialFunction",
    "AssetObjectData": {
      "StateId": {
        "A": -1913407529,
        "B": 1260499006,
        "C": -485794921,
        "D": 1989787160
      },
      "$ReferencedObjects": []
    }
  },
  "ObjectHierarchy": [
    {
      "ObjectIndex": 0,
      "Type": "Import",
      "ClassPackage": "/Script/CoreUObject",
      "ClassName": "Class",
      "Outer": 2,
      "ObjectName": "MaterialFunction"
    },
    {
      "ObjectIndex": 1,
      "Type": "Import",
      "ClassPackage": "/Script/Engine",
      "ClassName": "MaterialFunction",
      "Outer": 2,
      "ObjectName": "Default__MaterialFunction"
    },
    {
      "ObjectIndex": 2,
      "Type": "Import",
      "ClassPackage": "/Script/CoreUObject",
      "ClassName": "Package",
      "ObjectName": "/Script/Engine"
    },
    {
      "ObjectIndex": 3,
      "Type": "Export",
      "ObjectMark": "$AssetObject$"
    }
  ]
}